symbol,reaction_date,entry_date,exit_date,entry_price,exit_price,shares,gross_ret,net_ret,invested_cash,exit_reason,regime,ret_pct
TEL,2017-01-25,2017-01-26,2017-03-10,75.29,74.61,221.0,-0.009031743923495927,-0.011012689467392645,16655.745745745746,scheduled,NORMAL,-1.1012689467392645
AAPL,2017-01-31,2017-02-01,2017-03-16,31.76,35.17,523.0,0.10736775818639788,0.10515413003778362,16627.107107107106,scheduled,NORMAL,10.515413003778363
SNPS,2017-02-15,2017-02-16,2017-03-31,71.73,72.13,233.0,0.005576467307960353,0.0035663199498117137,16729.81981981982,scheduled,NORMAL,0.3566319949811714
LRCX,2017-04-19,2017-04-20,2017-06-02,13.7,15.87,1235.0,0.15839416058394162,0.1560785306569341,16936.436436436437,scheduled,NORMAL,15.607853065693412
HON,2017-04-21,2017-04-24,2017-06-06,122.89,127.09,137.0,0.03417690617625513,0.032109586540808976,16852.782782782782,scheduled,NORMAL,3.2109586540808976
ITW,2017-04-24,2017-04-25,2017-06-07,112.83807420064424,117.4357452392578,150.0,0.04074574181794488,0.0386652910800509,16942.653783880516,scheduled,NORMAL,3.86652910800509
TMUS,2017-04-24,2017-04-25,2017-06-07,66.0,65.92,257.0,-0.00121212121212122,-0.003208698181818237,16978.97897897898,scheduled,NORMAL,-0.3208698181818237
ALGN,2017-04-27,2017-04-28,2017-06-12,139.79,143.41,122.0,0.02589598683739891,0.023845220759711294,17071.45145145145,scheduled,NORMAL,2.3845220759711294
TRMB,2017-04-27,2017-04-28,2017-06-12,34.04,36.31,501.0,0.0666862514688602,0.06455394565217398,17071.111111111113,scheduled,NORMAL,6.455394565217398
AME,2017-05-02,2017-05-03,2017-06-15,55.57795387128703,58.78652572631836,310.0,0.057731017994330225,0.05561661368935944,17246.41211221119,scheduled,NORMAL,5.561661368935944
HLT,2017-05-02,2017-05-03,2017-06-15,61.45,66.85,281.0,0.08787632221318131,0.0857016574450773,17284.734734734735,scheduled,NORMAL,8.57016574450773
MTD,2017-05-04,2017-05-05,2017-06-19,549.9,594.78,31.0,0.08161483906164757,0.0794526909983635,17063.96396396396,scheduled,NORMAL,7.9452690998363495
CI,2017-05-05,2017-05-08,2017-06-20,160.66,169.58,109.0,0.05552097597410688,0.053410989543134724,17529.46946946947,scheduled,NORMAL,5.341098954313472
MAR,2017-05-09,2017-05-10,2017-06-22,102.34,103.89,172.0,0.015145593120969192,0.013116317080320572,17620.1001001001,scheduled,NORMAL,1.3116317080320572
MCHP,2017-05-09,2017-05-10,2017-06-22,39.95,40.03,440.0,0.0020025031289110373,-4.998748434070777e-07,17595.595595595594,scheduled,NORMAL,-4.9987484340707766e-05
BA,2017-07-26,2017-07-27,2017-09-08,237.13,238.78,78.0,0.006958208577573455,0.004945299118626956,18514.654654654652,scheduled,NORMAL,0.49452991186269557
APD,2017-08-01,2017-08-02,2017-09-14,148.34,150.07,125.0,0.011662397195631558,0.0096400840636377,18561.06106106106,scheduled,NORMAL,0.9640084063637699
HUM,2017-08-02,2017-08-03,2017-09-15,241.83,249.28,76.0,0.03080676508290936,0.028746182359508765,18397.477477477478,scheduled,NORMAL,2.8746182359508765
TDY,2017-08-03,2017-08-04,2017-09-18,148.62,158.25,125.0,0.06479612434396453,0.062667596891401,18596.096096096095,scheduled,NORMAL,6.2667596891401
TSN,2017-08-07,2017-08-08,2017-09-20,66.61,65.78,279.0,-0.01246059150277734,-0.014434682780363417,18602.792792792792,scheduled,NORMAL,-1.4434682780363417
GDDY,2017-08-12,2017-08-15,2017-09-27,42.28,42.93,438.0,0.015373699148533593,0.013343967123935707,18537.17717717718,scheduled,NORMAL,1.3343967123935707
AMAT,2017-08-17,2017-08-18,2017-10-02,44.77,52.08,408.0,0.16327898146079955,0.16095358677685923,18284.444444444445,scheduled,NORMAL,16.095358677685923
PANW,2017-08-31,2017-09-01,2017-10-16,24.13,24.83,780.0,0.029009531703273916,0.026952541649399198,18840.240240240237,scheduled,NORMAL,2.6952541649399198
STZ,2017-10-05,2017-10-06,2017-11-17,209.28,216.29,92.0,0.0334957951070336,0.0314298370126147,19273.033033033033,scheduled,NORMAL,3.1429837012614703
IBKR,2017-10-17,2017-10-18,2017-11-30,12.25,14.27,1589.0,0.16489795918367345,0.16256932816326541,19484.734734734735,scheduled,NORMAL,16.25693281632654
TMUS,2017-10-22,2017-10-24,2017-12-06,61.74,62.12,315.0,0.006154842889536605,0.0041435393586004565,19467.56756756757,scheduled,NORMAL,0.41435393586004565
CAT,2017-10-24,2017-10-25,2017-12-07,137.21,142.89,142.0,0.041396399679323403,0.03931464827636466,19503.323323323322,scheduled,NORMAL,3.931464827636466
HLT,2017-10-26,2017-10-27,2017-12-11,71.8,77.47,273.0,0.07896935933147642,0.07681249958217284,19621.021021021017,scheduled,NORMAL,7.681249958217284
INTC,2017-10-26,2017-10-27,2017-12-11,43.3,43.66,453.0,0.008314087759815125,0.0062984678983835085,19634.534534534534,scheduled,NORMAL,0.6298467898383509
ODFL,2017-10-26,2017-10-27,2017-12-11,39.33,42.87,498.0,0.09000762776506477,0.08782870251716246,19605.945945945947,scheduled,NORMAL,8.782870251716247
WY,2017-10-27,2017-10-30,2017-12-12,35.61,35.63,565.0,0.0005616399887673484,-0.0014384827295703673,20139.789789789793,scheduled,NORMAL,-0.14384827295703673
XYL,2017-10-31,2017-11-01,2017-12-14,67.02,66.7,295.0,-0.004774694121157719,-0.006764149507609618,19790.690690690688,scheduled,NORMAL,-0.6764149507609618
QCOM,2017-11-01,2017-11-02,2017-12-15,53.6,64.76,372.0,0.2082089552238806,0.20579374552238794,19959.15915915916,scheduled,NORMAL,20.579374552238793
AME,2017-11-02,2017-11-03,2017-12-18,65.08494951880243,67.7437744140625,313.0,0.04085160878079752,0.03877094641484469,20391.981180565726,scheduled,NORMAL,3.8770946414844687
MSCI,2017-11-02,2017-11-03,2017-12-18,125.97,127.28,162.0,0.01039930142097334,0.008379513217432688,20427.567567567567,scheduled,NORMAL,0.8379513217432688
DAL,2018-01-11,2018-01-12,2018-02-27,59.11,53.62,363.0,-0.09287768567078336,-0.09469102317712752,21478.40840840841,scheduled,NORMAL,-9.469102317712752
PTC,2018-01-17,2018-01-18,2018-03-02,72.54,75.3,296.0,0.038047973531844415,0.0359729156327544,21493.333333333332,scheduled,NORMAL,3.59729156327544
HAL,2018-01-22,2018-01-23,2018-03-07,56.63,45.83,379.0,-0.19071163694155047,-0.19232940437930424,21484.254254254254,scheduled,NORMAL,-19.232940437930424
MKC,2018-01-25,2018-01-26,2018-03-12,52.38,55.35,404.0,0.05670103092783507,0.05458868556701035,21182.702702702703,scheduled,NORMAL,5.458868556701035
MMM,2018-01-25,2018-01-26,2018-03-12,211.89,200.49,99.0,-0.053801500778705824,-0.055692951578649175,20998.108108108107,scheduled,NORMAL,-5.569295157864918
HON,2018-01-26,2018-01-29,2018-03-13,157.84,145.06,136.0,-0.08096806893056263,-0.08280521376077032,21487.727727727728,scheduled,NORMAL,-8.280521376077033
AVY,2018-01-31,2018-02-01,2018-03-16,119.6,111.63,178.0,-0.06663879598662203,-0.0685045850334447,21310.11011011011,scheduled,NORMAL,-6.85045850334447
AME,2018-02-01,2018-02-02,2018-03-19,73.75069723757508,73.91144561767578,289.0,0.00217961844595016,0.00017626138867687935,21335.286788447644,scheduled,NORMAL,0.017626138867687935
ETN,2018-02-01,2018-02-02,2018-03-19,87.12,80.46,244.0,-0.07644628099173567,-0.07829246487603325,21278.55855855856,scheduled,NORMAL,-7.829246487603325
A,2018-02-14,2018-02-15,2018-04-02,74.94,64.43,231.0,-0.1402455297571389,-0.1419641789431545,17328.46846846847,scheduled,NORMAL,-14.196417894315449
AXON,2018-02-27,2018-02-28,2018-04-12,32.01,43.1,589.0,0.3464542330521714,0.3437626710402999,18872.762762762763,scheduled,NORMAL,34.37626710402999
BKNG,2018-02-27,2018-02-28,2018-04-12,2051.0,2085.81,9.0,0.0169722086786932,0.014939281233544488,18477.477477477478,scheduled,NORMAL,1.4939281233544488
AMD,2018-04-25,2018-04-26,2018-06-08,10.87,15.25,1875.0,0.4029438822447102,0.400139397424103,20401.651651651653,scheduled,NORMAL,40.0139397424103
BA,2018-04-25,2018-04-26,2018-06-08,344.01,369.5,59.0,0.07409668323595242,0.07194956396616359,20316.90690690691,scheduled,NORMAL,7.194956396616359
BSX,2018-04-25,2018-04-26,2018-06-08,29.57,31.95,689.0,0.08048698004734534,0.07832708657423071,20394.124124124122,scheduled,NORMAL,7.832708657423071
CMG,2018-04-25,2018-04-26,2018-06-08,7.77,9.07,2623.0,0.16731016731016735,0.16497671428571437,20401.11111111111,scheduled,NORMAL,16.497671428571437
TT,2018-04-25,2018-04-26,2018-06-08,66.19,70.36,307.0,0.06300045324067072,0.06087551533464275,20340.67067067067,scheduled,NORMAL,6.087551533464275
COP,2018-04-26,2018-04-27,2018-06-11,66.43,70.49,310.0,0.06111696522655419,0.058995792413066184,20613.913913913915,scheduled,NORMAL,5.899579241306618
DLR,2018-04-26,2018-04-27,2018-06-11,102.51,109.29,201.0,0.06613988879133736,0.0640086751536435,20625.135135135137,scheduled,NORMAL,6.40086751536435
MSFT,2018-04-26,2018-04-27,2018-06-11,97.6,101.05,211.0,0.035348360655737654,0.03327869928278693,20614.21421421421,scheduled,NORMAL,3.3278699282786928
FIS,2018-05-01,2018-05-02,2018-06-14,99.76,107.72,207.0,0.07979149959903764,0.07763299639133914,20670.99099099099,scheduled,NORMAL,7.763299639133914
ADP,2018-05-02,2018-05-03,2018-06-15,121.67,139.57,165.0,0.1471192570066573,0.14482616561190098,20095.645645645644,scheduled,NORMAL,14.482616561190099
DVN,2018-05-02,2018-05-03,2018-06-15,37.96,40.25,531.0,0.06032665964172801,0.058207066649104355,20176.936936936938,scheduled,NORMAL,5.8207066649104355
LYV,2018-05-03,2018-05-04,2018-06-18,46.16,46.97,456.0,0.017547660311958424,0.015513582538994708,21070.03003003003,scheduled,NORMAL,1.5513582538994708
JNJ,2018-07-17,2018-07-18,2018-08-29,128.81,134.86,189.0,0.04696840307429562,0.044875513236549924,24369.45945945946,scheduled,NORMAL,4.487551323654992
UAL,2018-07-18,2018-07-19,2018-08-30,80.0,86.92,305.0,0.08650000000000002,0.08432808650000001,24424.424424424426,scheduled,NORMAL,8.432808650000002
SNA,2018-07-19,2018-07-20,2018-08-31,172.58,176.78,141.0,0.024336539575848803,0.022288890833236596,24358.13813813814,scheduled,NORMAL,2.2288890833236596
HUBB,2018-07-24,2018-07-25,2018-09-06,120.51,127.75,202.0,0.060078001825574656,0.05795890589992525,24367.38738738739,scheduled,NORMAL,5.795890589992525
APH,2018-07-25,2018-07-26,2018-09-07,23.39,23.84,1042.0,0.019238991021804264,0.01720153227875154,24396.776776776776,scheduled,NORMAL,1.7201532278751541
IEX,2018-07-25,2018-07-26,2018-09-07,150.0,152.35,162.0,0.015666666666666718,0.013636348999999992,24324.324324324323,scheduled,NORMAL,1.3636348999999992
NSC,2018-07-25,2018-07-26,2018-09-07,170.5,177.1,142.0,0.038709677419354716,0.03663329677419358,24235.235235235235,scheduled,NORMAL,3.663329677419358
TT,2018-07-25,2018-07-26,2018-09-07,74.72,77.8,326.0,0.04122055674518199,0.039139156852248336,24383.103103103105,scheduled,NORMAL,3.9139156852248336
PSX,2018-07-27,2018-07-30,2018-09-11,119.57,112.55,205.0,-0.05871037885757291,-0.060592016810236626,24536.386386386384,scheduled,NORMAL,-6.059201681023662
AME,2018-07-31,2018-08-01,2018-09-13,74.03004150977429,76.86563110351562,344.0,0.03830322847201084,0.036227660318295385,25491.826105467822,scheduled,NORMAL,3.6227660318295385
ETN,2018-07-31,2018-08-01,2018-09-13,83.22,86.7,306.0,0.04181687094448461,0.03973427901946658,25490.81081081081,scheduled,NORMAL,3.973427901946658
JCI,2018-07-31,2018-08-01,2018-09-13,36.95,37.94,690.0,0.026792963464140618,0.02474040433017577,25521.021021021024,scheduled,NORMAL,2.474040433017577
AXP,2018-10-18,2018-10-19,2018-12-03,104.06,112.36,247.0,0.079761675956179,0.0776032323659428,25728.548548548548,scheduled,NORMAL,7.76032323659428
PYPL,2018-10-18,2018-10-19,2018-12-03,83.75,87.98,307.0,0.05050746268656714,0.04840749826865687,25736.986986986987,scheduled,NORMAL,4.840749826865687
NSC,2018-10-24,2018-10-25,2018-12-10,165.55,155.88,61.0,-0.058411356085774746,-0.06029359178495941,10108.65865865866,scheduled,RISK_OFF,-6.029359178495941
EME,2018-10-25,2018-10-26,2018-12-11,68.66,64.79,152.0,-0.05636469560151458,-0.05825102257500703,10446.766766766767,scheduled,RISK_OFF,-5.825102257500703
ROP,2018-10-26,2018-10-29,2018-12-12,289.33,284.35,35.0,-0.017212179863823174,-0.019176772716275492,10136.686686686686,scheduled,RISK_OFF,-1.9176772716275492
AKAM,2018-10-29,2018-10-30,2018-12-13,69.97,67.25,147.0,-0.03887380305845356,-0.0407950943261397,10295.885885885886,scheduled,RISK_OFF,-4.07950943261397
OKE,2018-10-31,2018-11-01,2018-12-17,65.92,58.6,547.0,-0.11104368932038833,-0.11282071298543672,36094.33433433433,scheduled,NORMAL,-11.282071298543672
EPAM,2018-11-01,2018-11-02,2018-12-18,128.42,117.44,281.0,-0.0855007008254165,-0.0873287849244665,36122.14214214214,scheduled,NORMAL,-8.73287849244665
GNRC,2018-11-01,2018-11-02,2018-12-18,54.43,51.43,663.0,-0.055116663604629745,-0.05700548539408412,36123.21321321321,scheduled,NORMAL,-5.7005485394084126
DXCM,2018-11-07,2018-11-08,2018-12-24,35.9,26.99,1052.0,-0.2481894150417827,-0.24969228440111413,37804.6046046046,scheduled,NORMAL,-24.96922844011141
WDAY,2018-11-29,2018-11-30,2019-01-16,155.15,165.34,219.0,0.06567837576538826,0.06354808469223339,34011.861861861864,scheduled,NORMAL,6.354808469223339
UNH,2019-01-15,2019-01-16,2019-03-01,258.73,246.15,89.0,-0.048622115719089476,-0.05052392010976692,23050.02002002002,scheduled,NORMAL,-5.052392010976692
HCA,2019-01-29,2019-01-30,2019-03-14,138.23,131.77,167.0,-0.04673370469507332,-0.048639284019387996,23107.517517517517,scheduled,NORMAL,-4.8639284019388
LHX,2019-01-29,2019-01-30,2019-03-14,155.82,160.44,148.0,0.029649595687331498,0.027591326145552486,23084.444444444445,scheduled,NORMAL,2.7591326145552486
META,2019-01-30,2019-01-31,2019-03-15,165.6,165.98,140.0,0.002294685990338108,0.0002910989130433528,23207.207207207208,scheduled,NORMAL,0.029109891304335278
COP,2019-01-31,2019-02-01,2019-03-18,68.34,67.61,341.0,-0.010681884694176191,-0.01265953160667277,23327.26726726727,scheduled,NORMAL,-1.265953160667277
DECK,2019-01-31,2019-02-01,2019-03-18,24.17,24.1,964.0,-0.002896152254861395,-0.004889362846503875,23323.203203203204,scheduled,NORMAL,-0.4889362846503875
UPS,2019-01-31,2019-02-01,2019-03-18,105.72,110.69,220.0,0.047010972379871285,0.044917997446083824,23281.681681681683,scheduled,NORMAL,4.491799744608382
AZO,2019-02-26,2019-02-27,2019-04-10,900.0,1060.17,26.0,0.17796666666666683,0.1756119113000001,23423.423423423425,scheduled,NORMAL,17.561191130000008
CSGP,2019-02-26,2019-02-27,2019-04-10,44.5,47.87,537.0,0.07573033707865173,0.07357995213483126,23920.42042042042,scheduled,NORMAL,7.357995213483126
LULU,2019-03-27,2019-03-28,2019-05-10,169.15,173.68,136.0,0.02678096364173821,0.02472842849541812,23027.42742742743,scheduled,NORMAL,2.472842849541812
DHR,2019-04-18,2019-04-22,2019-06-04,111.27,117.4,216.0,0.05509121955603491,0.05298209220814254,24058.378378378377,scheduled,NORMAL,5.298209220814254
EBAY,2019-04-23,2019-04-24,2019-06-06,38.0,36.81,634.0,-0.031315789473684186,-0.033252189210526195,24116.116116116114,scheduled,NORMAL,-3.3252189210526195
NOW,2019-04-24,2019-04-25,2019-06-07,261.02,274.55,92.0,0.05183510842081085,0.04973249003907765,24037.877877877876,scheduled,NORMAL,4.973249003907765
COF,2019-04-25,2019-04-26,2019-06-10,90.7,90.43,266.0,-0.0029768467475193017,-0.004969896030871057,24150.350350350353,scheduled,NORMAL,-0.4969896030871057
CTRA,2019-04-26,2019-04-29,2019-06-11,26.8,23.99,913.0,-0.10485074626865676,-0.10664014962686585,24492.892892892894,scheduled,NORMAL,-10.664014962686586
FIS,2019-04-30,2019-05-01,2019-06-13,115.77,120.84,210.0,0.04379372894532274,0.04170718528116102,24336.036036036036,scheduled,NORMAL,4.170718528116102
MA,2019-04-30,2019-05-01,2019-06-13,254.9,261.2,95.0,0.02471557473519015,0.02266716830129467,24239.73973973974,scheduled,NORMAL,2.266716830129467
JCI,2019-05-01,2019-05-02,2019-06-14,39.25,39.95,612.0,0.017834394904458595,0.01579974394904471,24045.045045045044,scheduled,NORMAL,1.579974394904471
LHX,2019-05-01,2019-05-02,2019-06-14,178.71,190.6,134.0,0.06653237088019681,0.06440037267080734,23971.11111111111,scheduled,NORMAL,6.440037267080734
STE,2019-05-14,2019-05-15,2019-06-27,130.8,146.54,183.0,0.12033639143730879,0.11809683899082568,23960.360360360362,scheduled,NORMAL,11.809683899082568
ADBE,2019-06-18,2019-06-19,2019-08-01,287.0,298.44,85.0,0.03986062717770045,0.03778194578397209,24419.41941941942,scheduled,NORMAL,3.7781945783972093
JBL,2019-06-18,2019-06-19,2019-08-01,28.8,30.09,852.0,0.04479166666666656,0.04270312812499988,24562.162162162163,scheduled,NORMAL,4.270312812499988
CMG,2019-07-23,2019-07-24,2019-09-05,15.21,16.76,1658.0,0.10190664036817898,0.09970392899408287,25243.423423423425,scheduled,NORMAL,9.970392899408287
LMT,2019-07-24,2019-07-25,2019-09-06,368.76,386.56,68.0,0.04826987742705291,0.046174385942076235,25100.78078078078,scheduled,NORMAL,4.6174385942076235
ESS,2019-07-25,2019-07-26,2019-09-09,299.4,325.67,84.0,0.08774215096860405,0.08556775440881781,25174.774774774774,scheduled,NORMAL,8.55677544088178
IR,2019-07-30,2019-07-31,2019-09-12,33.07,30.74,771.0,-0.0704566071968552,-0.07231476443906881,25522.492492492493,scheduled,NORMAL,-7.231476443906882
GRMN,2019-07-31,2019-08-01,2019-09-13,78.32,85.34,323.0,0.0896322778345251,0.08745410291113398,25322.68268268268,scheduled,NORMAL,8.745410291113398
LHX,2019-07-31,2019-08-01,2019-09-13,202.23,207.45,125.0,0.02581219403649304,0.02376159546061407,25304.054054054053,scheduled,NORMAL,2.376159546061407
WMB,2019-08-01,2019-08-02,2019-09-16,25.59,24.99,971.0,-0.023446658851113744,-0.02539878898007042,24872.762762762763,scheduled,NORMAL,-2.539878898007042
NVDA,2019-08-16,2019-08-19,2019-10-01,4.1,4.35,5999.0,0.060975609756097615,0.05885471951219534,24620.520520520517,scheduled,NORMAL,5.885471951219534
MDT,2019-08-20,2019-08-21,2019-10-03,106.61,106.93,235.0,0.0030015945971297864,0.0009965944095302604,25078.428428428426,scheduled,NORMAL,0.09965944095302604
DG,2019-08-29,2019-08-30,2019-10-14,156.62,161.21,163.0,0.029306601966543333,0.027249018069211983,25554.614614614617,scheduled,NORMAL,2.7249018069211983
MKC,2019-10-01,2019-10-02,2019-11-13,82.83,81.83,321.0,-0.012072920439454293,-0.014047786671495754,26615.045045045044,scheduled,NORMAL,-1.4047786671495754
ISRG,2019-10-17,2019-10-18,2019-12-02,182.33,195.79,144.0,0.07382219053364758,0.07167561997477101,26281.8018018018,scheduled,NORMAL,7.167561997477101
PG,2019-10-22,2019-10-23,2019-12-05,121.99,124.62,215.0,0.021559144192146995,0.019517047462906723,26254.104104104103,scheduled,NORMAL,1.9517047462906723
FFIV,2019-10-23,2019-10-24,2019-12-06,150.0,138.0,175.0,-0.07999999999999996,-0.08183908000000006,26276.276276276276,scheduled,NORMAL,-8.183908000000006
MSFT,2019-10-23,2019-10-24,2019-12-06,139.39,151.75,188.0,0.08867207116722864,0.08649581569696552,26231.551551551547,scheduled,NORMAL,8.64958156969655
PTC,2019-10-23,2019-10-24,2019-12-06,77.0,75.71,341.0,-0.016753246753246853,-0.018718757012987086,26283.283283283283,scheduled,NORMAL,-1.8718757012987086
RTX,2019-10-24,2019-10-25,2019-12-09,84.55,86.24,308.0,0.019988172678888194,0.01794921632170321,26067.467467467464,scheduled,NORMAL,1.794921632170321
AAPL,2019-10-30,2019-10-31,2019-12-13,61.81,68.79,423.0,0.11292671088820594,0.11070197039314023,26171.8018018018,scheduled,NORMAL,11.070197039314023
BXP,2019-10-30,2019-10-31,2019-12-13,138.38,135.11,189.0,-0.02363058245411176,-0.02558234491978617,26180.0,scheduled,NORMAL,-2.558234491978617
FTNT,2019-11-01,2019-11-04,2019-12-17,18.15,21.27,1456.0,0.17190082644628113,0.1695581966942148,26452.85285285285,scheduled,NORMAL,16.95581966942148
AXON,2019-11-07,2019-11-08,2019-12-23,61.94,72.24,450.0,0.16628995802389412,0.163958544397804,27900.900900900902,scheduled,NORMAL,16.3958544397804
AMAT,2019-11-14,2019-11-15,2019-12-31,60.33,61.04,474.0,0.011768606000331472,0.009746080556936931,28625.045045045044,scheduled,NORMAL,0.9746080556936931
UNH,2020-01-15,2020-01-16,2020-03-02,298.0,273.11,96.0,-0.08352348993288583,-0.08535552647651012,28636.63663663664,scheduled,NORMAL,-8.535552647651013
CHTR,2020-01-31,2020-02-03,2020-03-17,522.840027,393.019989,54.0,-0.2482978182540717,-0.24980047091538193,28261.62308108108,scheduled,NORMAL,-24.980047091538193
VRTX,2020-01-31,2020-02-03,2020-03-17,230.76,210.44,122.0,-0.0880568556075576,-0.08987982995319799,28180.9009009009,scheduled,NORMAL,-8.987982995319799
FIS,2020-02-13,2020-02-14,2020-03-30,154.35,125.29,187.0,-0.18827340459993513,-0.18989604606414012,28892.342342342345,scheduled,NORMAL,-18.989604606414012
GDDY,2020-02-13,2020-02-14,2020-03-30,75.13,59.16,385.0,-0.21256488752828429,-0.21413897031811535,28954.004004004004,scheduled,NORMAL,-21.413897031811537
KIM,2020-05-08,2020-05-11,2020-06-23,10.58,13.05,1165.0,0.23345935727788292,0.23099367202268417,12338.03803803804,scheduled,RISK_OFF,23.099367202268418
LMT,2020-07-21,2020-07-22,2020-09-02,376.71,398.07,33.0,0.05670144142709255,0.054589095245679786,12443.873873873872,scheduled,RISK_OFF,5.458909524567979
ARE,2020-07-27,2020-07-28,2020-09-09,172.24,162.88,73.0,-0.05434277751973993,-0.056233146307478,12586.106106106106,scheduled,RISK_OFF,-5.6233146307477995
CSGP,2020-07-28,2020-07-29,2020-09-10,93.9,79.28,133.0,-0.15569755058572954,-0.15738531118210863,12501.201201201202,scheduled,RISK_OFF,-15.738531118210863
HOLX,2020-07-29,2020-07-30,2020-09-11,69.52,62.04,181.0,-0.10759493670886067,-0.10937885443037976,12595.715715715714,scheduled,RISK_OFF,-10.937885443037976
QCOM,2020-07-29,2020-07-30,2020-09-11,102.42,113.42,123.0,0.10740089826205823,0.10518720386643232,12610.27027027027,scheduled,RISK_OFF,10.518720386643231
EA,2020-07-30,2020-07-31,2020-09-14,142.04,126.18,89.0,-0.11165868769360732,-0.11343448197690786,12654.214214214213,scheduled,RISK_OFF,-11.343448197690787
AMAT,2020-11-12,2020-11-13,2020-12-29,72.27,84.27,169.0,0.1660440016604401,0.1637130797011208,12225.855855855854,scheduled,RISK_OFF,16.37130797011208
TGT,2020-11-18,2020-11-19,2021-01-05,168.71,180.37,72.0,0.06911267856084402,0.0669755223164008,12159.27927927928,scheduled,RISK_OFF,6.69755223164008
GOOG,2021-02-02,2021-02-03,2021-03-18,103.65,101.81,120.0,-0.01775205016883752,-0.019715563820549842,12450.450450450451,scheduled,RISK_OFF,-1.9715563820549842
GOOGL,2021-02-02,2021-02-03,2021-03-18,103.28,101.07,121.0,-0.02139814097598769,-0.02335436609217678,12509.389389389391,scheduled,RISK_OFF,-2.335436609217678
COR,2021-02-04,2021-02-05,2021-03-22,112.2,116.35,245.0,0.03698752228163982,0.03491458422459903,27516.516516516516,scheduled,NORMAL,3.4914584224599032
SNA,2021-02-04,2021-02-05,2021-03-22,190.0,220.05,144.0,0.15815789473684227,0.15584273710526308,27387.38738738739,scheduled,NORMAL,15.584273710526308
LIN,2021-02-05,2021-02-08,2021-03-23,241.8294512745226,251.080078125,113.0,0.03825268924741576,0.03617722212161034,27354.08207609715,scheduled,NORMAL,3.617722212161034
J,2021-02-09,2021-02-10,2021-03-25,92.97,104.35,293.0,0.12240507690652902,0.12016138915779284,27267.477477477478,scheduled,NORMAL,12.016138915779283
ISRG,2021-04-20,2021-04-21,2021-06-03,280.31,272.22,94.0,-0.02886090399914376,-0.03080221105204939,26375.515515515515,scheduled,NORMAL,-3.080221105204939
JNJ,2021-04-20,2021-04-21,2021-06-03,166.37,166.04,159.0,-0.0019835306846186507,-0.003978565606780227,26479.309309309312,scheduled,NORMAL,-0.39785656067802266
NUE,2021-04-22,2021-04-23,2021-06-07,76.89,107.37,346.0,0.39641045649629336,0.3936190319937576,26630.57057057057,scheduled,NORMAL,39.36190319937576
POOL,2021-04-22,2021-04-23,2021-06-07,411.28,435.55,64.0,0.059010892822408234,0.05689393004765608,26348.268268268268,scheduled,NORMAL,5.689393004765608
STX,2021-04-22,2021-04-23,2021-06-07,83.49,98.65,318.0,0.1815786321715176,0.17921665648580665,26576.396396396398,scheduled,NORMAL,17.921665648580664
GOOGL,2021-04-27,2021-04-28,2021-06-10,119.62,121.76,228.0,0.01788998495234906,0.015855222872429353,27300.660660660662,scheduled,NORMAL,1.5855222872429353
MDLZ,2021-04-27,2021-04-28,2021-06-10,60.44,63.63,452.0,0.05277961614824633,0.05067510969556599,27346.226226226223,scheduled,NORMAL,5.067510969556599
MMC,2021-04-27,2021-04-28,2021-06-10,132.94,138.49,205.0,0.0417481570633369,0.03966570249736723,27279.97997997998,scheduled,NORMAL,3.966570249736723
EQIX,2021-04-29,2021-04-30,2021-06-14,642.1061460388456,754.6187133789062,43.0,0.17522424919018587,0.1728749759160546,27638.202482152516,scheduled,NORMAL,17.28749759160546
FTNT,2021-04-29,2021-04-30,2021-06-14,39.63,46.29,710.0,0.16805450416351242,0.16571956320968972,28165.46546546547,scheduled,NORMAL,16.571956320968972
AMCR,2021-05-04,2021-05-05,2021-06-17,12.1,11.54,2295.0,-0.046280991735537236,-0.04818747603305784,27797.297297297297,scheduled,NORMAL,-4.818747603305784
CRL,2021-05-04,2021-05-05,2021-06-17,343.18,357.78,80.0,0.042543271752433,0.04045922775219979,27481.881881881884,scheduled,NORMAL,4.045922775219979
STT,2021-07-16,2021-07-19,2021-08-30,82.23,92.51,188.0,0.1250152012647452,0.12276629587741694,15474.714714714717,scheduled,NORMAL,12.276629587741695
CMG,2021-07-20,2021-07-21,2021-09-01,33.14,37.97,977.0,0.1457453228726613,0.14345497797223916,32410.190190190187,scheduled,NORMAL,14.345497797223917
MMC,2021-07-22,2021-07-23,2021-09-03,146.65,159.5,222.0,0.08762359359018057,0.08544943402659388,32588.88888888889,scheduled,NORMAL,8.544943402659388
FISV,2021-07-27,2021-07-28,2021-09-09,115.14,115.01,285.0,-0.001129060274448479,-0.0031258032829599713,32847.74774774775,scheduled,NORMAL,-0.31258032829599713
PNR,2021-07-27,2021-07-28,2021-09-09,72.39,76.2,454.0,0.05263157894736836,0.050527368421052765,32897.95795795796,scheduled,NORMAL,5.0527368421052765
BG,2021-07-28,2021-07-29,2021-09-10,79.28,76.14,410.0,-0.039606458123107924,-0.04152628481331988,32537.337337337336,scheduled,NORMAL,-4.152628481331988
BMY,2021-07-28,2021-07-29,2021-09-10,69.0,63.13,471.0,-0.08507246376811595,-0.08690140391304357,32531.53153153153,scheduled,NORMAL,-8.690140391304357
CTSH,2021-07-28,2021-07-29,2021-09-10,74.97,76.26,433.0,0.017206882753101338,0.015173486194477892,32494.504504504504,scheduled,NORMAL,1.5173486194477892
TDY,2021-07-28,2021-07-29,2021-09-10,457.72,432.82,71.0,-0.054400069911736515,-0.056290324171982875,32530.650650650652,scheduled,NORMAL,-5.629032417198287
LIN,2021-07-30,2021-08-02,2021-09-14,290.3865832294812,294.4000549316406,112.0,0.013821133392336371,0.011794504946685214,32555.853174876767,scheduled,NORMAL,1.1794504946685214
ETN,2021-08-03,2021-08-04,2021-09-16,163.07,159.29,211.0,-0.02318022934935915,-0.025132892070889867,34442.21221221221,scheduled,NORMAL,-2.5132892070889867
WTW,2021-08-03,2021-08-04,2021-09-16,213.0,234.05,161.0,0.09882629107981233,0.09662973732394353,34327.32732732733,scheduled,NORMAL,9.662973732394352
POOL,2021-10-21,2021-10-22,2021-12-06,501.3,547.95,64.0,0.09305804907241177,0.09087302603231606,32115.315315315314,scheduled,NORMAL,9.087302603231606
GOOGL,2021-10-26,2021-10-27,2021-12-09,139.41,147.64,230.0,0.0590345025464456,0.056917492575855544,32096.396396396394,scheduled,NORMAL,5.691749257585554
MSFT,2021-10-26,2021-10-27,2021-12-09,316.0,333.1,101.0,0.05411392405063298,0.05200675031645585,31947.94794794795,scheduled,NORMAL,5.200675031645585
BG,2021-10-27,2021-10-28,2021-12-10,91.29,86.91,355.0,-0.04797896812356239,-0.04988205816628344,32440.390390390392,scheduled,NORMAL,-4.988205816628344
KLAC,2021-10-27,2021-10-28,2021-12-10,366.44,410.69,88.0,0.12075646763453762,0.11851607545573617,32278.998998999,scheduled,NORMAL,11.851607545573618
TXT,2021-10-28,2021-10-29,2021-12-13,72.09,73.13,452.0,0.01442641143015666,0.012398573033707727,32617.297297297297,scheduled,NORMAL,1.2398573033707727
FE,2021-10-29,2021-11-01,2021-12-14,32.43240367563351,33.93782424926758,1020.0,0.04641717551033975,0.044325387576494624,33114.16591506124,scheduled,NORMAL,4.432538757649462
MCK,2021-11-01,2021-11-02,2021-12-15,216.2,232.29,151.0,0.07442183163737282,0.0722740623959297,32678.878878878877,scheduled,NORMAL,7.227406239592971
AKAM,2021-11-02,2021-11-03,2021-12-16,107.0,116.83,315.0,0.09186915887850455,0.08968651242990666,33738.738738738735,scheduled,NORMAL,8.968651242990667
AME,2021-11-02,2021-11-03,2021-12-16,136.29190946013642,140.09014892578125,248.0,0.02786841479211777,0.02581370583094822,33834.22777388772,scheduled,NORMAL,2.581370583094822
IT,2021-11-02,2021-11-03,2021-12-16,336.69,326.6,100.0,-0.02996822002435462,-0.03190731355252585,33702.7027027027,scheduled,NORMAL,-3.190731355252585
TMUS,2021-11-02,2021-11-03,2021-12-16,122.12,120.58,276.0,-0.012610547002947947,-0.014584338519488926,33738.85885885886,scheduled,NORMAL,-1.4584338519488926
TMUS,2022-02-02,2022-02-03,2022-03-18,120.0,127.18,143.0,0.059833333333333405,0.05771472649999998,17177.17717717718,scheduled,RISK_OFF,5.771472649999998
BDX,2022-02-03,2022-02-04,2022-03-21,260.31,260.89,66.0,0.0022281126349352753,0.0002246586377780968,17197.657657657655,scheduled,RISK_OFF,0.02246586377780968
ON,2022-02-07,2022-02-08,2022-03-23,62.125,60.39,611.0,-0.02792756539235408,-0.02987073818913477,37996.37137137137,scheduled,RISK_OFF,-2.987073818913477
CMG,2022-02-08,2022-02-09,2022-03-24,31.51,31.32,1216.0,-0.006029831799428842,-0.00801677816566193,38354.51451451452,scheduled,NORMAL,-0.8016778165661931
OMC,2022-02-08,2022-02-09,2022-03-24,89.3,83.99,429.0,-0.05946248600223969,-0.06134262049272121,38348.04804804805,scheduled,NORMAL,-6.134262049272121
TTWO,2022-05-16,2022-05-17,2022-06-30,119.88,122.53,141.0,0.02210543877210558,0.02006225000000006,16919.999999999996,scheduled,RISK_OFF,2.006225000000006
UNH,2022-07-15,2022-07-18,2022-08-29,531.0,529.77,32.0,-0.0023163841807909424,-0.00431075372881351,17009.00900900901,scheduled,RISK_OFF,-0.431075372881351
CDNS,2022-07-25,2022-07-26,2022-09-07,170.54,170.89,99.0,0.0020523044447049443,4.920188812018722e-05,16900.36036036036,scheduled,RISK_OFF,0.004920188812018722
CMG,2022-07-26,2022-07-27,2022-09-08,28.67,34.14,594.0,0.19079176839902323,0.1884113756539938,17047.027027027027,scheduled,RISK_OFF,18.84113756539938
BXP,2022-07-27,2022-07-28,2022-09-09,89.44,85.8,190.0,-0.04069767441860461,-0.042615319767441706,17010.61061061061,scheduled,RISK_OFF,-4.261531976744171
EQIX,2022-07-27,2022-07-28,2022-09-09,632.0000866647566,615.0186767578125,26.0,-0.026869315788483283,-0.028814604026222157,16448.450703987663,scheduled,RISK_OFF,-2.8814604026222157
TEL,2022-07-27,2022-07-28,2022-09-09,129.58,129.04,131.0,-0.004167309770026439,-0.006157979317796269,16991.971971971976,scheduled,RISK_OFF,-0.6157979317796269
GWW,2022-07-29,2022-08-01,2022-09-13,540.99,557.15,32.0,0.02987116212869001,0.027812449675594708,17329.00900900901,scheduled,NORMAL,2.781244967559471
CTVA,2022-08-05,2022-08-08,2022-09-20,59.31,61.4,880.0,0.03523857696847066,0.0331691350531107,52245.045045045044,scheduled,NORMAL,3.31691350531107
KEYS,2022-08-17,2022-08-18,2022-09-30,176.55,157.36,304.0,-0.10869442084395353,-0.11047614069668654,53724.924924924926,scheduled,NORMAL,-11.047614069668654
EME,2022-10-27,2022-10-28,2022-12-12,135.59,149.43,124.0,0.10207242422007523,0.09986938144405921,16829.98998998999,scheduled,RISK_OFF,9.986938144405922
HON,2022-10-27,2022-10-28,2022-12-12,199.0,214.5,84.0,0.07788944723618085,0.07573474623115573,16732.732732732733,scheduled,RISK_OFF,7.5734746231155725
MAA,2022-10-27,2022-10-28,2022-12-12,136.1071664872441,144.93887329101562,124.0,0.06488788968066017,0.06275917878918835,16894.182827245513,scheduled,RISK_OFF,6.275917878918835
GWW,2022-10-28,2022-10-31,2022-12-13,576.12,584.93,29.0,0.015291953065333486,0.013262384451155684,16724.204204204205,scheduled,RISK_OFF,1.3262384451155684
XYL,2022-11-01,2022-11-02,2022-12-15,105.6,110.64,160.0,0.04772727272727284,0.04563286590909099,16912.912912912914,scheduled,RISK_OFF,4.563286590909099
EQIX,2022-11-02,2022-11-03,2022-12-16,541.8492226292254,627.3641357421875,31.0,0.1578204960745655,0.15550601290291244,16814.140041547536,scheduled,RISK_OFF,15.550601290291244
IBKR,2023-01-17,2023-01-18,2023-03-02,20.2,22.17,1734.0,0.09752475247524761,0.09533080049504994,35061.86186186186,scheduled,NORMAL,9.533080049504994
V,2023-01-26,2023-01-27,2023-03-13,228.0,214.47,153.0,-0.05934210526315786,-0.06122248039473688,34918.91891891892,scheduled,NORMAL,-6.122248039473687
YUM,2023-02-08,2023-02-09,2023-03-24,132.28,127.83,266.0,-0.03364076201995769,-0.035572514136679945,35221.701701701706,scheduled,NORMAL,-3.5572514136679945
HLT,2023-02-09,2023-02-10,2023-03-27,150.5,132.3,234.0,-0.1209302325581395,-0.12268749302325577,35252.252252252256,scheduled,NORMAL,-12.268749302325578
PLTR,2023-02-13,2023-02-14,2023-03-29,8.59,8.22,4114.0,-0.043073341094295614,-0.04498623748544828,35374.63463463464,scheduled,NORMAL,-4.498623748544828
MAR,2023-02-14,2023-02-15,2023-03-30,180.92,162.67,197.0,-0.10087331417200973,-0.10267066841697992,35676.91691691692,scheduled,NORMAL,-10.267066841697991
CRM,2023-03-01,2023-03-02,2023-04-14,193.12,194.65,178.0,0.007922535211267512,0.005907698063380318,34409.76976976977,scheduled,NORMAL,0.5907698063380318
CTAS,2023-03-29,2023-03-30,2023-05-12,116.79,118.59,285.0,0.015412278448497352,0.013382469303878652,33318.46846846847,scheduled,NORMAL,1.3382469303878652
AVB,2023-04-27,2023-04-28,2023-06-12,178.85,187.53,186.0,0.048532289628180125,0.04643627358121338,33299.3993993994,scheduled,NORMAL,4.643627358121338
CHD,2023-04-27,2023-04-28,2023-06-12,97.73,94.19,341.0,-0.036222244960605776,-0.038148836692929566,33359.28928928929,scheduled,NORMAL,-3.8148836692929566
HON,2023-04-27,2023-04-28,2023-06-12,199.0,198.5,167.0,-0.002512562814070307,-0.00450654020100516,33266.26626626627,scheduled,NORMAL,-0.45065402010051603
MAA,2023-04-27,2023-04-28,2023-06-12,137.0986493861388,137.77520751953125,243.0,0.004934827122088814,0.0029259624026716224,33348.32012095268,scheduled,NORMAL,0.29259624026716224
ROK,2023-04-27,2023-04-28,2023-06-12,285.0,309.78,117.0,0.08694736842105244,0.08477456063157884,33378.37837837838,scheduled,NORMAL,8.477456063157884
ROP,2023-04-27,2023-04-28,2023-06-12,452.0,454.01,73.0,0.004446902654867246,0.002439013296460013,33029.02902902903,scheduled,NORMAL,0.2439013296460013
CL,2023-04-28,2023-05-01,2023-06-13,79.84,75.24,421.0,-0.057615230460921985,-0.05949905761523033,33646.28628628628,scheduled,NORMAL,-5.949905761523033
NCLH,2023-05-01,2023-05-02,2023-06-14,14.46,19.3,2362.0,0.3347164591977869,0.33204836099585044,34188.70870870871,scheduled,NORMAL,33.204836099585044
AME,2023-05-02,2023-05-03,2023-06-15,143.56644584554465,154.17568969726562,227.0,0.07389779547189512,0.07175107377874701,32622.205412350984,scheduled,NORMAL,7.175107377874701
ETN,2023-05-02,2023-05-03,2023-06-15,174.95,196.89,187.0,0.1254072592169191,0.12315757010574457,32748.398398398396,scheduled,NORMAL,12.315757010574458
PAYC,2023-05-02,2023-05-03,2023-06-15,291.15,323.95,112.0,0.11265670616520707,0.11043250540958294,32641.44144144144,scheduled,NORMAL,11.043250540958294
UAL,2023-07-20,2023-07-21,2023-09-01,57.24,49.72,648.0,-0.1313766596785465,-0.13311303773584926,37128.648648648654,scheduled,NORMAL,-13.311303773584926
GE,2023-07-25,2023-07-26,2023-09-07,93.42,89.16,395.0,-0.0456005138086063,-0.047508358381503135,36937.83783783784,scheduled,NORMAL,-4.750835838150314
LRCX,2023-07-26,2023-07-27,2023-09-08,67.5,66.89,546.0,-0.009037037037037066,-0.011017971999999987,36891.89189189189,scheduled,NORMAL,-1.1017971999999987
MDLZ,2023-07-27,2023-07-28,2023-09-11,75.88,71.37,485.0,-0.05943595150237202,-0.06131613903531874,36838.63863863864,scheduled,NORMAL,-6.131613903531874
CINF,2023-07-28,2023-07-31,2023-09-12,109.92,107.19,337.0,-0.024836244541484698,-0.026785596888646346,37080.12012012012,scheduled,NORMAL,-2.6785596888646346
ANET,2023-07-31,2023-08-01,2023-09-13,44.38,47.02,834.0,0.05948625506985139,0.057368342045966525,37049.96996996998,scheduled,NORMAL,5.7368342045966525
SBAC,2023-07-31,2023-08-01,2023-09-13,225.85,212.33,164.0,-0.0598627407571396,-0.06174207513836605,37076.47647647648,scheduled,NORMAL,-6.174207513836604
FICO,2023-08-02,2023-08-03,2023-09-15,850.0,891.4,43.0,0.048705882352941154,0.04660951929411761,36586.586586586585,scheduled,NORMAL,4.660951929411761
AMGN,2023-08-03,2023-08-04,2023-09-18,237.91,263.15,151.0,0.10609053843890548,0.10387946345256593,35960.370370370365,scheduled,NORMAL,10.387946345256594
APTV,2023-08-03,2023-08-04,2023-09-18,110.72,101.39,325.0,-0.08426661849710981,-0.08609716952673407,36020.02002002002,scheduled,NORMAL,-8.609716952673407
DVA,2023-08-03,2023-08-04,2023-09-18,106.63,99.77,338.0,-0.06433461502391447,-0.06620501012848146,36077.01701701701,scheduled,NORMAL,-6.620501012848146
IR,2023-08-03,2023-08-04,2023-09-18,67.4,66.39,535.0,-0.014985163204747853,-0.016954207863501325,36095.095095095094,scheduled,NORMAL,-1.6954207863501325
AMT,2023-10-26,2023-10-27,2023-12-11,175.5,205.6,199.0,0.1715099715099715,0.16916812307692308,34959.45945945946,scheduled,NORMAL,16.916812307692307
AOS,2023-10-26,2023-10-27,2023-12-11,69.66,78.04,502.0,0.12029859316681035,0.11805911627906984,35004.32432432433,scheduled,NORMAL,11.805911627906983
DECK,2023-10-26,2023-10-27,2023-12-11,90.87,116.31,385.0,0.27996038296467485,0.27740174215912816,35019.96996996998,scheduled,NORMAL,27.740174215912816
DXCM,2023-10-26,2023-10-27,2023-12-11,92.73,117.9,377.0,0.27143319314137826,0.26889159818828867,34994.2042042042,scheduled,NORMAL,26.889159818828865
MAS,2023-10-26,2023-10-27,2023-12-11,51.87,63.98,675.0,0.23346828609986514,0.23100258299595122,35047.2972972973,scheduled,NORMAL,23.100258299595122
ANET,2023-10-30,2023-10-31,2023-12-13,48.58,57.39,715.0,0.18135034993824628,0.1789888305887195,34769.46946946947,scheduled,NORMAL,17.898883058871952
EG,2023-10-28,2023-10-31,2023-12-13,380.46338686797526,374.8471984863281,91.0,-0.014761442429139682,-0.01673093430572392,34656.82503001577,scheduled,NORMAL,-1.6730934305723921
WELL,2023-10-31,2023-11-01,2023-12-14,83.84,91.87,426.0,0.09577767175572527,0.09358721218988553,35751.5915915916,scheduled,NORMAL,9.358721218988553
CI,2023-11-02,2023-11-03,2023-12-18,317.71,292.07,116.0,-0.08070252746215101,-0.0825402031097543,36891.251251251255,scheduled,NORMAL,-8.254020310975429
EXPE,2023-11-02,2023-11-03,2023-12-18,108.0,148.47,343.0,0.3747222222222222,0.3719741525,37081.08108108108,scheduled,NORMAL,37.19741525
LYV,2023-11-02,2023-11-03,2023-12-18,86.8,93.27,427.0,0.0745391705069125,0.0723911667050694,37100.7007007007,scheduled,NORMAL,7.23911667050694
PWR,2023-11-02,2023-11-03,2023-12-18,176.54,215.0,209.0,0.2178543106378159,0.2154198198708508,36933.7937937938,scheduled,NORMAL,21.54198198708508
WRB,2024-01-24,2024-01-25,2024-03-08,55.63,56.27,827.0,0.011504583857630868,0.009482586194499376,46052.06206206206,scheduled,NORMAL,0.9482586194499376
HCA,2024-01-30,2024-01-31,2024-03-14,303.42,324.78,151.0,0.07039746885505216,0.06825774431481113,45862.282282282285,scheduled,NORMAL,6.825774431481113
DECK,2024-02-01,2024-02-02,2024-03-18,139.29,151.48,330.0,0.08751525594084275,0.0853413129442171,46011.71171171171,scheduled,NORMAL,8.534131294421709
J,2024-02-06,2024-02-07,2024-03-21,116.97,125.25,392.0,0.07078738137984097,0.06864687740446285,45898.138138138136,scheduled,NORMAL,6.864687740446285
DVA,2024-02-13,2024-02-14,2024-03-28,123.0,138.05,373.0,0.12235772357723596,0.12011413048780484,45924.924924924926,scheduled,NORMAL,12.011413048780483
APP,2024-02-14,2024-02-15,2024-04-01,54.69,69.14,843.0,0.2642164929603219,0.2616893241908942,46149.819819819815,scheduled,NORMAL,26.16893241908942
WELL,2024-02-14,2024-02-15,2024-04-01,93.65,91.99,492.0,-0.017725573945541973,-0.019689140523225013,46121.92192192192,scheduled,NORMAL,-1.9689140523225013
NVDA,2024-02-21,2024-02-22,2024-04-05,75.03,88.01,616.0,0.1729974676795949,0.17065264574170325,46264.74474474475,scheduled,NORMAL,17.065264574170325
MU,2024-03-20,2024-03-21,2024-05-03,113.37,114.7,457.0,0.011731498632795212,0.009709047367028267,51861.95195195195,scheduled,NORMAL,0.9709047367028267
OMC,2024-04-16,2024-04-17,2024-05-30,93.35,90.72,559.0,-0.02817354043920728,-0.030116221531869325,52234.88488488488,scheduled,NORMAL,-3.0116221531869325
CSGP,2024-04-23,2024-04-24,2024-06-06,92.53,77.05,560.0,-0.16729709283475636,-0.16896166594617967,51868.66866866867,scheduled,NORMAL,-16.896166594617966
PHM,2024-04-23,2024-04-24,2024-06-06,113.4,114.49,457.0,0.00961199294532622,0.007593778571428622,51875.67567567568,scheduled,NORMAL,0.7593778571428622
CMG,2024-04-24,2024-04-25,2024-06-07,60.24,63.38,865.0,0.05212483399734391,0.05002163645418345,52159.759759759756,scheduled,NORMAL,5.002163645418345
GOOGL,2024-04-25,2024-04-26,2024-06-10,174.37,175.01,296.0,0.0036703561392441575,0.0016640190973216118,51665.18518518519,scheduled,NORMAL,0.16640190973216118
LLY,2024-04-30,2024-05-01,2024-06-13,774.76,883.33,66.0,0.14013371882905679,0.1378545915251177,51185.34534534534,scheduled,NORMAL,13.78545915251177
VRSK,2024-05-01,2024-05-02,2024-06-14,234.0,264.37,216.0,0.1297863247863249,0.12752788192307696,50594.59459459459,scheduled,NORMAL,12.752788192307696
KIM,2024-05-02,2024-05-03,2024-06-17,19.05,18.68,2687.0,-0.01942257217847776,-0.021382746456693025,51238.58858858859,scheduled,NORMAL,-2.1382746456693025
XYL,2024-05-02,2024-05-03,2024-06-17,137.5,139.54,372.0,0.014836363636363537,0.012807705745454534,51201.2012012012,scheduled,NORMAL,1.2807705745454534
CRWD,2024-06-04,2024-06-05,2024-07-19,334.61,304.96,155.0,-0.08861062132034314,-0.09043248868832376,51916.46646646647,scheduled,NORMAL,-9.043248868832377
HPE,2024-06-04,2024-06-05,2024-07-19,20.35,20.48,2559.0,0.006388206388206363,0.004376436363636271,52127.77777777778,scheduled,NORMAL,0.43764363636362713
CCL,2024-06-25,2024-06-26,2024-08-08,17.9,14.49,3018.0,-0.19050279329608932,-0.19212097821229035,54076.27627627627,scheduled,NORMAL,-19.212097821229037
CBRE,2024-07-25,2024-07-26,2024-09-09,110.0,115.26,468.0,0.04781818181818176,0.045723593272727125,51531.53153153153,scheduled,NORMAL,4.5723593272727125
DOV,2024-07-25,2024-07-26,2024-09-09,185.43,178.89,277.0,-0.035269373887720556,-0.03719787040931888,51415.525525525525,scheduled,NORMAL,-3.719787040931888
BKR,2024-07-26,2024-07-29,2024-09-10,37.78,33.17,1368.0,-0.12202223398623613,-0.12377731154049754,51734.77477477478,scheduled,NORMAL,-12.377731154049753
ON,2024-07-29,2024-07-30,2024-09-11,77.8,70.58,665.0,-0.09280205655526996,-0.09461554524421611,51788.78878878879,scheduled,NORMAL,-9.461554524421611
ANET,2024-07-30,2024-07-31,2024-09-12,84.5,88.84,603.0,0.05136094674556224,0.04925927621301773,51004.504504504504,scheduled,NORMAL,4.925927621301773
CMI,2024-08-01,2024-08-02,2024-09-16,303.71,301.07,4.0,-0.008692502716407091,-0.010674126403476869,1216.056056056056,scheduled,NORMAL,-1.067412640347687
IRM,2024-08-01,2024-08-02,2024-09-16,109.54,118.19,12.0,0.07896658754792751,0.07680973333941932,1315.7957957957958,scheduled,NORMAL,7.680973333941932
MU,2024-09-25,2024-09-26,2024-11-07,113.1,113.41,432.0,0.0027409372236959495,0.0007364580901856321,48908.10810810811,scheduled,NORMAL,0.07364580901856321
ISRG,2024-10-17,2024-10-18,2024-12-02,496.0,542.85,98.0,0.09445564516129035,0.09226782832661296,48656.656656656654,scheduled,NORMAL,9.226782832661296
PM,2024-10-22,2024-10-23,2024-12-05,129.98,132.49,377.0,0.019310663178950804,0.01727306116325611,49051.51151151151,scheduled,NORMAL,1.727306116325611
BKR,2024-10-23,2024-10-24,2024-12-06,37.1,41.31,1312.0,0.11347708894878705,0.11125124824797838,48723.923923923925,scheduled,NORMAL,11.125124824797838
RJF,2024-10-23,2024-10-24,2024-12-06,144.76,163.4,336.0,0.1287648521691076,0.1265084512296215,48688.04804804805,scheduled,NORMAL,12.650845122962151
CBRE,2024-10-24,2024-10-25,2024-12-09,134.66,137.29,362.0,0.01953066983514029,0.017492628026139823,48795.71571571571,scheduled,NORMAL,1.7492628026139823
TYL,2024-10-24,2024-10-25,2024-12-09,613.5,621.77,79.0,0.013480032599836989,0.011454086014669906,48515.015015015015,scheduled,NORMAL,1.1454086014669906
CDNS,2024-10-28,2024-10-29,2024-12-11,274.94,308.78,178.0,0.12308139957808972,0.12083635986033303,48988.30830830831,scheduled,NORMAL,12.083635986033304
FFIV,2024-10-28,2024-10-29,2024-12-11,242.03,260.07,202.0,0.07453621451886128,0.07238821662603812,48938.998998999,scheduled,NORMAL,7.2388216626038115
GLW,2024-10-29,2024-10-30,2024-12-12,48.92,48.61,1027.0,-0.006336876533115321,-0.008323209116925634,50291.13113113114,scheduled,NORMAL,-0.8323209116925634
RCL,2024-10-29,2024-10-30,2024-12-12,208.0,244.15,241.0,0.17379807692307692,0.1714516545673077,50178.178178178176,scheduled,NORMAL,17.145165456730773
V,2024-10-29,2024-10-30,2024-12-12,292.34,314.23,171.0,0.07487856605322585,0.07272988379968548,50040.18018018017,scheduled,NORMAL,7.272988379968548
TECH,2025-02-05,2025-02-06,2025-03-21,77.03,60.61,717.0,-0.2131637024535895,-0.21473658821238473,55285.7957957958,scheduled,NORMAL,-21.473658821238473
HOOD,2025-02-12,2025-02-13,2025-03-28,62.09,41.92,879.0,-0.3248510227089708,-0.3262006455145756,54631.741741741745,scheduled,NORMAL,-32.62006455145756
MGM,2025-02-12,2025-02-13,2025-03-28,38.55,30.36,1416.0,-0.2124513618677042,-0.2140256715953306,54641.441441441435,scheduled,NORMAL,-21.40256715953306
CBRE,2025-02-13,2025-02-14,2025-03-31,142.6,130.78,384.0,-0.08288920056100979,-0.08472250504908818,54813.21321321321,scheduled,NORMAL,-8.472250504908818
INTU,2025-02-25,2025-02-26,2025-04-09,635.5,596.48,81.0,-0.06140047206923682,-0.06327673252557031,51527.02702702703,scheduled,NORMAL,-6.327673252557031
AVGO,2025-03-06,2025-03-07,2025-04-21,187.73,166.21,47.0,-0.11463271720023427,-0.11640256639855107,8832.142142142142,scheduled,RISK_OFF,-11.640256639855107
CTAS,2025-03-26,2025-03-27,2025-05-09,202.59,214.74,271.0,0.059973345179920035,0.05785445846290549,54956.84684684685,scheduled,NORMAL,5.785445846290549
STX,2025-04-29,2025-04-30,2025-06-12,87.14,126.07,236.0,0.44675235253614853,0.4438602945834287,20585.625625625627,scheduled,RISK_OFF,44.38602945834287
WELL,2025-04-29,2025-04-30,2025-06-12,151.04,151.91,136.0,0.005760063559322015,0.003749549192266999,20562.002002002002,scheduled,RISK_OFF,0.3749549192266999
ADP,2025-04-30,2025-05-01,2025-06-13,299.21,306.82,68.0,0.025433641923732653,0.023383800073526917,20366.646646646645,scheduled,RISK_OFF,2.3383800073526917
AMZN,2025-05-01,2025-05-02,2025-06-16,191.44,216.1,106.0,0.12881320518178008,0.12655670758462167,20312.952952952954,scheduled,RISK_OFF,12.655670758462168
HWM,2025-05-01,2025-05-02,2025-06-16,150.21,171.6,136.0,0.14240063910525258,0.14011698022768115,20449.00900900901,scheduled,RISK_OFF,14.011698022768115
KIM,2025-05-01,2025-05-02,2025-06-16,21.15,20.92,967.0,-0.010874704491725673,-0.012851965957446754,20472.522522522522,scheduled,RISK_OFF,-1.2851965957446754
CSCO,2025-05-14,2025-05-15,2025-06-30,63.07,69.38,1155.0,0.10004756619628985,0.09784857111146339,72918.76876876877,scheduled,NORMAL,9.784857111146339
INTU,2025-05-22,2025-05-23,2025-07-09,720.0,769.59,25.0,0.06887500000000002,0.06673831887499992,18018.018018018018,scheduled,NORMAL,6.6738318874999925
CFG,2025-07-17,2025-07-18,2025-08-29,49.68,52.28,1032.0,0.052334943639291476,0.05023132608695646,51321.08108108108,scheduled,NORMAL,5.023132608695646
IBKR,2025-07-17,2025-07-18,2025-08-29,63.81,62.24,803.0,-0.02460429399780595,-0.026554110014104237,51290.72072072072,scheduled,NORMAL,-2.6554110014104237
TEL,2025-07-23,2025-07-24,2025-09-05,200.93,208.74,254.0,0.03886925795053009,0.036792558303886835,51087.30730730731,scheduled,NORMAL,3.6792558303886835
CBRE,2025-07-29,2025-07-30,2025-09-11,157.62,165.9,327.0,0.05253140464408079,0.05042739436619725,51593.33333333333,scheduled,NORMAL,5.042739436619725
HIG,2025-07-29,2025-07-30,2025-09-11,125.15,133.22,411.0,0.06448262085497403,0.06235472009588494,51488.138138138136,scheduled,NORMAL,6.235472009588494
SPGI,2025-07-31,2025-08-01,2025-09-15,545.01,543.99,94.0,-0.0018715252931138515,-0.0038667841140530568,51282.222222222226,scheduled,NORMAL,-0.3866784114053057
AXON,2025-08-04,2025-08-05,2025-09-17,818.0,751.81,62.0,-0.08091687041564799,-0.08275411759168727,50766.76676676677,scheduled,NORMAL,-8.275411759168726
PLTR,2025-08-04,2025-08-05,2025-09-17,171.81,168.33,297.0,-0.020254932774576462,-0.022213443163960123,51078.64864864865,scheduled,NORMAL,-2.2213443163960123
J,2025-08-05,2025-08-06,2025-09-18,146.0,149.63,358.0,0.024863013698630088,0.022814312534246373,52320.32032032032,scheduled,NORMAL,2.2814312534246373
DASH,2025-08-06,2025-08-07,2025-09-19,272.64,265.29,188.0,-0.026958626760563265,-0.028903736465668906,51307.627627627626,scheduled,NORMAL,-2.8903736465668906
PAYC,2025-08-06,2025-08-07,2025-09-19,238.79,216.6,215.0,-0.09292683948239033,-0.09474007873026513,51391.24124124124,scheduled,NORMAL,-9.474007873026514
APA,2025-08-07,2025-08-08,2025-09-22,19.65,23.61,2601.0,0.20152671755725193,0.19912486564885512,51160.810810810806,scheduled,NORMAL,19.912486564885512
APH,2025-10-22,2025-10-23,2025-12-05,129.6,139.36,404.0,0.07530864197530884,0.07315910000000003,52410.810810810806,scheduled,NORMAL,7.315910000000003
BSX,2025-10-22,2025-10-23,2025-12-05,104.29,97.52,502.0,-0.0649151404736793,-0.06678437510787227,52405.985985985986,scheduled,NORMAL,-6.678437510787227
CB,2025-10-22,2025-10-23,2025-12-05,277.81,295.0,188.0,0.061876822288614575,0.05975413052085954,52280.56056056056,scheduled,NORMAL,5.975413052085954
