date,exposure
2017-02-01,0.08393564237038015
2017-02-02,0.08379230130470507
2017-02-03,0.2538141368568573
2017-02-06,0.2552616544535237
2017-02-07,0.25514596517285437
2017-02-08,0.2548880837096081
2017-02-09,0.25617025586983316
2017-02-10,0.2560274287394663
2017-02-13,0.2561625926485225
2017-02-14,0.2568609178412021
2017-02-15,0.25761298602826155
2017-02-16,0.2578214526218116
2017-02-17,0.3415704875928581
2017-02-21,0.3434775276556959
2017-02-22,0.34351378009980915
2017-02-23,0.3432616749006513
2017-02-24,0.3443135452042943
2017-02-27,0.3443373301550079
2017-02-28,0.3440487647450223
2017-03-01,0.3475730635519088
2017-03-02,0.3461859088185178
2017-03-03,0.3466396896009793
2017-03-06,0.3456084377968123
2017-03-07,0.3460712270759105
2017-03-08,0.3459274494863803
2017-03-09,0.3469965709007669
2017-03-10,0.43241636378593723
2017-03-13,0.4324247659255213
2017-03-14,0.431130786605442
2017-03-15,0.4336718196767738
2017-03-16,0.3432158137272205
2017-03-17,0.4257154086764161
2017-03-20,0.25146494534696456
2017-03-21,0.24882766319726007
2017-03-22,0.25038724983395017
2017-03-23,0.25016200022229224
2017-03-24,0.2506914955221685
2017-03-27,0.2507805623640576
2017-03-28,0.2518283051115393
2017-03-29,0.2519938427364743
2017-03-30,0.25207523498725837
2017-03-31,0.2521469855048029
2017-04-03,0.1689238563660465
2017-04-04,0.16904916217398977
2017-04-05,0.16898894868482534
2017-04-06,0.16995982012076724
2017-04-07,0.1698817609622961
2017-04-10,0.17037408137531457
2017-04-11,0.17027700703632648
2017-04-12,0.16925156807472974
2017-04-13,0.16879810679377263
2017-04-17,0.16942469084191136
2017-04-18,0.1692504326052932
2017-04-19,0.16861456915858355
2017-04-20,0.1690738293316953
2017-04-21,0.1693209880239542
2017-04-24,0.0855926716244394
2017-04-25,0.248932385128464
2017-04-26,0.24889028191034177
2017-04-27,0.4147363526267509
2017-04-28,0.663613891568092
2017-05-01,0.5773272047015354
2017-05-02,0.5785703873805632
2017-05-03,0.660315800958179
2017-05-04,0.8273575095999806
2017-05-05,1.158237291059583
2017-05-08,1.1593346678075083
2017-05-09,1.1596465590426306
2017-05-10,1.243273561661141
2017-05-11,1.2439839342169368
2017-05-12,1.244522957740638
2017-05-15,1.2421599620885917
2017-05-16,1.2432500083112143
2017-05-17,1.2470467217062744
2017-05-18,1.2471286459788953
2017-05-19,1.243900446596677
2017-05-22,1.4074202831771596
2017-05-23,1.4066551227982358
2017-05-24,1.403893689411717
2017-05-25,1.3982153741256769
2017-05-26,1.3993060557586852
2017-05-30,1.3993256289904212
2017-05-31,1.3981657650541328
2017-06-01,1.3933434006248981
2017-06-02,1.5491124648490746
2017-06-05,1.5483416224675677
2017-06-06,1.5500322865951885
2017-06-07,1.3819283911990825
2017-06-08,1.3800029814312311
2017-06-09,1.2255952993825245
2017-06-12,0.9802957348480883
2017-06-13,0.9804054469034552
2017-06-14,0.9803816035980294
2017-06-15,0.8976358698460789
2017-06-16,0.7339261624143922
2017-06-19,0.4130063604752953
2017-06-20,0.41223364487488995
2017-06-21,0.4116719104941953
2017-06-22,0.3312021003834447
2017-06-23,0.33153296172266244
2017-06-26,0.33158716609066136
2017-06-27,0.3287604935049224
2017-06-28,0.3295935016972127
2017-06-29,0.3257393499654677
2017-06-30,0.3282983772079925
2017-07-03,0.32800356044951484
2017-07-05,0.16973029239046925
2017-07-06,0.1686395640600707
2017-07-07,0.17249168169849152
2017-07-10,0.17333764835181628
2017-07-11,0.17354886982272774
2017-07-12,0.1755384284332957
2017-07-13,0.17467356384710195
2017-07-14,0.17696033557159097
2017-07-17,0.0
2017-07-18,0.0
2017-07-19,0.250300550182357
2017-07-20,0.25213558023259264
2017-07-21,0.25635626441443454
2017-07-24,0.2568615200514917
2017-07-25,0.25670253828906064
2017-07-26,0.4242942896203936
2017-07-27,0.42370309096367703
2017-07-28,0.7583199899835461
2017-07-31,0.7583445002789834
2017-08-01,0.9250069582202097
2017-08-02,1.007707865130571
2017-08-03,1.0077271264968888
2017-08-04,1.337547288380276
2017-08-07,1.336457352388421
2017-08-08,1.3383077039682403
2017-08-09,1.5058008450436833
2017-08-10,1.5157073062585258
2017-08-11,1.6759007305968292
2017-08-14,1.655739953425658
2017-08-15,1.6522607228706068
2017-08-16,1.6447288334441994
2017-08-17,1.6587408150214853
2017-08-18,1.8255867721787877
2017-08-21,1.8314243221968616
2017-08-22,1.8117455202775452
2017-08-23,1.8156921254121015
2017-08-24,1.8103231092074408
2017-08-25,1.8048744271304578
2017-08-28,1.8003961334265322
2017-08-29,1.7974271061190217
2017-08-30,1.5387384143420542
2017-08-31,1.5382949664851324
2017-09-01,1.6190406869233127
2017-09-05,1.6218258707579838
2017-09-06,1.62333045675868
2017-09-07,1.4660893521054368
2017-09-08,1.466156929644431
2017-09-11,1.154246305831561
2017-09-12,1.1541492546440189
2017-09-13,0.9856845545145144
2017-09-14,0.9044462969268775
2017-09-15,0.9046313206074162
2017-09-18,0.5755184066128363
2017-09-19,0.5751735224520512
2017-09-20,0.5736953527816172
2017-09-21,0.40901572255447544
2017-09-22,0.4112309094801009
2017-09-25,0.23777276707800774
2017-09-26,0.2386622706391832
2017-09-27,0.24710129544164233
2017-09-28,0.2518206226211729
2017-09-29,0.2574735715431631
2017-10-02,0.08146278633651131
2017-10-03,0.08073573946230769
2017-10-04,0.07968485478000017
2017-10-05,0.08018671293203773
2017-10-06,0.07963703020250215
2017-10-09,0.08041356423664822
2017-10-10,0.08203408077452168
2017-10-11,0.08129602482148496
2017-10-12,0.07867949377208575
2017-10-13,0.07708317218013888
2017-10-16,0.0
2017-10-17,0.0
2017-10-18,0.0
2017-10-19,0.0
2017-10-20,0.0
2017-10-23,0.0
2017-10-24,0.16264116878376905
2017-10-25,0.16293734176943955
2017-10-26,0.32573908845449
2017-10-27,0.4965563664280908
2017-10-30,0.49713291907358464
2017-10-31,0.4986676148356475
2017-11-01,0.501212340134699
2017-11-02,0.8346002250245114
2017-11-03,1.081575918586708
2017-11-06,1.0804954006925156
2017-11-07,1.0800170609799404
2017-11-08,1.2484070582076876
2017-11-09,1.2506723515216216
2017-11-10,1.2533269653364538
2017-11-13,1.253231555620283
2017-11-14,1.2534444366355026
2017-11-15,1.2552663252882168
2017-11-16,1.2530588386326813
2017-11-17,1.2520867039366794
2017-11-20,1.250234610570759
2017-11-21,1.2488507786778378
2017-11-22,1.331014857425552
2017-11-24,1.3296799628225975
2017-11-27,1.3306391682759573
2017-11-28,1.327319937163278
2017-11-29,1.3303849122784577
2017-11-30,1.328300984645783
2017-12-01,1.3303928632838549
2017-12-04,1.3318259543001656
2017-12-05,1.3339364685055353
2017-12-06,1.1726604980264328
2017-12-07,1.1715190906497268
2017-12-08,1.0147051341100595
2017-12-11,0.8600833873002053
2017-12-12,0.860459504792014
2017-12-13,0.8602193154414512
2017-12-14,0.8593989758192117
2017-12-15,0.5138094072072419
2017-12-18,0.2776943099838851
2017-12-19,0.274762874190322
2017-12-20,0.43656823539002326
2017-12-21,0.24364630220392539
2017-12-22,0.24263238469867537
2017-12-26,0.2372708360821033
2017-12-27,0.23812921774967064
2017-12-28,0.23655589966180665
2017-12-29,0.2340469714854977
2018-01-02,0.2419695647423494
2018-01-03,0.24575251897345562
2018-01-04,0.2515050006776052
2018-01-05,0.33263501392612577
2018-01-08,0.24779046262192211
2018-01-09,0.24021376906764105
2018-01-10,0.24095566147558595
2018-01-11,0.23975766386203512
2018-01-12,0.24004263727530653
2018-01-16,0.2406116027369999
2018-01-17,0.24516719829190214
2018-01-18,0.24409395858905117
2018-01-19,0.24183681802043505
2018-01-22,0.24247977797892734
2018-01-23,0.245406616309058
2018-01-24,0.24254829903013694
2018-01-25,0.24165848389032304
2018-01-26,0.32827046269720184
2018-01-29,0.3268272857408216
2018-01-30,0.3221600406539436
2018-01-31,0.32791484766554124
2018-02-01,0.5750586228158568
2018-02-02,0.9043751265529522
2018-02-05,0.7532872532872593
2018-02-06,0.7548993298880358
2018-02-07,0.7555701069590262
2018-02-08,0.7463344286714689
2018-02-09,0.750115405901513
2018-02-12,0.7526747034465552
2018-02-13,0.7534584805342283
2018-02-14,0.7551689968220167
2018-02-15,0.7585007557921741
2018-02-16,1.008377371700507
2018-02-20,0.9271458096209467
2018-02-21,1.0946600884051438
2018-02-22,1.0950203395745193
2018-02-23,1.0928238936371415
2018-02-26,1.0922037899371704
2018-02-27,1.0926395538993687
2018-02-28,1.1791101796854784
2018-03-01,1.1821202551556471
2018-03-02,1.3369855459635576
2018-03-05,1.3307642283731027
2018-03-06,1.3289044828407788
2018-03-07,1.328219245064733
2018-03-08,1.3240056525759476
2018-03-09,1.319895628088893
2018-03-12,1.2347328066290995
2018-03-13,1.23636084390602
2018-03-14,1.2377609893334742
2018-03-15,1.4076777401155174
2018-03-16,1.1419337604231028
2018-03-19,0.8041200685172432
2018-03-20,0.8038811019820387
2018-03-21,0.8052505462124223
2018-03-22,0.8019218119019457
2018-03-23,0.7997334743762857
2018-03-26,0.8038925653963029
2018-03-27,0.8022913510507347
2018-03-28,0.8020948135027981
2018-03-29,0.8037002520618982
2018-04-02,0.7971859723075266
2018-04-03,0.5674142829513624
2018-04-04,0.5708977688227207
2018-04-05,0.40630821887449964
2018-04-06,0.3988663810604355
2018-04-09,0.39829137804802245
2018-04-10,0.4043994143096007
2018-04-11,0.40403270290986665
2018-04-12,0.3363497636503324
2018-04-13,0.33474954125348794
2018-04-16,0.15236144152563413
2018-04-17,0.1532673316408538
2018-04-18,0.15549713370687168
2018-04-19,0.15464907147227486
2018-04-20,0.15385246475156836
2018-04-23,0.15427750840963947
2018-04-24,0.1535334015277917
2018-04-25,0.15427750840963947
2018-04-26,0.15348020092844175
2018-04-27,0.08302136446463756
2018-04-30,0.08269399857310031
2018-05-01,0.0819917125394966
2018-05-02,0.4138847791758722
2018-05-03,0.750972439270899
2018-05-04,0.753764886224836
2018-05-07,0.7548455763322859
2018-05-08,0.7550014672130151
2018-05-09,0.7561365615330689
2018-05-10,0.7579281094628815
2018-05-11,0.7582727665324507
2018-05-14,0.7579315086047757
2018-05-15,0.7582384840928409
2018-05-16,0.7572013137971462
2018-05-17,0.7577356321351899
2018-05-18,0.7581700640023997
2018-05-21,0.759318796841238
2018-05-22,0.7577503146625117
2018-05-23,0.7580505229451675
2018-05-24,0.925703076463165
2018-05-25,0.9258109011063326
2018-05-29,0.9253685239293187
2018-05-30,0.9260007070713713
2018-05-31,0.9259494959289647
2018-06-01,0.9269067464603719
2018-06-04,0.9277409723050176
2018-06-05,0.9286646075262577
2018-06-06,0.9293453257575215
2018-06-07,0.9279042006570983
2018-06-08,0.9287010313516946
2018-06-11,0.8527783810307609
2018-06-12,0.8552254741400238
2018-06-13,0.8557125760740134
2018-06-14,0.5419174891959249
2018-06-15,0.18438052911627356
2018-06-18,0.18532779744271213
2018-06-19,0.18474809860943797
2018-06-20,0.18526986466045378
2018-06-21,0.1844772900614247
2018-06-22,0.18294577778476184
2018-06-25,0.18290693066233654
2018-06-26,0.1848254394491332
2018-06-27,0.18173979682626443
2018-06-28,0.1836250049865468
2018-06-29,0.1859837936366847
2018-07-02,0.18723496809968285
2018-07-03,0.18358622242698713
2018-07-05,0.18453533560924243
2018-07-06,0.1864462140704593
2018-07-09,0.0
2018-07-10,0.0
2018-07-11,0.0
2018-07-12,0.0
2018-07-13,0.0
2018-07-16,0.0
2018-07-17,0.0
2018-07-18,0.0
2018-07-19,0.0
2018-07-20,0.0
2018-07-23,0.0
2018-07-24,0.0
2018-07-25,0.0
2018-07-26,0.24918349358692038
2018-07-27,0.4090182049144357
2018-07-30,0.4058923462985547
2018-07-31,0.406473787636177
2018-08-01,0.5749160331497772
2018-08-02,0.8271492526272715
2018-08-03,0.8269362684521038
2018-08-06,0.827038546047017
2018-08-07,0.8282745477597339
2018-08-08,0.9110233789699872
2018-08-09,1.1615444819857235
2018-08-10,1.161667843701901
2018-08-13,1.1625649726037692
2018-08-14,1.160707919686
2018-08-15,1.1676432818286975
2018-08-16,1.1667286567265762
2018-08-17,1.1663215593129037
2018-08-20,1.1662708836957678
2018-08-21,1.1639885204370106
2018-08-22,1.1627580860694098
2018-08-23,1.1623857306979761
2018-08-24,1.162271142056116
2018-08-27,1.1604206711308773
2018-08-28,1.1607697083228232
2018-08-29,1.15952799788847
2018-08-30,1.1599603173283328
2018-08-31,1.1599279036498085
2018-09-04,1.160327295072972
2018-09-05,1.1631581904849784
2018-09-06,1.164016492773623
2018-09-07,0.9183989653042232
2018-09-10,0.758920767548831
2018-09-11,0.7615951188517393
2018-09-12,0.763355537736624
2018-09-13,0.6061856231538035
2018-09-14,0.3208629025602125
2018-09-17,0.319512169390763
2018-09-18,0.32193211349841394
2018-09-19,0.32517243647769517
2018-09-20,0.24131161842547
2018-09-21,0.0
2018-09-24,0.0
2018-09-25,0.0
2018-09-26,0.0
2018-09-27,0.0
2018-09-28,0.0
2018-10-01,0.0
2018-10-02,0.0
2018-10-03,0.0
2018-10-04,0.0
2018-10-05,0.0
2018-10-08,0.0
2018-10-09,0.0
2018-10-10,0.0
2018-10-11,0.0
2018-10-12,0.0
2018-10-15,0.0
2018-10-16,0.0
2018-10-17,0.1620100945579883
2018-10-18,0.15801676615328292
2018-10-19,0.15667718559778998
2018-10-22,0.15737662855597156
2018-10-23,0.15445460211746098
2018-10-24,0.23337060155902586
2018-10-25,0.32142243729890563
2018-10-26,0.39750195743442357
2018-10-29,0.39457359130910946
2018-10-30,0.39987780624751523
2018-10-31,0.4045717811522394
2018-11-01,0.41262561524568125
2018-11-02,0.580567699150337
2018-11-05,0.5771030825594545
2018-11-06,0.5807490907018061
2018-11-07,0.5877524259632212
2018-11-08,0.6699119055327293
2018-11-09,0.6688033843353783
2018-11-12,0.6624741306631967
2018-11-13,0.6628443473998649
2018-11-14,0.6641332466713381
2018-11-15,0.668296999846188
2018-11-16,0.6687277436761311
2018-11-19,0.6614522870601739
2018-11-20,0.6583246443273675
2018-11-21,0.6585015509924711
2018-11-23,0.659698245388921
2018-11-26,0.6644171693479594
2018-11-27,0.6660562338087133
2018-11-28,0.6722504882360164
2018-11-29,0.5113607810102232
2018-11-30,0.5117585841250554
2018-12-03,0.5199933289758901
2018-12-04,0.5091068781390609
2018-12-06,0.5095210358129184
2018-12-07,0.6265483715039464
2018-12-10,0.5389510293194216
2018-12-11,0.45534774233826514
2018-12-12,0.4604574105905031
2018-12-13,0.45847300473886443
2018-12-14,0.45428211915081396
2018-12-17,0.44951054771623494
2018-12-18,0.28274531076978354
2018-12-19,0.27881979809345736
2018-12-20,0.2751565617340956
2018-12-21,0.27340323124649435
2018-12-24,0.1997081624647064
2018-12-26,0.21053767990356878
2018-12-27,0.2117132021317883
2018-12-28,0.21114435366991433
2018-12-31,0.2121305549220002
2019-01-02,0.2131845443383908
2019-01-03,0.20655560252553104
2019-01-04,0.21084912409725515
2019-01-07,0.21706983790642054
2019-01-08,0.21803621160814304
2019-01-09,0.22164788084848347
2019-01-10,0.21983550717387362
2019-01-11,0.22129135868348054
2019-01-14,0.2240536941176221
2019-01-15,0.22675694098214708
2019-01-16,0.22638837204831158
2019-01-17,0.2290559656371945
2019-01-18,0.2348703289454922
2019-01-22,0.23260279101204456
2019-01-23,0.0
2019-01-24,0.0
2019-01-25,0.0
2019-01-28,0.0
2019-01-29,0.0
2019-01-30,0.0
2019-01-31,0.0
2019-02-01,0.0
2019-02-04,0.0
2019-02-05,0.0
2019-02-06,0.0
2019-02-07,0.0
2019-02-08,0.0
2019-02-11,0.0
2019-02-12,0.0
2019-02-13,0.0
2019-02-14,0.0
2019-02-15,0.0
2019-02-19,0.0
2019-02-20,0.0
2019-02-21,0.0
2019-02-22,0.0
2019-02-25,0.0
2019-02-26,0.0
2019-02-27,0.0
2019-02-28,0.0
2019-03-01,0.0
2019-03-04,0.0
2019-03-05,0.0
2019-03-06,0.0
2019-03-07,0.0
2019-03-08,0.0
2019-03-11,0.0
2019-03-12,0.0
2019-03-13,0.0
2019-03-14,0.0
2019-03-15,0.0
2019-03-18,0.0
2019-03-19,0.0
2019-03-20,0.0
2019-03-21,0.0
2019-03-22,0.0
2019-03-25,0.0
2019-03-26,0.0
2019-03-27,0.0
2019-03-28,0.0
2019-03-29,0.0
2019-04-01,0.0
2019-04-02,0.0
2019-04-03,0.0
2019-04-04,0.0
2019-04-05,0.0
2019-04-08,0.0
2019-04-09,0.0
2019-04-10,0.0
2019-04-11,0.0
2019-04-12,0.0
2019-04-15,0.0
2019-04-16,0.0
2019-04-17,0.0
2019-04-18,0.0
2019-04-22,0.0
2019-04-23,0.0
2019-04-24,0.0
2019-04-25,0.0
2019-04-26,0.0
2019-04-29,0.0
2019-04-30,0.0
2019-05-01,0.0
2019-05-02,0.0
2019-05-03,0.0
2019-05-06,0.0
2019-05-07,0.0
2019-05-08,0.0
2019-05-09,0.0
2019-05-10,0.0
2019-05-13,0.0
2019-05-14,0.0
2019-05-15,0.0
2019-05-16,0.0
2019-05-17,0.0
2019-05-20,0.0
2019-05-21,0.0
2019-05-22,0.0
2019-05-23,0.0
2019-05-24,0.0
2019-05-28,0.0
2019-05-29,0.0
2019-05-30,0.0
2019-05-31,0.0
2019-06-03,0.0
2019-06-04,0.0
2019-06-05,0.0
2019-06-06,0.0
2019-06-07,0.0
2019-06-10,0.0
2019-06-11,0.0
2019-06-12,0.0
2019-06-13,0.0
2019-06-14,0.0
2019-06-17,0.0
2019-06-18,0.0
2019-06-19,0.0
2019-06-20,0.0
2019-06-21,0.0
2019-06-24,0.0
2019-06-25,0.0
2019-06-26,0.0
2019-06-27,0.0
2019-06-28,0.0
2019-07-01,0.0
2019-07-02,0.0
2019-07-03,0.0
2019-07-05,0.0
2019-07-08,0.0
2019-07-09,0.0
2019-07-10,0.0
2019-07-11,0.0
2019-07-12,0.0
2019-07-15,0.0
2019-07-16,0.0
2019-07-17,0.0
2019-07-18,0.0
2019-07-19,0.0
2019-07-22,0.0
2019-07-23,0.0
2019-07-24,0.0
2019-07-25,0.0
2019-07-26,0.0
2019-07-29,0.0
2019-07-30,0.0
2019-07-31,0.0
2019-08-01,0.0
2019-08-02,0.0
2019-08-05,0.0
2019-08-06,0.0
2019-08-07,0.0
2019-08-08,0.0
2019-08-09,0.0
2019-08-12,0.0
2019-08-13,0.0
2019-08-14,0.0
2019-08-15,0.0
2019-08-16,0.0
2019-08-19,0.0
2019-08-20,0.0
2019-08-21,0.0
2019-08-22,0.0
2019-08-23,0.0
2019-08-26,0.0
2019-08-27,0.0
2019-08-28,0.0
2019-08-29,0.0
2019-08-30,0.0
2019-09-03,0.0
2019-09-04,0.0
2019-09-05,0.0
2019-09-06,0.0
2019-09-09,0.0
2019-09-10,0.0
2019-09-11,0.0
2019-09-12,0.0
2019-09-13,0.0
2019-09-16,0.0
2019-09-17,0.0
2019-09-18,0.0
2019-09-19,0.0
2019-09-20,0.0
2019-09-23,0.0
2019-09-24,0.0
2019-09-25,0.0
2019-09-26,0.0
2019-09-27,0.0
2019-09-30,0.0
2019-10-01,0.0
2019-10-02,0.0
2019-10-03,0.08359400072177703
2019-10-04,0.08487530231033288
2019-10-07,0.08466635500535055
2019-10-08,0.08441810611750046
2019-10-09,0.08426124795487742
2019-10-10,0.08403894019926797
2019-10-11,0.08360709334684971
2019-10-14,0.08420894995640735
2019-10-15,0.0851885444640215
2019-10-16,0.17004529034535143
2019-10-17,0.17056207441792937
2019-10-18,0.170473056290873
2019-10-21,0.17098569817973858
2019-10-22,0.17116832404678883
2019-10-23,0.17227466944693592
2019-10-24,0.17225879307255207
2019-10-25,0.17285923656890026
2019-10-28,0.172087818854702
2019-10-29,0.17108490250987565
2019-10-30,0.1720521329743078
2019-10-31,0.17055128696981575
2019-11-01,0.17320401544590663
2019-11-04,0.17249005165592235
2019-11-05,0.17228101982616265
2019-11-06,0.1743756541341353
2019-11-07,0.34262319904424415
2019-11-08,0.3368358168379677
2019-11-11,0.33750248732594285
2019-11-12,0.3356475621468117
2019-11-13,0.33644910608181955
2019-11-14,0.2508017032856057
2019-11-15,0.25238019761997404
2019-11-18,0.25294802304438924
2019-11-19,0.252883218866862
2019-11-20,0.2543048403846738
2019-11-21,0.25269846047441386
2019-11-22,0.25331920986443357
2019-11-25,0.2546208953327746
2019-11-26,0.2529713287404949
2019-11-27,0.15800731896057224
2019-11-29,0.1576074866308939
2019-12-02,0.15612479942766497
2019-12-03,0.15668642961305132
2019-12-04,0.15858640212299158
2019-12-05,0.16013999108871874
2019-12-06,0.15948340416107204
2019-12-09,0.15844669636939165
2019-12-10,0.15688683069354037
2019-12-11,0.15714720975125673
2019-12-12,0.1600604594342967
2019-12-13,0.1593439961443514
2019-12-16,0.16077570252827436
2019-12-17,0.1598018774985558
2019-12-18,0.15982177406908585
2019-12-19,0.16178688090956012
2019-12-20,0.0
2019-12-23,0.0
2019-12-24,0.0
2019-12-26,0.0
2019-12-27,0.0
2019-12-30,0.0
2019-12-31,0.0
2020-01-02,0.0
2020-01-03,0.0
2020-01-06,0.0
2020-01-07,0.0
2020-01-08,0.0
2020-01-09,0.0
2020-01-10,0.0
2020-01-13,0.0
2020-01-14,0.0
2020-01-15,0.0
2020-01-16,0.0
2020-01-17,0.0
2020-01-21,0.0
2020-01-22,0.0
2020-01-23,0.0
2020-01-24,0.0
2020-01-27,0.0
2020-01-28,0.0
2020-01-29,0.16606112861863406
2020-01-30,0.16587320602304853
2020-01-31,0.15969326411066406
2020-02-03,0.15932892711646454
2020-02-04,0.16371458118796717
2020-02-05,0.16482955079282402
2020-02-06,0.16643671989879077
2020-02-07,0.16422955224112537
2020-02-10,0.16488093915755417
2020-02-11,0.16404080317845265
2020-02-12,0.16728907951889396
2020-02-13,0.1663001804022554
2020-02-14,0.16633431946974303
2020-02-18,0.16378328065854272
2020-02-19,0.16577066708713986
2020-02-20,0.16434962090918154
2020-02-21,0.16121658143495263
2020-02-24,0.15475668555419037
2020-02-25,0.15029405484064995
2020-02-26,0.15231070346946798
2020-02-27,0.14379020870857642
2020-02-28,0.14371818475951134
2020-03-02,0.15501979689340903
2020-03-03,0.15084339098184496
2020-03-04,0.15675223192367183
2020-03-05,0.15243422088067363
2020-03-06,0.15071940943210982
2020-03-09,0.14046451805534602
2020-03-10,0.14906878362431122
2020-03-11,0.14465355198517094
2020-03-12,0.0
2020-03-13,0.0
2020-03-16,0.0
2020-03-17,0.0
2020-03-18,0.0
2020-03-19,0.0
2020-03-20,0.0
2020-03-23,0.0
2020-03-24,0.0
2020-03-25,0.0
2020-03-26,0.0
2020-03-27,0.0
2020-03-30,0.0
2020-03-31,0.0
2020-04-01,0.0
2020-04-02,0.0
2020-04-03,0.0
2020-04-06,0.0
2020-04-07,0.0
2020-04-08,0.0
2020-04-09,0.0
2020-04-13,0.0
2020-04-14,0.0
2020-04-15,0.0
2020-04-16,0.0
2020-04-17,0.0
2020-04-20,0.0
2020-04-21,0.0
2020-04-22,0.0
2020-04-23,0.0
2020-04-24,0.0
2020-04-27,0.0
2020-04-28,0.0
2020-04-29,0.0
2020-04-30,0.0
2020-05-01,0.0
2020-05-04,0.0
2020-05-05,0.0
2020-05-06,0.0
2020-05-07,0.0
2020-05-08,0.0
2020-05-11,0.0
2020-05-12,0.0
2020-05-13,0.0
2020-05-14,0.0
2020-05-15,0.0
2020-05-18,0.0
2020-05-19,0.0
2020-05-20,0.0
2020-05-21,0.0
2020-05-22,0.0
2020-05-26,0.0
2020-05-27,0.0
2020-05-28,0.0
2020-05-29,0.0
2020-06-01,0.0
2020-06-02,0.0
2020-06-03,0.0
2020-06-04,0.0
2020-06-05,0.0
2020-06-08,0.0
2020-06-09,0.0
2020-06-10,0.0
2020-06-11,0.0
2020-06-12,0.0
2020-06-15,0.0
2020-06-16,0.0
2020-06-17,0.0
2020-06-18,0.0
2020-06-19,0.0
2020-06-22,0.0
2020-06-23,0.0
2020-06-24,0.0
2020-06-25,0.0
2020-06-26,0.0
2020-06-29,0.0
2020-06-30,0.0
2020-07-01,0.0
2020-07-02,0.0
2020-07-06,0.0
2020-07-07,0.0
2020-07-08,0.0
2020-07-09,0.0
2020-07-10,0.0
2020-07-13,0.0
2020-07-14,0.0
2020-07-15,0.0
2020-07-16,0.0
2020-07-17,0.0
2020-07-20,0.0
2020-07-21,0.0
2020-07-22,0.0
2020-07-23,0.0
2020-07-24,0.0
2020-07-27,0.0
2020-07-28,0.0
2020-07-29,0.0
2020-07-30,0.21116753590069193
2020-07-31,0.37710849808412095
2020-08-03,0.37971884010147594
2020-08-04,0.4616956267758247
2020-08-05,0.46637090648291374
2020-08-06,0.5054206961570964
2020-08-07,0.5055965463368689
2020-08-10,0.5091722559228662
2020-08-11,0.5140592155753406
2020-08-12,0.5176409752394562
2020-08-13,0.5141525050154514
2020-08-14,0.5145826755007522
2020-08-17,0.5132256955396478
2020-08-18,0.5123322443464144
2020-08-19,0.5116491941595689
2020-08-20,0.5097866663367305
2020-08-21,0.5113192913005501
2020-08-24,0.5139027724167519
2020-08-25,0.5144549853681974
2020-08-26,0.5158211464817105
2020-08-27,0.5156189389681112
2020-08-28,0.5185117940272159
2020-08-31,0.515030503413318
2020-09-01,0.5184562440103896
2020-09-02,0.5230181454929413
2020-09-03,0.5135301816216588
2020-09-04,0.5128811087716044
2020-09-08,0.5098719416886558
2020-09-09,0.5135067634414564
2020-09-10,0.5107221098357391
2020-09-11,0.29763042047175614
2020-09-14,0.12709479819656655
2020-09-15,0.12879968972246797
2020-09-16,0.04440799729546528
2020-09-17,0.044915855008250336
2020-09-18,0.0
2020-09-21,0.0
2020-09-22,0.0
2020-09-23,0.0
2020-09-24,0.0
2020-09-25,0.0
2020-09-28,0.0
2020-09-29,0.0
2020-09-30,0.0
2020-10-01,0.0
2020-10-02,0.0
2020-10-05,0.0
2020-10-06,0.0
2020-10-07,0.0
2020-10-08,0.0
2020-10-09,0.0
2020-10-12,0.0
2020-10-13,0.0
2020-10-14,0.0
2020-10-15,0.0
2020-10-16,0.0
2020-10-19,0.0
2020-10-20,0.0
2020-10-21,0.0
2020-10-22,0.0
2020-10-23,0.0
2020-10-26,0.0
2020-10-27,0.0
2020-10-28,0.0
2020-10-29,0.0
2020-10-30,0.0
2020-11-02,0.0
2020-11-03,0.0
2020-11-04,0.0
2020-11-05,0.0
2020-11-06,0.0919683407200507
2020-11-09,0.08602806201554095
2020-11-10,0.08040697640170108
2020-11-11,0.08402028789698454
2020-11-12,0.08381279918436982
2020-11-13,0.17265171040223107
2020-11-16,0.17431270394621515
2020-11-17,0.1876471136968798
2020-11-18,0.18583325620703262
2020-11-19,0.1937040655121116
2020-11-20,0.19185058529215254
2020-11-23,0.20572044658423436
2020-11-24,0.21798726861368975
2020-11-25,0.2408304798818038
2020-11-27,0.23613325941754088
2020-11-30,0.23614565635107385
2020-12-01,0.2294305890201996
2020-12-02,0.21435159774017462
2020-12-03,0.22242996237811685
2020-12-04,0.2230450518350251
2020-12-07,0.24431990492761058
2020-12-08,0.24312852702300078
2020-12-09,0.232950852420519
2020-12-10,0.2371722119363935
2020-12-11,0.2384834454330779
2020-12-14,0.23835134174731323
2020-12-15,0.23595321059249705
2020-12-16,0.23442459191991827
2020-12-17,0.2398859408222301
2020-12-18,0.23556504829072578
2020-12-21,0.14831987234181296
2020-12-22,0.1462323088190562
2020-12-23,0.14911666376256122
2020-12-24,0.14493912470590434
2020-12-28,0.13536517300020875
2020-12-29,0.0
2020-12-30,0.0
2020-12-31,0.0
2021-01-04,0.0
2021-01-05,0.0
2021-01-06,0.0
2021-01-07,0.0
2021-01-08,0.0
2021-01-11,0.0
2021-01-12,0.0
2021-01-13,0.0
2021-01-14,0.0
2021-01-15,0.0
2021-01-19,0.0
2021-01-20,0.0
2021-01-21,0.0
2021-01-22,0.0
2021-01-25,0.0
2021-01-26,0.0
2021-01-27,0.0
2021-01-28,0.0
2021-01-29,0.0
2021-02-01,0.0
2021-02-02,0.0
2021-02-03,0.0
2021-02-04,0.0
2021-02-05,0.0
2021-02-08,0.0
2021-02-09,0.0
2021-02-10,0.0
2021-02-11,0.0
2021-02-12,0.0
2021-02-16,0.0
2021-02-17,0.0
2021-02-18,0.0
2021-02-19,0.0
2021-02-22,0.0
2021-02-23,0.0
2021-02-24,0.0
2021-02-25,0.0
2021-02-26,0.0
2021-03-01,0.0
2021-03-02,0.0
2021-03-03,0.0
2021-03-04,0.0
2021-03-05,0.0
2021-03-08,0.0
2021-03-09,0.0
2021-03-10,0.0
2021-03-11,0.0
2021-03-12,0.0
2021-03-15,0.0
2021-03-16,0.0
2021-03-17,0.0
2021-03-18,0.0
2021-03-19,0.0
2021-03-22,0.0
2021-03-23,0.0
2021-03-24,0.0
2021-03-25,0.0
2021-03-26,0.0
2021-03-29,0.0
2021-03-30,0.0
2021-03-31,0.0
2021-04-01,0.0
2021-04-05,0.0
2021-04-06,0.0
2021-04-07,0.0
2021-04-08,0.0
2021-04-09,0.0
2021-04-12,0.0
2021-04-13,0.0
2021-04-14,0.0
2021-04-15,0.0
2021-04-16,0.0
2021-04-19,0.0
2021-04-20,0.0
2021-04-21,0.0
2021-04-22,0.0
2021-04-23,0.0
2021-04-26,0.0
2021-04-27,0.17050934626635353
2021-04-28,0.33683999104292334
2021-04-29,0.5061889624047072
2021-04-30,0.9216524653238116
2021-05-03,0.9219972155505436
2021-05-04,0.9221624319422632
2021-05-05,1.087833318339395
2021-05-06,1.3313039264973616
2021-05-07,1.6514911652795852
2021-05-10,1.6602920084435848
2021-05-11,1.8161808780324742
2021-05-12,1.8602124690940143
2021-05-13,1.835095164078491
2021-05-14,1.8055943852979202
2021-05-17,1.8120080640511675
2021-05-18,1.831471412511119
2021-05-19,1.8312062074079258
2021-05-20,1.8019570232198419
2021-05-21,1.9747895608285
2021-05-24,1.944169897046019
2021-05-25,1.9398950932982757
2021-05-26,1.9308968568350462
2021-05-27,1.9237157965559213
2021-05-28,1.9185788932581238
2021-06-01,1.9160947480251247
2021-06-02,1.9106549965450905
2021-06-03,1.917559730034633
2021-06-04,1.8970249997257271
2021-06-07,1.8902223955267163
2021-06-08,1.8815525582167598
2021-06-09,1.7407136643823793
2021-06-10,1.5829626414073474
2021-06-11,1.4276354323034033
2021-06-14,1.0528550542278179
2021-06-15,1.0530472630085201
2021-06-16,1.0533127879903328
2021-06-17,0.8966847873194019
2021-06-18,0.8273793389975495
2021-06-21,0.5085468994613258
2021-06-22,0.5147827597844904
2021-06-23,0.32011619411040054
2021-06-24,0.32302959092251077
2021-06-25,0.3217133686510736
2021-06-28,0.3271511664893792
2021-06-29,0.3282290543390495
2021-06-30,0.32760997065788383
2021-07-01,0.3240515533251008
2021-07-02,0.32582803654784365
2021-07-06,0.17128265461154446
2021-07-07,0.1733866164519475
2021-07-08,0.1734292018168746
2021-07-09,0.17308602829823277
2021-07-12,0.17206666373356566
2021-07-13,0.17320676319048658
2021-07-14,0.17410997140434856
2021-07-15,0.173481244637844
2021-07-16,0.1734646862693213
2021-07-19,0.2536514303949072
2021-07-20,0.2574663843307441
2021-07-21,0.4313495284117162
2021-07-22,0.4354101209598499
2021-07-23,0.6036469065196894
2021-07-26,0.6022215252490007
2021-07-27,0.6029478208541172
2021-07-28,0.9343132671969205
2021-07-29,1.2632648521930714
2021-07-30,1.4221182870130291
2021-08-02,1.336968723795593
2021-08-03,1.3284423202017057
2021-08-04,1.327206083525093
2021-08-05,1.4007760501296918
2021-08-06,1.4833441111154908
2021-08-09,1.4847029932748175
2021-08-10,1.4840959458182919
2021-08-11,1.4821962463831055
2021-08-12,1.4800447265843992
2021-08-13,1.6392789904232596
2021-08-16,1.6375867159179294
2021-08-17,1.6473435329889423
2021-08-18,1.657220511412133
2021-08-19,1.6589414467377162
2021-08-20,1.6469166111967946
2021-08-23,1.640777307460737
2021-08-24,1.6244578292263678
2021-08-25,1.6204105931870831
2021-08-26,1.8018827467659915
2021-08-27,1.7887869476173315
2021-08-30,1.6986080526946994
2021-08-31,1.7018387451303123
2021-09-01,1.5328141883502253
2021-09-02,1.527842354966598
2021-09-03,1.364664117601421
2021-09-07,1.3643169198675418
2021-09-08,1.3640601124539824
2021-09-09,1.0581046850857336
2021-09-10,0.7400463522919111
2021-09-13,0.5735641196104071
2021-09-14,0.5000993994709969
2021-09-15,0.5032299711756478
2021-09-16,0.5027606626614535
2021-09-17,0.42303064578470356
2021-09-20,0.33798608419242504
2021-09-21,0.3422680724796605
2021-09-22,0.3450242863855668
2021-09-23,0.35190141292790095
2021-09-24,0.5188626034239354
2021-09-27,0.3350929787025888
2021-09-28,0.3292024009758264
2021-09-29,0.32713936752674827
2021-09-30,0.3252231766239748
2021-10-01,0.32789229987748425
2021-10-04,0.32480351092001947
2021-10-05,0.32763056575454474
2021-10-06,0.3274796838134761
2021-10-07,0.32905990504352245
2021-10-08,0.16034210772329338
2021-10-11,0.16088411316317336
2021-10-12,0.16137586307940424
2021-10-13,0.16240295632342083
2021-10-14,0.16603727935957804
2021-10-15,0.16717112840167975
2021-10-18,0.1677246948009511
2021-10-19,0.1703845360598366
2021-10-20,0.16878905245154574
2021-10-21,0.16932426309670146
2021-10-22,0.17201819234582255
2021-10-25,0.339931592018687
2021-10-26,0.33854927233108784
2021-10-27,0.3377621511649719
2021-10-28,0.3403749576056021
2021-10-29,0.5095364022274731
2021-11-01,0.6782418559801275
2021-11-02,0.6826136369893563
2021-11-03,0.8501107742621024
2021-11-04,0.8513231843277648
2021-11-05,1.0963862360616752
2021-11-08,1.096177759721178
2021-11-09,1.0961492510778024
2021-11-10,1.097592277254398
2021-11-11,1.0962032343445849
2021-11-12,1.0943392663515124
2021-11-15,1.0951400256621227
2021-11-16,1.0948893286995607
2021-11-17,1.0959904458226364
2021-11-18,1.0957046712865048
2021-11-19,1.0973803228590902
2021-11-22,1.097226023587058
2021-11-23,1.0953487848455887
2021-11-24,1.0953646396718995
2021-11-26,1.0985256282306162
2021-11-29,1.0964658476138975
2021-11-30,1.0987381337702937
2021-12-01,1.0973783381045807
2021-12-02,1.0954195790760863
2021-12-03,1.09593071772448
2021-12-06,1.0943349860756981
2021-12-07,0.9071460567150319
2021-12-08,0.9073998207408934
2021-12-09,0.9076430565587782
2021-12-10,0.908491730653836
2021-12-13,0.7283267930983262
2021-12-14,0.5583570838416527
2021-12-15,0.5602957942567859
2021-12-16,0.37973553289507367
2021-12-17,0.3785467868080367
2021-12-20,0.0
2021-12-21,0.0
2021-12-22,0.0
2021-12-23,0.16663524956928194
2021-12-27,0.16808100226395442
2021-12-28,0.16829743262544855
2021-12-29,0.16987088978360473
2021-12-30,0.16891518503171943
2021-12-31,0.16896662297845708
2022-01-03,0.16691446427698894
2022-01-04,0.16664559419229974
2022-01-05,0.1639889614619657
2022-01-06,0.16306139417081345
2022-01-07,0.16101138621981487
2022-01-10,0.15863510025938266
2022-01-11,0.16093798589645986
2022-01-12,0.16042382380580486
2022-01-13,0.15868781855700181
2022-01-14,0.15696579223764665
2022-01-18,0.15487513850929038
2022-01-19,0.152998556700842
2022-01-20,0.15269924094176157
2022-01-21,0.15021103413365794
2022-01-24,0.1517357201509039
2022-01-25,0.15031858576753002
2022-01-26,0.14468956254769166
2022-01-27,0.14253749975027596
2022-01-28,0.14660310149377762
2022-01-31,0.14923106158234634
2022-02-01,0.14959746953592803
2022-02-02,0.151757155530847
2022-02-03,0.2338650453524155
2022-02-04,0.23496584072884338
2022-02-07,0.08421721564712059
2022-02-08,0.08635439300133375
2022-02-09,0.08801184711555733
2022-02-10,0.08615937237524533
2022-02-11,0.08575018773917024
2022-02-14,0.0863984183975527
2022-02-15,0.08735335318201747
2022-02-16,0.08762313706525378
2022-02-17,0.08579427138232805
2022-02-18,0.0854351808909286
2022-02-22,0.08513887646261463
2022-02-23,0.08383158792762502
2022-02-24,0.08523346256320119
2022-02-25,0.08636697211892762
2022-02-28,0.08494964556855826
2022-03-01,0.08489917077521218
2022-03-02,0.08646130446116478
2022-03-03,0.08539736548125439
2022-03-04,0.08496226339688491
2022-03-07,0.08438148290600792
2022-03-08,0.08246347152946382
2022-03-09,0.08416034017025287
2022-03-10,0.08515779524751947
2022-03-11,0.08580686592810731
2022-03-14,0.08549189814258011
2022-03-15,0.086882417875507
2022-03-16,0.08781126394109498
2022-03-17,0.0885567369535954
2022-03-18,0.0
2022-03-21,0.0
2022-03-22,0.0
2022-03-23,0.0
2022-03-24,0.0
2022-03-25,0.0
2022-03-28,0.0
2022-03-29,0.0
2022-03-30,0.0
2022-03-31,0.16483915177226843
2022-04-01,0.16725320804532864
2022-04-04,0.16769427201418627
2022-04-05,0.16763415444135427
2022-04-06,0.16961345977814815
2022-04-07,0.16822493366475824
2022-04-08,0.16767423378815174
2022-04-11,0.16521223092426374
2022-04-12,0.16496018694877268
2022-04-13,0.1662691562335554
2022-04-14,0.16506102280042337
2022-04-18,0.16411220324524
2022-04-19,0.16583664391161446
2022-04-20,0.16801475246305514
2022-04-21,0.16670122027408085
2022-04-22,0.15964209537142898
2022-04-25,0.1605603208635016
2022-04-26,0.15775856873352517
2022-04-27,0.15896745227429634
2022-04-28,0.16071316339331118
2022-04-29,0.15489673611726984
2022-05-02,0.15584596809057655
2022-05-03,0.1567725034995968
2022-05-04,0.16078447086137737
2022-05-05,0.15268046020242024
2022-05-06,0.15223373046491334
2022-05-09,0.1481708759440153
2022-05-10,0.14802392886075127
2022-05-11,0.14601407476915962
2022-05-12,0.14570808418664927
2022-05-13,0.0
2022-05-16,0.0
2022-05-17,0.0
2022-05-18,0.0
2022-05-19,0.0
2022-05-20,0.0
2022-05-23,0.0
2022-05-24,0.0
2022-05-25,0.0
2022-05-26,0.0
2022-05-27,0.0
2022-05-31,0.0
2022-06-01,0.0
2022-06-02,0.08364897846606392
2022-06-03,0.08176298170968833
2022-06-06,0.08150952024335101
2022-06-07,0.08213236236225241
2022-06-08,0.08067422033413908
2022-06-09,0.07822302161534979
2022-06-10,0.07720049248461215
2022-06-13,0.07469854781968459
2022-06-14,0.07453770396306329
2022-06-15,0.07572662605249657
2022-06-16,0.07343173071215413
2022-06-17,0.07393672583960183
2022-06-21,0.07473070988218526
2022-06-22,0.07494506650810734
2022-06-23,0.07510576881027767
2022-06-24,0.07720049248461215
2022-06-27,0.07769073729047916
2022-06-28,0.07595121370873507
2022-06-29,0.07565173923825311
2022-06-30,0.07552333360600484
2022-07-01,0.07288313384080329
2022-07-05,0.07443044365586803
2022-07-06,0.07347473046193495
2022-07-07,0.07504149459007746
2022-07-08,0.07530924492305555
2022-07-11,0.07462349431136604
2022-07-12,0.07453770396306329
2022-07-13,0.07450552848128275
2022-07-14,0.0752557072582083
2022-07-15,0.07628254846020065
2022-07-18,0.0
2022-07-19,0.0
2022-07-20,0.0
2022-07-21,0.0
2022-07-22,0.0
2022-07-25,0.08419896598918832
2022-07-26,0.08298218931436283
2022-07-27,0.17124285981333978
2022-07-28,0.4248265080645481
2022-07-29,0.4278002544813643
2022-08-01,0.426302956851806
2022-08-02,0.4251159900805386
2022-08-03,0.42595573026586775
2022-08-04,0.5054618187398173
2022-08-05,0.5066953368126355
2022-08-08,0.5091458234009913
2022-08-09,0.5089394289000299
2022-08-10,0.5132740805072699
2022-08-11,0.5146463859552852
2022-08-12,0.5176026459497033
2022-08-15,0.5176744956938886
2022-08-16,0.5188177813063493
2022-08-17,0.6833450823144401
2022-08-18,0.8491281527628358
2022-08-19,0.847658526129032
2022-08-22,0.8459083766273963
2022-08-23,0.8461191942795406
2022-08-24,0.8464567514345495
2022-08-25,0.8477094580332408
2022-08-26,0.8448146793448459
2022-08-29,0.8443190777970014
2022-08-30,0.8427939550154616
2022-08-31,0.8420355836943498
2022-09-01,0.8417372559787496
2022-09-02,0.8411992443533175
2022-09-06,0.7524374970068248
2022-09-07,0.7568191846690101
2022-09-08,0.6643121091577511
2022-09-09,0.412074324256766
2022-09-12,0.4108287127297148
2022-09-13,0.40289635813089464
2022-09-14,0.4021199702991758
2022-09-15,0.4006009446710008
2022-09-16,0.3035806092182839
2022-09-19,0.30556805255011354
2022-09-20,0.30301264636856345
2022-09-21,0.3012575505683849
2022-09-22,0.29844013915638457
2022-09-23,0.29619887036120524
2022-09-26,0.2952620059475364
2022-09-27,0.2957231328607523
2022-09-28,0.2991498994710893
2022-09-29,0.13795149578816224
2022-09-30,0.0
2022-10-03,0.0
2022-10-04,0.0
2022-10-05,0.0
2022-10-06,0.0
2022-10-07,0.0
2022-10-10,0.0
2022-10-11,0.0
2022-10-12,0.0
2022-10-13,0.0
2022-10-14,0.0
2022-10-17,0.0
2022-10-18,0.0
2022-10-19,0.0
2022-10-20,0.0
2022-10-21,0.0
2022-10-24,0.0
2022-10-25,0.0
2022-10-26,0.0
2022-10-27,0.12483384052791882
2022-10-28,0.21563165268487672
2022-10-31,0.21529887635778605
2022-11-01,0.21616997860757015
2022-11-02,0.21230668810085457
2022-11-03,0.21282219700545524
2022-11-04,0.2136410231735766
2022-11-07,0.21842049138860076
2022-11-08,0.21969691274142245
2022-11-09,0.34648155334794756
2022-11-10,0.35541361266297294
2022-11-11,0.3557011844520117
2022-11-14,0.3543818986312821
2022-11-15,0.35799236022096953
2022-11-16,0.35793926440891155
2022-11-17,0.35720986213484834
2022-11-18,0.4378646568318164
2022-11-21,0.4411530354579788
2022-11-22,0.44211318609016953
2022-11-23,0.4437658446714379
2022-11-25,0.4445494588610315
2022-11-28,0.43984711055302333
2022-11-29,0.43880923705822084
2022-11-30,0.6116535222274686
2022-12-01,0.6178350804419708
2022-12-02,0.6180159704072334
2022-12-05,0.6117521773342665
2022-12-06,0.6043960530601434
2022-12-07,0.6036142416161167
2022-12-08,0.6045293756740244
2022-12-09,0.4725902944692373
2022-12-12,0.3811541332622722
2022-12-13,0.383779957773989
2022-12-14,0.38392416667502416
2022-12-15,0.37469444398018437
2022-12-16,0.3702511882421305
2022-12-19,0.3650171273393009
2022-12-20,0.36789848992001395
2022-12-21,0.36600574732253727
2022-12-22,0.3940959274787975
2022-12-23,0.391760585421084
2022-12-27,0.3892100405631565
2022-12-28,0.3870509477561454
2022-12-29,0.3954453872818221
2022-12-30,0.3952064485338275
2023-01-03,0.39215071281643404
2023-01-04,0.3275500664324703
2023-01-05,0.31777094643766324
2023-01-06,0.32035909719639755
2023-01-09,0.32404762773765583
2023-01-10,0.3249727774177565
2023-01-11,0.32865438657571144
2023-01-12,0.3314995390063963
2023-01-13,0.18391051832705174
2023-01-17,0.18627198314893653
2023-01-18,0.34919154663491553
2023-01-19,0.3431033438309836
2023-01-20,0.3465501904345039
2023-01-23,0.3497565926277693
2023-01-24,0.3483364795497182
2023-01-25,0.3488458220489446
2023-01-26,0.3481144285932387
2023-01-27,0.3482792932819761
2023-01-30,0.34595561863110624
2023-01-31,0.3510430455328029
2023-02-01,0.35769523546688836
2023-02-02,0.3601403151457265
2023-02-03,0.36259643400805
2023-02-06,0.36309434549566755
2023-02-07,0.1730344072977176
2023-02-08,0.33794747897633787
2023-02-09,0.3346243679039234
2023-02-10,0.5010579653187025
2023-02-13,0.5030807727189054
2023-02-14,0.6722572253219106
2023-02-15,0.6755160430554905
2023-02-16,0.6708203367156801
2023-02-17,0.6689121460469232
2023-02-21,0.6669399360285574
2023-02-22,0.6670996629140462
2023-02-23,0.6687030056725461
2023-02-24,0.7506264384527279
2023-02-27,0.7509149668562973
2023-02-28,0.7498770414649474
2023-03-01,0.9168903477566486
2023-03-02,0.741409487803229
2023-03-03,0.7466885059132052
2023-03-06,0.7482975720643895
2023-03-07,0.746931608935283
2023-03-08,0.7490967420303427
2023-03-09,0.7448294520105712
2023-03-10,0.7422956821640423
2023-03-13,0.7413494381579534
2023-03-14,0.7455810087610687
2023-03-15,0.7432494583710989
2023-03-16,0.8285793020067107
2023-03-17,0.826702866472902
2023-03-20,0.8283718575199341
2023-03-21,0.830298509873264
2023-03-22,0.8271544599104592
2023-03-23,0.6625958535777733
2023-03-24,0.662214193859905
2023-03-27,0.5228213056266179
2023-03-28,0.522108291394126
2023-03-29,0.358321133037911
2023-03-30,0.3577504476452589
2023-03-31,0.3610381583493048
2023-04-03,0.3551828847066401
2023-04-04,0.3555574198762721
2023-04-05,0.35291881327266444
2023-04-06,0.3545759436924363
2023-04-10,0.2718114540725397
2023-04-11,0.26966857078003786
2023-04-12,0.26809505673027995
2023-04-13,0.08818787170731072
2023-04-14,0.08831097611732015
2023-04-17,0.08800102910315673
2023-04-18,0.08792244741284572
2023-04-19,0.0884658706351434
2023-04-20,0.08849769175743086
2023-04-21,0.08794793485018729
2023-04-24,0.0878778409696252
2023-04-25,0.08622859360096705
2023-04-26,0.24975665244159834
2023-04-27,0.25366771420467316
2023-04-28,0.16811076798313582
2023-05-01,0.16593141979519369
2023-05-02,0.3334087273464278
2023-05-03,0.49771898688882416
2023-05-04,0.4914528814854691
2023-05-05,0.9104677505872905
2023-05-08,0.9112255336432998
2023-05-09,0.9111746434495491
2023-05-10,0.9121031181974067
2023-05-11,0.9108713311979296
2023-05-12,0.910190771013289
2023-05-15,0.9120351325643772
2023-05-16,0.9108902513959106
2023-05-17,0.9130535378356401
2023-05-18,0.9140757223969316
2023-05-19,0.9136437366693784
2023-05-22,0.9143828190205694
2023-05-23,0.9129135815647813
2023-05-24,1.0796963019874783
2023-05-25,1.079479009111918
2023-05-26,1.2448412528096715
2023-05-30,1.242963962576563
2023-05-31,1.242574956096055
2023-06-01,1.237584044426657
2023-06-02,1.2326907953419612
2023-06-05,1.2282446527086364
2023-06-06,1.2296389764694085
2023-06-07,1.231854726509117
2023-06-08,1.0650499546029772
2023-06-09,1.0650924271745896
2023-06-12,1.0630376704025908
2023-06-13,1.0612480092709466
2023-06-14,0.8750756351075093
2023-06-15,0.7261531568602775
2023-06-16,0.7250462711323793
2023-06-20,0.32810570553607993
2023-06-21,0.3248493163118122
2023-06-22,0.3292843181413813
2023-06-23,0.32444605513652197
2023-06-26,0.3237844071503667
2023-06-27,0.33054918248680537
2023-06-28,0.3311751966575643
2023-06-29,0.33107918608343984
2023-06-30,0.3313953047622
2023-07-03,0.330533609909515
2023-07-05,0.33218260970337576
2023-07-06,0.3286614923566927
2023-07-07,0.3260531090180707
2023-07-10,0.1478780667720432
2023-07-11,0.15073714307295738
2023-07-12,0.0
2023-07-13,0.0
2023-07-14,0.0
2023-07-17,0.0
2023-07-18,0.0
2023-07-19,0.0
2023-07-20,0.0
2023-07-21,0.0
2023-07-24,0.0
2023-07-25,0.0
2023-07-26,0.08243688601564543
2023-07-27,0.0825129479079595
2023-07-28,0.24958502723001233
2023-07-31,0.2518993680365732
2023-08-01,0.25160106528063714
2023-08-02,0.4127817013960601
2023-08-03,0.5780032265924891
2023-08-04,0.7400709857000495
2023-08-07,0.7450233161084966
2023-08-08,0.7425319052674504
2023-08-09,0.908294424051531
2023-08-10,1.243416135346535
2023-08-11,1.2431583361544654
2023-08-14,1.241749570185959
2023-08-15,1.244159606069881
2023-08-16,1.2460475735810643
2023-08-17,1.423940540726728
2023-08-18,1.4227743981932668
2023-08-21,1.4196464482401363
2023-08-22,1.4192362427492544
2023-08-23,1.4102527254034753
2023-08-24,1.4187314569653942
2023-08-25,1.4146576528592771
2023-08-28,1.4087423257571385
2023-08-29,1.4002956718105921
2023-08-30,1.3943344708382246
2023-08-31,1.393344216578154
2023-09-01,1.390402254234604
2023-09-05,1.394145302797761
2023-09-06,1.3960232599423754
2023-09-07,1.3129173868252328
2023-09-08,1.3133890936954014
2023-09-11,1.1505753482891032
2023-09-12,1.1520202303836515
2023-09-13,1.1533414011779786
2023-09-14,0.9987762444834072
2023-09-15,0.8494967863877597
2023-09-18,0.6913243828079199
2023-09-19,0.6850395041040377
2023-09-20,0.681318213914464
2023-09-21,0.5188968699062123
2023-09-22,0.16510362752290347
2023-09-25,0.16540582878657867
2023-09-26,0.1643317137628968
2023-09-27,0.16506043804755
2023-09-28,0.16935738077162424
2023-09-29,0.0
2023-10-02,0.0
2023-10-03,0.0
2023-10-04,0.0
2023-10-05,0.0
2023-10-06,0.0
2023-10-09,0.0
2023-10-10,0.0
2023-10-11,0.0
2023-10-12,0.0
2023-10-13,0.0
2023-10-16,0.0
2023-10-17,0.0
2023-10-18,0.0
2023-10-19,0.0
2023-10-20,0.0
2023-10-23,0.0
2023-10-24,0.16597931846780367
2023-10-25,0.5009326278273237
2023-10-26,0.4977899375246642
2023-10-27,1.328930343885105
2023-10-30,1.322460375441311
2023-10-31,1.315521526930075
2023-11-01,1.6296095811219664
2023-11-02,1.7781973527499066
2023-11-03,1.93989636638555
2023-11-06,1.9480215784740444
2023-11-07,1.922843701315749
2023-11-08,2.0092057815500297
2023-11-09,2.0289557489608288
2023-11-10,1.9860570675791895
2023-11-13,1.9862683454448646
2023-11-14,1.9283823521320205
2023-11-15,1.9154112193670503
2023-11-16,1.9869630736725477
2023-11-17,1.9703902046279713
2023-11-20,1.9538500103688783
2023-11-21,1.9630558753112393
2023-11-22,1.9481791962739239
2023-11-24,1.9452565292460189
2023-11-27,1.9360608917742919
2023-11-28,1.9363042696030628
2023-11-29,1.9247681464449007
2023-11-30,1.9192430760285144
2023-12-01,1.8997684594561448
2023-12-04,1.90797887683846
2023-12-05,1.9148563649342776
2023-12-06,1.7960290411135966
2023-12-07,1.5088499049263098
2023-12-08,1.504950349061377
2023-12-11,0.8141647263461133
2023-12-12,0.8146827574951291
2023-12-13,0.8160252854541123
2023-12-14,0.5171881571812066
2023-12-15,0.3744620618882989
2023-12-18,0.17032699292169773
2023-12-19,0.17031437700045282
2023-12-20,0.1668443403901935
2023-12-21,0.09478182406438544
2023-12-22,0.2595667588329351
2023-12-26,0.25811532208920707
2023-12-27,0.2568766691294412
2023-12-28,0.2572667075461734
2023-12-29,0.25625597627315577
2024-01-02,0.1533064902334535
2024-01-03,0.14619018538410125
2024-01-04,0.14999027953130634
2024-01-05,0.15360668130123084
2024-01-08,0.15375669702580472
2024-01-09,0.15398162093056927
2024-01-10,0.15696922152353054
2024-01-11,0.1551044493517934
2024-01-12,0.15082176516274048
2024-01-16,0.15135004593428664
2024-01-17,0.15006593641426205
2024-01-18,0.15323140919198636
2024-01-19,0.15360668130123084
2024-01-22,0.1483983677780767
2024-01-23,0.14542608557386041
2024-01-24,0.14412397240012748
2024-01-25,0.14710530343037376
2024-01-26,0.1422018754905865
2024-01-29,0.14771429309654693
2024-01-30,0.14710530343037376
2024-01-31,0.23014261716159223
2024-02-01,0.23260402297771676
2024-02-02,0.48221238193127036
2024-02-05,0.47914165780675555
2024-02-06,0.564268713642308
2024-02-07,0.4241306032094668
2024-02-08,0.4239048904444383
2024-02-09,0.42756414052718267
2024-02-12,0.42573972462467524
2024-02-13,0.5918099060273435
2024-02-14,0.7599720873862673
2024-02-15,0.7609724399648485
2024-02-16,0.7617312609775202
2024-02-20,0.7616138173253604
2024-02-21,0.9277777193799767
2024-02-22,0.9290075247893371
2024-02-23,0.9298816143052137
2024-02-26,0.9305595762462378
2024-02-27,0.9310721576221425
2024-02-28,1.0953245855934837
2024-02-29,1.4284824054259107
2024-03-01,1.4231294340571254
2024-03-04,1.4192491984981737
2024-03-05,1.4246775870679902
2024-03-06,1.4210109676616316
2024-03-07,1.4197598475697308
2024-03-08,1.4232832371788924
2024-03-11,1.4268588167620475
2024-03-12,1.4208260395726435
2024-03-13,1.420287391380026
2024-03-14,1.34278039424799
2024-03-15,1.3443133606506878
2024-03-18,1.089114882673971
2024-03-19,1.088480360610671
2024-03-20,1.0051794059245105
2024-03-21,1.0051509947676005
2024-03-22,1.0051511315304562
2024-03-25,1.0051588204426056
2024-03-26,1.0051759354836107
2024-03-27,0.8445939866406151
2024-03-28,0.6841286767377032
2024-04-01,0.6854926941647714
2024-04-02,0.6829776722737152
2024-04-03,0.6855282743872391
2024-04-04,0.536525383183862
2024-04-05,0.5419989278111387
2024-04-08,0.5436633117040364
2024-04-09,0.5424565931920319
2024-04-10,0.5440963940456659
2024-04-11,0.370347832209747
2024-04-12,0.0
2024-04-15,0.0
2024-04-16,0.0
2024-04-17,0.08305477044503216
2024-04-18,0.08320692327513804
2024-04-19,0.08354485995815407
2024-04-22,0.08475094892718295
2024-04-23,0.08615544618519068
2024-04-24,0.08623101525209768
2024-04-25,0.08514666294139851
2024-04-26,0.08537383330442694
2024-04-29,0.08476779479489494
2024-04-30,0.0836968501997079
2024-05-01,0.084287444427062
2024-05-02,0.2512833557404499
2024-05-03,0.41894314566255764
2024-05-06,0.42398793685820446
2024-05-07,0.5094734986197409
2024-05-08,0.6780686925957411
2024-05-09,0.6802602151742042
2024-05-10,0.6845983983073226
2024-05-13,0.6829990939063891
2024-05-14,0.6838098362513372
2024-05-15,0.6874436786758362
2024-05-16,0.6858207902310857
2024-05-17,0.6867909124709968
2024-05-20,0.6872085208286223
2024-05-21,0.686576573763972
2024-05-22,0.6869937744758368
2024-05-23,0.6811930779907341
2024-05-24,0.6833493738763375
2024-05-28,0.681898075742124
2024-05-29,0.6805427359049022
2024-05-30,0.5937326476434885
2024-05-31,0.5951195342891777
2024-06-03,0.5940672365593401
2024-06-04,0.5948822535775231
2024-06-05,0.5986664844820142
2024-06-06,0.5973325810071736
2024-06-07,0.5983965646794666
2024-06-10,0.5996261132674161
2024-06-11,0.6010891031003941
2024-06-12,0.6029879455452959
2024-06-13,0.6069535751329833
2024-06-14,0.593099934421514
2024-06-17,0.4473179722515024
2024-06-18,0.44732450504122756
2024-06-20,0.35609098411681867
2024-06-21,0.16736055444536224
2024-06-24,0.16493188076878218
2024-06-25,0.1656433456621344
2024-06-26,0.16610999542656602
2024-06-27,0.1708256690395843
2024-06-28,0.17309400330259184
2024-07-01,0.17424407762783103
2024-07-02,0.17621770619128785
2024-07-03,0.1768411487968431
2024-07-05,0.17892688764949
2024-07-08,0.17817937810513798
2024-07-09,0.17578534168144683
2024-07-10,0.17540889206200785
2024-07-11,0.1736321323011502
2024-07-12,0.17399735162865196
2024-07-15,0.17570598294909762
2024-07-16,0.17591842524707965
2024-07-17,0.17503466279364926
2024-07-18,0.17343138140905948
2024-07-19,0.17192263503621655
2024-07-22,0.17290845680343264
2024-07-23,0.17063132765808245
2024-07-24,0.3356092277769778
2024-07-25,0.5066803250006402
2024-07-26,0.5924436894478193
2024-07-29,0.5898127532389384
2024-07-30,0.42597821436737876
2024-07-31,0.676828180494867
2024-08-01,0.6757412265979907
2024-08-02,0.6700110549625174
2024-08-05,0.66553687263434
2024-08-06,0.6676870428810504
2024-08-07,0.7500572655821819
2024-08-08,0.8778006297277635
2024-08-09,1.0439464342586768
2024-08-12,1.043935096153303
2024-08-13,1.0435119611735941
2024-08-14,1.0432075513080108
2024-08-15,1.0427573220090305
2024-08-16,1.0428479570347104
2024-08-19,1.0425907496605369
2024-08-20,1.0429626817154551
2024-08-21,1.042852075437888
2024-08-22,1.0430033479503837
2024-08-23,1.042639618773274
2024-08-26,1.0427001664102544
2024-08-27,1.0426538296757117
2024-08-28,1.0428354319095594
2024-08-29,1.0423903796589555
2024-08-30,1.0419657325654694
2024-09-03,1.0430836317899874
2024-09-04,1.0429168360183299
2024-09-05,0.8630388789926703
2024-09-06,0.6925619450057772
2024-09-09,0.6063933822180683
2024-09-10,0.6885327202622203
2024-09-11,0.6898625241388011
2024-09-12,0.45922074069911684
2024-09-13,0.4638697997722581
2024-09-16,0.46687254202741424
2024-09-17,0.4692611127370025
2024-09-18,0.46930861655544653
2024-09-19,0.38632901820152665
2024-09-20,0.2605266256556976
2024-09-23,0.08714162395126542
2024-09-24,0.08706971594206948
2024-09-25,0.08729978170442584
2024-09-26,0.08817106201698661
2024-09-27,0.08847705110522233
2024-09-30,0.08926975399736975
2024-10-01,0.08772126790881202
2024-10-02,0.08798449915939485
2024-10-03,0.08757762317126036
2024-10-04,0.08948917474617187
2024-10-07,0.08906454764168904
2024-10-08,0.09115997549900333
2024-10-09,0.09301870772436922
2024-10-10,0.09165385062219407
2024-10-11,0.09182468236134568
2024-10-14,0.09199070718192347
2024-10-15,0.09102691734734718
2024-10-16,0.09134999101212257
2024-10-17,0.09178198045086952
2024-10-18,0.09131199426615627
2024-10-21,0.09087004878518974
2024-10-22,0.0
2024-10-23,0.0
2024-10-24,0.33841996876784436
2024-10-25,0.6663879506354342
2024-10-28,0.6667493961904052
2024-10-29,0.6654643055774659
2024-10-30,0.9137056803688878
2024-10-31,1.0037541084020627
2024-11-01,1.0037489634337347
2024-11-04,1.0037433499776796
2024-11-05,1.0036881082134088
2024-11-06,1.0035705487736672
2024-11-07,1.0035172458761878
2024-11-08,1.1668004352729393
2024-11-11,1.1657736903291966
2024-11-12,1.1672955714776372
2024-11-13,1.1680947247095395
2024-11-14,1.169909255880142
2024-11-15,1.172711492153454
2024-11-18,1.1717938736362086
2024-11-19,1.171055516653998
2024-11-20,1.1714214452379412
2024-11-21,1.1692118702765453
2024-11-22,1.1672452335131658
2024-11-25,1.165184823991013
2024-11-26,1.1625081405012188
2024-11-27,1.1638776205316066
2024-11-29,1.1625209395887277
2024-12-02,1.1612526672415926
2024-12-03,1.1611312720665254
2024-12-04,1.1589673590512009
2024-12-05,1.159737664623079
2024-12-06,0.8332293415324329
2024-12-09,0.5002716821280957
2024-12-10,0.5060011828090554
2024-12-11,0.5137715240819781
2024-12-12,0.27697694027497893
2024-12-13,0.1804702702391064
2024-12-16,0.18113638632501136
2024-12-17,0.17915886950346144
2024-12-18,0.1729209391369006
2024-12-19,0.17472424071481416
2024-12-20,0.1783622722561709
2024-12-23,0.0
2024-12-24,0.0
2024-12-26,0.0
2024-12-27,0.0
2024-12-30,0.0
2024-12-31,0.0
2025-01-02,0.0
2025-01-03,0.0
2025-01-06,0.0
2025-01-07,0.0
2025-01-08,0.0
2025-01-09,0.0
2025-01-10,0.0
2025-01-13,0.0
2025-01-14,0.0
2025-01-15,0.0
2025-01-16,0.0
2025-01-17,0.0
2025-01-21,0.0
2025-01-22,0.0
2025-01-23,0.0
2025-01-24,0.0
2025-01-27,0.0
2025-01-28,0.0
2025-01-29,0.0
2025-01-30,0.0
2025-01-31,0.0
2025-02-03,0.0
2025-02-04,0.0
2025-02-05,0.0
2025-02-06,0.0
2025-02-07,0.0
2025-02-10,0.0
2025-02-11,0.0
2025-02-12,0.0
2025-02-13,0.0
2025-02-14,0.0
2025-02-18,0.0
2025-02-19,0.0
2025-02-20,0.0
2025-02-21,0.0
2025-02-24,0.0
2025-02-25,0.0
2025-02-26,0.0
2025-02-27,0.0
2025-02-28,0.0
2025-03-03,0.0
2025-03-04,0.0
2025-03-05,0.0
2025-03-06,0.0
2025-03-07,0.0
2025-03-10,0.0
2025-03-11,0.0
2025-03-12,0.0
2025-03-13,0.0
2025-03-14,0.0
2025-03-17,0.0
2025-03-18,0.0
2025-03-19,0.0
2025-03-20,0.0
2025-03-21,0.0
2025-03-24,0.0
2025-03-25,0.0
2025-03-26,0.0
2025-03-27,0.0
2025-03-28,0.0
2025-03-31,0.0
2025-04-01,0.0
2025-04-02,0.0
2025-04-03,0.0
2025-04-04,0.0
2025-04-07,0.0
2025-04-08,0.0
2025-04-09,0.0
2025-04-10,0.0
2025-04-11,0.0
2025-04-14,0.0
2025-04-15,0.0
2025-04-16,0.0
2025-04-17,0.0
2025-04-21,0.0
2025-04-22,0.0
2025-04-23,0.0
2025-04-24,0.0
2025-04-25,0.0
2025-04-28,0.0
2025-04-29,0.0
2025-04-30,0.0
2025-05-01,0.0
2025-05-02,0.0
2025-05-05,0.0
2025-05-06,0.0
2025-05-07,0.0
2025-05-08,0.0
2025-05-09,0.0
2025-05-12,0.0
2025-05-13,0.0
2025-05-14,0.0
2025-05-15,0.0
2025-05-16,0.16933046671134552
2025-05-19,0.16915861806439977
2025-05-20,0.1687000071945101
2025-05-21,0.16673084213613137
2025-05-22,0.16600984306323233
2025-05-23,0.16660115431881506
2025-05-27,0.16838441842139168
2025-05-28,0.16789621873053695
2025-05-29,0.331586511113819
2025-05-30,0.3302788457405379
2025-06-02,0.3332577751401968
2025-06-03,0.336479333842198
2025-06-04,0.33630053616393374
2025-06-05,0.3332063314243485
2025-06-06,0.33398983592789183
2025-06-09,0.33467432591933305
2025-06-10,0.3355568289432198
2025-06-11,0.3329305362107165
2025-06-12,0.3335045984784805
2025-06-13,0.3306817827082823
2025-06-16,0.33263964850893707
2025-06-17,0.332147674098715
2025-06-18,0.3341776094196918
2025-06-20,0.3340942016153259
2025-06-23,0.33634839494403634
2025-06-24,0.3393654764865783
2025-06-25,0.3434111723127421
2025-06-26,0.3425604620971738
2025-06-27,0.34601396334196965
2025-06-30,0.3467590101929642
2025-07-01,0.17657036729839828
2025-07-02,0.18029967201170985
2025-07-03,0.1822592664590258
2025-07-07,0.18122907035045616
2025-07-08,0.18287614069546354
2025-07-09,0.1855570998346466
2025-07-10,0.18668748669428836
2025-07-11,0.18744549328844606
2025-07-14,0.0
2025-07-15,0.0
2025-07-16,0.0
2025-07-17,0.0
2025-07-18,0.0
2025-07-21,0.0
2025-07-22,0.0
2025-07-23,0.0
2025-07-24,0.0
2025-07-25,0.0
2025-07-28,0.0
2025-07-29,0.0
2025-07-30,0.17031403167844436
2025-07-31,0.1668907240337379
2025-08-01,0.17105490205455062
2025-08-04,0.17347605570610616
2025-08-05,0.17456946978773327
2025-08-06,0.17636461855221486
2025-08-07,0.17614176664567094
2025-08-08,0.34884602460519926
2025-08-11,0.35584131092598414
2025-08-12,0.36085346241710786
2025-08-13,0.36225989982003337
2025-08-14,0.36040876993708515
2025-08-15,0.35733072258458265
2025-08-18,0.3532044054079865
2025-08-19,0.3547118388524025
2025-08-20,0.3549444342096454
2025-08-21,0.35420728521415223
2025-08-22,0.5205433017604838
2025-08-25,0.5194279394546073
2025-08-26,0.51818136790854
2025-08-27,0.5183165459813139
2025-08-28,0.5160888991452234
2025-08-29,0.5172784314641053
2025-09-02,0.5158583369245584
2025-09-03,0.5157399354254972
2025-09-04,0.5167118772943466
2025-09-05,0.5165902054500932
2025-09-08,0.5188529288749424
2025-09-09,0.516642776242002
2025-09-10,0.516691882148864
2025-09-11,0.33840934511808474
2025-09-12,0.33741574046702094
2025-09-15,0.33624640067404155
2025-09-16,0.3353509576939642
2025-09-17,0.3365350631954199
2025-09-18,0.33651225212712266
2025-09-19,0.3355520268584049
2025-09-22,0.17561435786187127
2025-09-23,0.17519173140462013
2025-09-24,0.17548761540741453
2025-09-25,0.17593807828786404
2025-09-26,0.1760928112448993
2025-09-29,0.17598028394879953
2025-09-30,0.17595214732188807
2025-10-01,0.17440166819091685
2025-10-02,0.1740343384027131
2025-10-03,0.17455697861061037
2025-10-06,0.0
