symbol,reaction_date,entry_date,exit_date,entry_price,exit_price,shares,gross_ret,net_ret,invested_cash,exit_reason,regime,is_satellite,ret_pct
AAPL,2017-01-31,2017-02-01,2017-03-16,31.76,35.17,261.0,0.10736775818639788,0.10294271662468524,8305.971943887776,scheduled,NORMAL,False,10.294271662468525
MTD,2017-02-02,2017-02-03,2017-03-20,447.9,481.07,37.0,0.0740567090868498,0.06976477847733875,16605.511022044087,scheduled,NORMAL,False,6.976477847733875
ZTS,2017-02-16,2017-02-17,2017-04-03,53.01,53.17,158.0,0.0030182984342577157,-0.000989762686285367,8392.364729458917,scheduled,NORMAL,False,-0.0989762686285367
ULTA,2017-03-09,2017-03-10,2017-04-24,271.0,278.21,31.0,0.02660516605166041,0.022502851808118063,8417.835671342686,scheduled,NORMAL,False,2.2502851808118063
ADBE,2017-03-16,2017-03-17,2017-05-01,128.45,135.11,66.0,0.051848968470222134,0.047645779992214976,8494.689378757514,scheduled,NORMAL,False,4.764577999221498
CCI,2017-04-24,2017-04-25,2017-06-07,96.73,103.21,176.0,0.06699059237051586,0.06272689796340325,17058.597194388778,scheduled,NORMAL,False,6.272689796340325
BA,2017-04-26,2017-04-27,2017-06-09,182.59,190.03,92.0,0.04074702886247872,0.036588203735144154,16831.94388777555,scheduled,NORMAL,False,3.6588203735144154
KLAC,2017-04-27,2017-04-28,2017-06-12,100.28,101.14,84.0,0.008575987235739824,0.004545717590745957,8440.400801603208,scheduled,NORMAL,False,0.4545717590745957
RMD,2017-04-27,2017-04-28,2017-06-12,67.2,73.04,252.0,0.08690476190476204,0.08256149047619044,16968.336673346694,scheduled,NORMAL,False,8.256149047619044
XYL,2017-05-02,2017-05-03,2017-06-15,50.34,53.96,169.0,0.0719110051648788,0.0676276487882399,8524.509018036073,scheduled,NORMAL,False,6.76276487882399
CLX,2017-05-03,2017-05-04,2017-06-16,131.56,139.5,129.0,0.060352690787473406,0.05611552143508636,17005.250501002007,scheduled,NORMAL,False,5.611552143508636
ANET,2017-05-04,2017-05-05,2017-06-19,8.68,9.79,1972.0,0.12788018433179715,0.12337317511520718,17151.2625250501,scheduled,NORMAL,False,12.337317511520718
TDY,2017-05-04,2017-05-05,2017-06-19,136.53,132.61,125.0,-0.028711638467735945,-0.03259290676041904,17100.450901803608,scheduled,NORMAL,False,-3.259290676041904
CBOE,2017-05-09,2017-05-10,2017-06-22,85.38,88.57,100.0,0.037362379948465696,0.03321707987819167,8555.110220440882,scheduled,NORMAL,False,3.321707987819167
DE,2017-05-19,2017-05-22,2017-07-05,122.08,125.6,140.0,0.028833551769331445,0.024722332896461197,17125.450901803608,scheduled,NORMAL,False,2.4722332896461197
COO,2017-06-01,2017-06-02,2017-07-17,56.91,62.99,314.0,0.1068353540678264,0.10241243999297134,17905.55110220441,scheduled,NORMAL,False,10.241243999297133
IBKR,2017-07-18,2017-07-19,2017-08-30,9.25,10.42,1998.0,0.12648648648648653,0.12198504648648623,18518.5370741483,scheduled,NORMAL,False,12.198504648648623
UNH,2017-07-18,2017-07-19,2017-08-30,187.51,195.88,49.0,0.0446376193269693,0.040463247400138735,9206.402805611222,scheduled,NORMAL,False,4.0463247400138735
AVY,2017-07-25,2017-07-26,2017-09-07,91.45,92.67,204.0,0.013340623291416165,0.00929131416074358,18693.18637274549,scheduled,NORMAL,False,0.929131416074358
FSLR,2017-07-27,2017-07-28,2017-09-11,48.82,47.16,382.0,-0.034002458009012804,-0.03786258418680888,18686.613226452908,scheduled,NORMAL,False,-3.786258418680888
ODFL,2017-07-27,2017-07-28,2017-09-11,32.14,33.99,581.0,0.05756067205973858,0.05333465961418815,18710.76152304609,scheduled,NORMAL,False,5.333465961418815
SBAC,2017-07-31,2017-08-01,2017-09-13,135.1,149.15,139.0,0.10399703923019987,0.09958546706143623,18816.533066132262,scheduled,NORMAL,False,9.958546706143622
CME,2017-08-01,2017-08-02,2017-09-14,123.28,132.12,76.0,0.07170668397144708,0.06742414406229735,9388.056112224449,scheduled,NORMAL,False,6.742414406229735
ANET,2017-08-03,2017-08-04,2017-09-18,10.48,11.42,1795.0,0.08969465648854946,0.08534023664122126,18849.298597194393,scheduled,NORMAL,False,8.534023664122126
PODD,2017-08-03,2017-08-04,2017-09-18,53.95,58.71,348.0,0.08822984244670984,0.0838812759962928,18812.2244488978,scheduled,NORMAL,False,8.38812759962928
ZTS,2017-08-08,2017-08-09,2017-09-21,59.95,64.24,316.0,0.07155963302752277,0.0672776807339448,18982.164328657316,scheduled,NORMAL,False,6.72776807339448
BR,2017-08-10,2017-08-11,2017-09-25,71.84,81.56,258.0,0.1353006681514477,0.13076400668151433,18571.86372745491,scheduled,NORMAL,False,13.076400668151432
AMAT,2017-08-17,2017-08-18,2017-10-02,44.77,52.08,429.0,0.16327898146079955,0.1586305186508823,19244.819639278558,scheduled,NORMAL,False,15.863051865088229
LULU,2017-08-31,2017-09-01,2017-10-16,61.22,58.2,164.0,-0.049330284220842846,-0.05312916040509619,10060.200400801603,scheduled,NORMAL,False,-5.312916040509618
HAL,2017-10-23,2017-10-24,2017-12-06,42.43,43.38,492.0,0.022389818524628957,0.01830434880980447,20917.39478957916,scheduled,NORMAL,False,1.8304348809804472
NOC,2017-10-25,2017-10-26,2017-12-08,306.0,305.67,68.0,-0.001078431372548927,-0.0050701219607842685,20849.699398797595,scheduled,NORMAL,False,-0.5070121960784268
INTC,2017-10-26,2017-10-27,2017-12-11,43.3,43.66,478.0,0.008314087759815125,0.004284864665127008,20738.87775551102,scheduled,NORMAL,False,0.42848646651270084
APO,2017-11-01,2017-11-02,2017-12-15,31.67,32.31,665.0,0.02020839911588257,0.01613164635301545,21102.755511022046,scheduled,NORMAL,False,1.613164635301545
QCOM,2017-11-01,2017-11-02,2017-12-15,53.6,64.76,393.0,0.2082089552238806,0.20338095223880615,21107.01402805611,scheduled,NORMAL,False,20.338095223880615
MSCI,2017-11-02,2017-11-03,2017-12-18,125.97,127.28,167.0,0.01039930142097334,0.006361745812494934,21079.148296593186,scheduled,NORMAL,False,0.6361745812494934
NRG,2017-11-02,2017-11-03,2017-12-18,26.1,27.59,404.0,0.05708812260536389,0.05286399846743284,10565.53106212425,scheduled,NORMAL,False,5.286399846743284
AXON,2017-11-07,2017-11-08,2017-12-21,22.62,26.38,979.0,0.16622458001768337,0.16156434659593288,22189.35871743487,scheduled,NORMAL,False,16.156434659593288
J,2017-11-21,2017-11-22,2018-01-08,53.7,56.21,204.0,0.04674115456238348,0.042558376908752305,10976.75350701403,scheduled,NORMAL,False,4.2558376908752305
MU,2017-12-19,2017-12-20,2018-02-05,46.65,39.4,482.0,-0.15541264737406213,-0.15878761843515532,22530.360721442885,scheduled,NORMAL,False,-15.878761843515532
LW,2018-01-04,2018-01-05,2018-02-20,57.24,54.29,196.0,-0.05153738644304684,-0.05532744304682047,11241.523046092185,scheduled,NORMAL,False,-5.532744304682047
MKC,2018-01-25,2018-01-26,2018-03-12,52.38,55.35,212.0,0.05670103092783507,0.05247845360824743,11126.81362725451,scheduled,NORMAL,False,5.247845360824743
NDAQ,2018-01-31,2018-02-01,2018-03-16,26.77,27.99,417.0,0.04557340306313029,0.04139529174448997,11185.460921843687,scheduled,NORMAL,False,4.139529174448997
NOW,2018-01-31,2018-02-01,2018-03-16,151.76,169.98,147.0,0.12005798629414866,0.11558223458091721,22353.426853707413,scheduled,NORMAL,False,11.558223458091721
IDXX,2018-02-01,2018-02-02,2018-03-19,193.53,199.06,114.0,0.028574381232883805,0.024464198005477167,22106.633266533066,scheduled,NORMAL,False,2.4464198005477167
MA,2018-02-01,2018-02-02,2018-03-19,171.9,180.58,129.0,0.0504944735311228,0.04629669761489241,22219.539078156315,scheduled,NORMAL,False,4.629669761489241
KIM,2018-02-15,2018-02-16,2018-04-03,14.62,14.27,740.0,-0.0239398084815321,-0.027840145006839956,10840.480961923848,scheduled,NORMAL,False,-2.7840145006839956
PSKY,2018-02-15,2018-02-16,2018-04-03,57.0,52.86,380.0,-0.07263157894736838,-0.07633734315789464,21703.406813627254,scheduled,NORMAL,False,-7.633734315789464
DVN,2018-02-20,2018-02-21,2018-04-05,31.13,32.29,698.0,0.03726309026662378,0.03311818695791824,21772.284569138275,scheduled,NORMAL,False,3.311818695791824
LYV,2018-02-27,2018-02-28,2018-04-12,47.02,38.03,234.0,-0.19119523606975763,-0.19442721990642275,11024.729458917836,scheduled,NORMAL,False,-19.442721990642276
KEYS,2018-03-01,2018-03-02,2018-04-16,47.05,53.8,452.0,0.1434643995749203,0.13889511583421887,21309.218436873747,scheduled,RISK_OFF,False,13.889511583421887
WSM,2018-03-14,2018-03-15,2018-04-27,27.59,24.59,836.0,-0.10873504893077202,-0.11229654367524466,23111.462925851705,scheduled,NORMAL,False,-11.229654367524466
UPS,2018-04-26,2018-04-27,2018-06-11,113.07,116.85,97.0,0.03343061820111437,0.029301029450782723,10989.769539078156,scheduled,NORMAL,False,2.9301029450782723
AAPL,2018-05-01,2018-05-02,2018-06-14,43.81,47.7,505.0,0.08879251312485725,0.08444169824241032,22168.386773547096,scheduled,NORMAL,False,8.444169824241033
PAYC,2018-05-01,2018-05-02,2018-06-14,104.94,113.67,210.0,0.08319039451114918,0.07886196569468296,22081.563126252502,scheduled,NORMAL,False,7.886196569468296
CF,2018-05-02,2018-05-03,2018-06-15,37.42,44.58,590.0,0.1913415285943345,0.1865809278460715,22122.044088176353,scheduled,NORMAL,False,18.65809278460715
DXCM,2018-05-02,2018-05-03,2018-06-15,19.5,24.93,1133.0,0.27846153846153854,0.27335280615384616,22137.775551102204,scheduled,NORMAL,False,27.335280615384615
NTAP,2018-05-23,2018-05-24,2018-07-09,64.0,79.39,361.0,0.24046875,0.235511836875,23150.300601202405,scheduled,NORMAL,False,23.5511836875
LW,2018-07-25,2018-07-26,2018-09-07,70.92,66.83,179.0,-0.0576706147772138,-0.06143616300056409,12720.120240480963,scheduled,NORMAL,False,-6.14361630005641
PYPL,2018-07-25,2018-07-26,2018-09-07,88.51,88.82,286.0,0.0035024291040559596,-0.0005075666026438386,25364.589178356713,scheduled,NORMAL,False,-0.05075666026438386
INTC,2018-07-26,2018-07-27,2018-09-10,48.76,46.3,520.0,-0.05045118949958982,-0.05424558654634948,25406.012024048097,scheduled,NORMAL,False,-5.424558654634948
DVN,2018-07-31,2018-08-01,2018-09-13,42.5,40.88,294.0,-0.03811764705882348,-0.041961328941176435,12520.040080160321,scheduled,NORMAL,False,-4.1961328941176435
VMC,2018-07-31,2018-08-01,2018-09-13,113.91,109.69,109.0,-0.037046791326485806,-0.040894752348345276,12441.072144288577,scheduled,NORMAL,False,-4.089475234834527
ADP,2018-08-01,2018-08-02,2018-09-14,131.49,147.46,95.0,0.12145410297361003,0.11697277237812753,12516.583166332666,scheduled,NORMAL,False,11.697277237812752
DXCM,2018-08-01,2018-08-02,2018-09-14,29.85,35.76,841.0,0.19798994974874362,0.19320278190954765,25154.158316633268,scheduled,NORMAL,False,19.320278190954767
AIZ,2018-08-07,2018-08-08,2018-09-20,105.63,105.61,121.0,-0.00018934014957872058,-0.004184583546340992,12806.843687374749,scheduled,NORMAL,False,-0.4184583546340992
FANG,2018-08-08,2018-08-09,2018-09-21,133.0,128.55,193.0,-0.0334586466165413,-0.0373209458646615,25720.440881763527,scheduled,NORMAL,False,-3.7320945864661503
KDP,2018-08-08,2018-08-09,2018-09-21,23.77,23.8,540.0,0.0012620950778292617,-0.002738948254101703,12861.523046092183,scheduled,NORMAL,False,-0.2738948254101703
CSX,2018-10-16,2018-10-17,2018-11-29,24.33,23.92,1057.0,-0.016851623510069746,-0.020780284422523443,25768.34669338677,scheduled,NORMAL,False,-2.0780284422523443
CSGP,2018-10-23,2018-10-24,2018-12-07,37.45,36.69,338.0,-0.020293724966622295,-0.02420863124165562,12683.466933867736,scheduled,NORMAL,False,-2.420863124165562
AMD,2018-10-24,2018-10-25,2018-12-10,17.92,19.99,703.0,0.11551339285714257,0.1110558013392855,12623.00601202405,scheduled,RISK_OFF,False,11.10558013392855
SYK,2018-10-25,2018-10-26,2018-12-11,164.0,171.66,77.0,0.04670731707317066,0.04252467463414633,12653.306613226452,scheduled,RISK_OFF,False,4.252467463414633
MSI,2018-11-01,2018-11-02,2018-12-18,124.93,121.89,206.0,-0.024333626831025468,-0.028232389658208734,25787.154308617235,scheduled,NORMAL,False,-2.8232389658208734
CRL,2018-11-07,2018-11-08,2018-12-24,136.36,105.09,96.0,-0.22931944851862718,-0.23239908800234688,13116.79358717435,scheduled,NORMAL,False,-23.239908800234687
AVGO,2018-12-06,2018-12-07,2019-01-23,23.41,25.75,558.0,0.09995728321230235,0.09556185390858607,13088.957915831665,scheduled,NORMAL,False,9.556185390858607
LULU,2018-12-06,2018-12-07,2019-01-23,132.0,149.85,99.0,0.13522727272727275,0.1306909045454545,13094.188376753507,scheduled,NORMAL,False,13.069090454545451
ULTA,2018-12-06,2018-12-07,2019-01-23,271.45,288.2,24.0,0.061705654816724964,0.05746307902007741,6527.855711422845,scheduled,NORMAL,False,5.746307902007741
LEN,2019-10-02,2019-10-03,2019-11-14,57.97,59.74,222.0,0.030533034328100728,0.02641502432292575,12895.130260521042,scheduled,NORMAL,False,2.641502432292575
BLK,2019-10-15,2019-10-16,2019-11-27,445.0,494.21,29.0,0.11058426966292134,0.10614637492134849,12930.861723446893,scheduled,NORMAL,False,10.614637492134849
GDDY,2019-11-06,2019-11-07,2019-12-20,70.55,68.93,369.0,-0.022962437987242956,-0.026866680085046113,26085.120240480963,scheduled,NORMAL,False,-2.6866680085046113
AAPL,2020-01-28,2020-01-29,2020-03-12,81.11,62.06,320.0,-0.23486623104426085,-0.23792370558500797,26007.214428857715,scheduled,NORMAL,False,-23.792370558500796
BG,2020-07-29,2020-07-30,2020-09-11,44.62,45.64,139.0,0.022859704168534334,0.018772356790676792,6214.609218436874,scheduled,RISK_OFF,False,1.8772356790676792
QCOM,2020-07-29,2020-07-30,2020-09-11,102.42,113.42,121.0,0.10740089826205823,0.10297572427260304,12417.655310621241,scheduled,RISK_OFF,False,10.297572427260304
TT,2020-07-29,2020-07-30,2020-09-11,109.0,116.99,114.0,0.07330275229357786,0.06901383449541276,12450.901803607214,scheduled,RISK_OFF,False,6.901383449541276
DECK,2020-07-30,2020-07-31,2020-09-14,33.04,34.7,379.0,0.05024213075060535,0.046045363196125955,12547.254509018036,scheduled,RISK_OFF,False,4.6045363196125955
LKQ,2020-07-30,2020-07-31,2020-09-14,29.32,32.34,428.0,0.10300136425648043,0.09859377080491138,12574.108216432867,scheduled,RISK_OFF,False,9.85937708049114
STE,2020-08-03,2020-08-04,2020-09-16,161.58,170.16,77.0,0.053100631266245646,0.04889244114370572,12466.593186372747,scheduled,RISK_OFF,False,4.889244114370572
CTVA,2020-08-05,2020-08-06,2020-09-18,26.88,28.99,236.0,0.07849702380952372,0.07418734970238083,6356.392785571142,scheduled,RISK_OFF,False,7.418734970238083
TTD,2020-11-05,2020-11-06,2020-12-21,73.14,93.55,176.0,0.27905386929176923,0.2739427700300794,12898.436873747494,scheduled,RISK_OFF,False,27.39427700300794
PLTR,2020-11-12,2020-11-13,2020-12-29,14.49,24.66,891.0,0.701863354037267,0.6950627080745342,12936.462925851703,scheduled,RISK_OFF,False,69.50627080745342
OTIS,2021-04-26,2021-04-27,2021-06-09,76.5,80.75,364.0,0.05555555555555558,0.051337555555555525,27901.803607214428,scheduled,NORMAL,False,5.1337555555555525
ADM,2021-04-27,2021-04-28,2021-06-10,62.3,67.23,450.0,0.0791332263242377,0.07482100995184582,28091.18236472946,scheduled,NORMAL,False,7.482100995184582
INVH,2021-04-28,2021-04-29,2021-06-11,34.05,37.71,823.0,0.1074889867841411,0.1030634607929517,28079.308617234467,scheduled,NORMAL,False,10.30634607929517
FTNT,2021-04-29,2021-04-30,2021-06-14,39.63,46.29,355.0,0.16805450416351242,0.16338695836487505,14096.84368737475,scheduled,NORMAL,False,16.338695836487503
KLAC,2021-04-29,2021-04-30,2021-06-14,315.03,325.21,89.0,0.03231438275719767,0.028189254483700132,28093.85771543086,scheduled,NORMAL,False,2.8189254483700132
TXT,2021-04-29,2021-04-30,2021-06-14,63.1,67.15,446.0,0.06418383518225057,0.059931356576861994,28198.997995991987,scheduled,NORMAL,False,5.993135657686199
TMUS,2021-05-04,2021-05-05,2021-06-17,131.46,146.45,216.0,0.11402708048075438,0.10957542826715327,28452.264529058117,scheduled,NORMAL,False,10.957542826715327
PYPL,2021-05-05,2021-05-06,2021-06-18,256.0,283.38,55.0,0.10695312499999998,0.10252974031250006,14108.21643286573,scheduled,NORMAL,False,10.252974031250005
WAT,2021-05-05,2021-05-06,2021-06-18,310.0,342.71,92.0,0.10551612903225793,0.10109848658064524,28577.154308617235,scheduled,NORMAL,False,10.109848658064525
IRM,2021-05-06,2021-05-07,2021-06-21,41.0,45.36,708.0,0.10634146341463424,0.1019205229268294,29086.172344689377,scheduled,NORMAL,False,10.192052292682941
MSI,2021-05-06,2021-05-07,2021-06-21,189.26,211.31,153.0,0.11650639332135704,0.11204483377364483,29014.809619238476,scheduled,NORMAL,False,11.204483377364483
TTD,2021-05-10,2021-05-11,2021-06-23,47.49,65.39,615.0,0.3769214571488735,0.3714192790061064,29264.87975951904,scheduled,NORMAL,False,37.14192790061064
AMAT,2021-05-20,2021-05-21,2021-07-06,129.85,136.78,232.0,0.053369272237196785,0.04916000862533698,30185.571142284567,scheduled,NORMAL,True,4.916000862533698
ADBE,2021-06-17,2021-06-18,2021-08-02,569.9612,618.75,59.0,0.08560021278641439,0.08126215433611961,33695.10100200401,scheduled,NORMAL,False,8.12621543361196
STT,2021-07-16,2021-07-19,2021-08-30,82.23,92.51,208.0,0.1250152012647452,0.12051964052049136,17138.11623246493,scheduled,NORMAL,False,12.051964052049136
CMG,2021-07-20,2021-07-21,2021-09-01,33.14,37.97,1035.0,0.1457453228726613,0.14116692456246205,34368.6372745491,scheduled,NORMAL,False,14.116692456246206
DHR,2021-07-22,2021-07-23,2021-09-03,257.14,294.67,136.0,0.14595162168468545,0.14137239900443332,35041.12224448898,scheduled,NORMAL,False,14.137239900443333
MSCI,2021-07-27,2021-07-28,2021-09-09,588.91,652.86,59.0,0.10859044675756913,0.10416051933232584,34815.32064128256,scheduled,NORMAL,False,10.416051933232584
PNR,2021-07-27,2021-07-28,2021-09-09,72.39,76.2,485.0,0.05263157894736836,0.04842526315789475,35179.50901803607,scheduled,NORMAL,False,4.842526315789475
GRMN,2021-07-28,2021-07-29,2021-09-10,157.44,172.59,222.0,0.09622713414634143,0.09184661051829268,35021.72344689379,scheduled,NORMAL,False,9.184661051829268
IR,2021-07-28,2021-07-29,2021-09-10,47.25,54.73,742.0,0.15830687830687817,0.15367828402116412,35129.759519038074,scheduled,NORMAL,False,15.367828402116412
DXCM,2021-07-29,2021-07-30,2021-09-13,119.18,135.11,298.0,0.13366336633663378,0.12913324752475264,35586.81362725451,scheduled,NORMAL,False,12.913324752475264
CHTR,2021-07-30,2021-08-02,2021-09-14,748.72998,761.859985,24.0,0.017536368718666928,0.013470293389267196,18005.530581162322,scheduled,NORMAL,False,1.3470293389267196
BKNG,2021-08-04,2021-08-05,2021-09-17,2149.99,2325.37,8.0,0.08157247243010435,0.07725050883027373,17234.38877755511,scheduled,NORMAL,False,7.725050883027373
RMD,2021-08-05,2021-08-06,2021-09-20,272.0,284.23,69.0,0.04496323529411761,0.04078756220588242,18805.61122244489,scheduled,NORMAL,False,4.078756220588242
ABNB,2021-08-12,2021-08-13,2021-09-27,146.66,174.26,259.0,0.1881903722896494,0.18344236356197996,38061.0621242485,scheduled,NORMAL,False,18.344236356197996
NTAP,2021-08-25,2021-08-26,2021-10-08,87.5,91.51,453.0,0.04582857142857155,0.041649440457142806,39716.93386773547,scheduled,NORMAL,True,4.164944045714281
ACN,2021-09-23,2021-09-24,2021-11-05,340.68,368.46,121.0,0.08154279675942222,0.07722095174357158,41304.88977955912,scheduled,NORMAL,False,7.7220951743571575
STX,2021-10-22,2021-10-25,2021-12-07,88.59,108.52,467.0,0.22496895812168405,0.22007398216502994,41454.43887775551,scheduled,NORMAL,False,22.00739821650299
AOS,2021-10-28,2021-10-29,2021-12-13,70.77,83.54,586.0,0.18044369082944756,0.17572663784089304,41554.32865731463,scheduled,NORMAL,False,17.572663784089304
ABBV,2021-10-29,2021-11-01,2021-12-14,115.25,127.29,362.0,0.10446854663774419,0.10005509032537963,41804.10821643287,scheduled,NORMAL,False,10.005509032537962
VRTX,2021-11-02,2021-11-03,2021-12-16,187.5,212.61,227.0,0.13392000000000004,0.1293888556799998,42647.79559118237,scheduled,NORMAL,False,12.93888556799998
ABNB,2021-11-04,2021-11-05,2021-12-20,186.15,157.23,116.0,-0.15535858178888007,-0.15873376889605162,21636.673346693387,scheduled,NORMAL,False,-15.873376889605161
BLDR,2021-11-04,2021-11-05,2021-12-20,67.96,75.13,635.0,0.10550323719835197,0.10108564626250738,43241.082164328654,scheduled,NORMAL,False,10.108564626250738
OXY,2021-11-04,2021-11-05,2021-12-20,34.14,26.98,1265.0,-0.20972466315172822,-0.21288260339777398,43273.64729458918,scheduled,NORMAL,False,-21.2882603397774
PAYX,2021-12-22,2021-12-23,2022-02-07,134.0,119.97,333.0,-0.10470149253731342,-0.10827910537313434,44711.422845691384,scheduled,NORMAL,False,-10.827910537313434
TMUS,2022-02-02,2022-02-03,2022-03-18,120.0,127.18,182.0,0.059833333333333405,0.05559823933333341,21883.76753507014,scheduled,RISK_OFF,False,5.559823933333341
PAYX,2022-03-30,2022-03-31,2022-05-13,137.91,119.69,319.0,-0.13211514756000287,-0.13558321543035323,44081.452905811624,scheduled,NORMAL,False,-13.558321543035323
NTAP,2022-06-01,2022-06-02,2022-07-18,72.2,65.57,297.0,-0.09182825484764556,-0.09545730914127437,21486.372745490982,scheduled,RISK_OFF,False,-9.545730914127438
SLB,2022-07-22,2022-07-25,2022-09-06,35.65,37.36,598.0,0.04796633941093975,0.043778665918653425,21361.422845691384,scheduled,RISK_OFF,False,4.3778665918653425
CMG,2022-07-26,2022-07-27,2022-09-08,28.67,34.14,744.0,0.19079176839902323,0.18603336449250096,21373.226452905812,scheduled,RISK_OFF,False,18.603336449250097
AVY,2022-07-27,2022-07-28,2022-09-09,185.68,191.05,115.0,0.028920723825937023,0.02480915661352867,21395.991983967935,scheduled,RISK_OFF,False,2.480915661352867
GPC,2022-07-27,2022-07-28,2022-09-09,146.5,162.8,146.0,0.11126279863481225,0.10682219249146763,21431.86372745491,scheduled,RISK_OFF,False,10.682219249146762
PTC,2022-07-27,2022-07-28,2022-09-09,118.97,119.97,180.0,0.008405480373203433,0.004375892073631871,21457.51503006012,scheduled,RISK_OFF,False,0.43758920736318707
REGN,2022-08-03,2022-08-04,2022-09-16,602.65,710.3,35.0,0.17862772753671274,0.1739179311374761,21135.02004008016,scheduled,NORMAL,False,17.39179311374761
JKHY,2022-08-16,2022-08-17,2022-09-29,200.0,183.04,222.0,-0.08479999999999999,-0.0884571392000002,44488.977955911825,scheduled,NORMAL,False,-8.84571392000002
SNPS,2022-08-17,2022-08-18,2022-09-30,384.35,305.51,114.0,-0.205125536620268,-0.20830185497593345,43903.70741482966,scheduled,NORMAL,False,-20.830185497593344
ROP,2022-10-26,2022-10-27,2022-12-09,392.75,431.33,54.0,0.09823042647994895,0.09384189769573514,21251.002004008016,scheduled,RISK_OFF,False,9.384189769573513
TDY,2022-10-26,2022-10-27,2022-12-09,380.82,405.69,27.0,0.06530644398928631,0.061049479439105214,10302.745490981963,scheduled,RISK_OFF,False,6.104947943910521
GILD,2022-10-27,2022-10-28,2022-12-12,74.36,88.54,285.0,0.19069392146315223,0.1859359085529857,21235.07014028056,scheduled,RISK_OFF,False,18.59359085529857
AXON,2022-11-08,2022-11-09,2022-12-22,162.0,167.82,133.0,0.03592592592592592,0.031786365925925875,21589.178356713426,scheduled,RISK_OFF,False,3.1786365925925875
DIS,2022-11-08,2022-11-09,2022-12-22,90.55,86.67,119.0,-0.042849254555494154,-0.0466740289342904,10797.044088176352,scheduled,RISK_OFF,False,-4.66740289342904
PANW,2022-11-17,2022-11-18,2023-01-04,85.64,69.27,256.0,-0.1911489957963569,-0.19438116440915476,21967.775551102204,scheduled,RISK_OFF,False,-19.438116440915476
CRWD,2022-11-29,2022-11-30,2023-01-13,112.29,99.53,390.0,-0.11363433965624725,-0.11717625683498101,43880.8617234469,scheduled,NORMAL,False,-11.7176256834981
CCL,2022-12-21,2022-12-22,2023-02-07,8.47,12.19,2520.0,0.4391971664698935,0.4334461345926799,21387.174348697397,scheduled,NORMAL,False,43.34461345926799
CTAS,2022-12-21,2022-12-22,2023-02-07,115.1,110.77,185.0,-0.03761946133796701,-0.041465133970460366,21336.172344689377,scheduled,NORMAL,False,-4.146513397046037
IBKR,2023-01-17,2023-01-18,2023-03-02,20.2,22.17,2121.0,0.09752475247524761,0.09313904356435665,42930.06012024048,scheduled,NORMAL,False,9.313904356435664
FTNT,2023-02-07,2023-02-08,2023-03-23,60.75,63.25,721.0,0.04115226337448563,0.03699181893004111,43888.52705410821,scheduled,NORMAL,False,3.699181893004111
HLT,2023-02-09,2023-02-10,2023-03-27,150.5,132.3,288.0,-0.1209302325581395,-0.12444299534883707,43430.86172344689,scheduled,NORMAL,False,-12.444299534883708
CDNS,2023-02-13,2023-02-14,2023-03-29,193.4,206.0,225.0,0.0651499482936917,0.060893609100310275,43602.20440881763,scheduled,NORMAL,False,6.0893609100310275
EIX,2023-02-23,2023-02-24,2023-04-10,66.55,72.84,327.0,0.09451540195341868,0.09014171840721263,21805.460921843685,scheduled,NORMAL,False,9.014171840721264
FSLR,2023-02-28,2023-03-01,2023-04-13,180.55,211.26,239.0,0.17009138742730534,0.16541570224314595,43237.92585170341,scheduled,NORMAL,False,16.541570224314594
ADBE,2023-03-15,2023-03-16,2023-04-28,344.57,377.56,64.0,0.09574251966218772,0.09136393255361752,22096.673346693387,scheduled,RISK_OFF,False,9.136393255361753
CARR,2023-04-25,2023-04-26,2023-06-08,41.19,45.6,1107.0,0.10706482155863073,0.10264099053168274,45688.70741482965,scheduled,NORMAL,False,10.264099053168273
NCLH,2023-05-01,2023-05-02,2023-06-14,14.46,19.3,3159.0,0.3347164591977869,0.3293829322268327,45770.68136272545,scheduled,NORMAL,False,32.93829322268327
PAYC,2023-05-02,2023-05-03,2023-06-15,291.15,323.95,157.0,0.11265670616520707,0.1082105299673708,45802.15430861723,scheduled,NORMAL,False,10.82105299673708
COIN,2023-05-04,2023-05-05,2023-06-20,54.045,57.09,416.0,0.05634193727449355,0.052120794893144806,22527.775551102204,scheduled,NORMAL,False,5.212079489314481
FTNT,2023-05-04,2023-05-05,2023-06-20,60.75,71.66,740.0,0.17958847736625505,0.17487484181069957,45045.09018036072,scheduled,NORMAL,False,17.487484181069956
LYV,2023-05-04,2023-05-05,2023-06-20,74.19,89.13,606.0,0.201374848362313,0.1965741544682571,45049.238476953906,scheduled,NORMAL,False,19.65741544682571
PANW,2023-05-23,2023-05-24,2023-07-10,98.12,123.74,484.0,0.2611088463106399,0.25606945536078274,47585.250501002,scheduled,NORMAL,False,25.606945536078275
ADSK,2023-05-25,2023-05-26,2023-07-12,200.77,215.32,236.0,0.07247098670120034,0.06818539263834222,47476.67334669339,scheduled,NORMAL,False,6.818539263834222
GOOGL,2023-07-25,2023-07-26,2023-09-07,130.07,135.26,212.0,0.03990159145075722,0.03574614469132009,27630.1002004008,scheduled,NORMAL,False,3.574614469132009
TXT,2023-07-27,2023-07-28,2023-09-11,76.91,75.97,719.0,-0.012222077753218041,-0.0161692383305162,55409.10821643287,scheduled,NORMAL,False,-1.61692383305162
ROK,2023-08-01,2023-08-02,2023-09-14,310.01,287.08,178.0,-0.07396535595625953,-0.07766579039385824,55292.36472945892,scheduled,NORMAL,False,-7.766579039385824
JCI,2023-08-02,2023-08-03,2023-09-15,63.44,57.13,867.0,-0.09946406052963419,-0.10306260214375784,55112.70541082164,scheduled,NORMAL,False,-10.306260214375785
BKNG,2023-08-03,2023-08-04,2023-09-18,3155.0,3158.33,17.0,0.0010554675118858992,-0.002944750136291585,53742.48496993988,scheduled,NORMAL,False,-0.2944750136291585
TDG,2023-08-08,2023-08-09,2023-09-21,890.53,842.83,62.0,-0.05356360818838213,-0.05734556801006152,55323.50701402806,scheduled,NORMAL,False,-5.734556801006152
APP,2023-08-09,2023-08-10,2023-09-22,38.32,37.76,1427.0,-0.014613778705636848,-0.0185513820459291,54792.224448897796,scheduled,NORMAL,False,-1.85513820459291
VST,2023-08-09,2023-08-10,2023-09-22,30.44,33.22,1796.0,0.09132720105124825,0.08696625755584741,54779.7995991984,scheduled,NORMAL,False,8.69662575558474
SNPS,2023-08-16,2023-08-17,2023-09-29,450.16,458.97,119.0,0.01957081926426163,0.015496614270481546,53676.392785571144,scheduled,NORMAL,False,1.5496614270481546
WRB,2023-10-23,2023-10-24,2023-12-06,44.64,48.05,1205.0,0.07638888888888884,0.07208763888888892,53898.99799599198,scheduled,NORMAL,False,7.208763888888892
CSGP,2023-10-24,2023-10-25,2023-12-07,68.0,82.58,790.0,0.2144117647058823,0.2095589752941176,53827.655310621245,scheduled,NORMAL,False,20.95589752941176
MSFT,2023-10-24,2023-10-25,2023-12-07,345.02,370.95,155.0,0.07515506347458123,0.07085874384093671,53585.270541082165,scheduled,NORMAL,False,7.085874384093671
AMT,2023-10-26,2023-10-27,2023-12-11,175.5,205.6,305.0,0.1715099715099715,0.16682861766381762,53634.76953907816,scheduled,NORMAL,False,16.682861766381762
AMZN,2023-10-26,2023-10-27,2023-12-11,126.2,145.89,425.0,0.15602218700475423,0.15140272234548324,53742.48496993988,scheduled,NORMAL,False,15.140272234548323
DECK,2023-10-26,2023-10-27,2023-12-11,90.87,116.31,590.0,0.27996038296467485,0.27484566127434773,53720.74148296593,scheduled,NORMAL,False,27.484566127434775
INTC,2023-10-26,2023-10-27,2023-12-11,34.66,44.54,1548.0,0.28505481823427603,0.27991973918061186,53761.202404809614,scheduled,NORMAL,False,27.991973918061184
MAS,2023-10-26,2023-10-27,2023-12-11,51.87,63.98,1035.0,0.23346828609986514,0.22853934682861032,53793.036072144285,scheduled,NORMAL,False,22.85393468286103
AMD,2023-10-31,2023-11-01,2023-12-14,98.58,138.0,570.0,0.39987827145465604,0.39428435788192306,56303.20641282565,scheduled,NORMAL,False,39.4284357881923
ECL,2023-10-31,2023-11-01,2023-12-14,167.43,196.7,335.0,0.17481932748014084,0.1701247494475302,56201.452905811624,scheduled,NORMAL,False,17.01247494475302
DASH,2023-11-01,2023-11-02,2023-12-15,85.09,101.57,680.0,0.19367728287695374,0.18890734845457713,57977.15430861724,scheduled,NORMAL,False,18.890734845457715
EXPE,2023-11-02,2023-11-03,2023-12-18,108.0,148.47,548.0,0.3747222222222222,0.36922883222222214,59302.60521042084,scheduled,NORMAL,False,36.92288322222221
PODD,2023-11-02,2023-11-03,2023-12-18,156.0,209.63,91.0,0.3437820512820513,0.3384122982051281,14224.448897795592,scheduled,NORMAL,True,33.84122982051281
DVA,2023-11-07,2023-11-08,2023-12-21,87.0,104.76,333.0,0.20413793103448286,0.19932619586206912,29029.058116232463,scheduled,NORMAL,True,19.93261958620691
PANW,2023-11-15,2023-11-16,2024-01-02,120.0,144.46,306.0,0.2038333333333333,0.19902281533333332,36793.5871743487,scheduled,NORMAL,True,19.902281533333333
CCL,2023-12-21,2023-12-22,2024-02-07,19.14,15.72,4200.0,-0.17868338557993735,-0.18196536677115993,80549.09819639279,scheduled,NORMAL,False,-18.196536677115994
SYK,2024-01-30,2024-01-31,2024-03-14,339.0,355.64,115.0,0.04908554572271373,0.0448933998820058,39063.12625250501,scheduled,NORMAL,False,4.48933998820058
ETN,2024-02-01,2024-02-02,2024-03-18,266.13,298.75,294.0,0.1225716754969377,0.11808587908165191,78399.01803607214,scheduled,NORMAL,False,11.80858790816519
HIG,2024-02-01,2024-02-02,2024-03-18,89.09,99.65,440.0,0.11853182175328314,0.114062168593557,39278.15631262525,scheduled,NORMAL,False,11.4062168593557
SPG,2024-02-05,2024-02-06,2024-03-20,137.49,155.4,283.0,0.1302640192013964,0.1257474841806676,38987.64529058117,scheduled,NORMAL,False,12.574748418066761
WM,2024-02-12,2024-02-13,2024-03-27,196.7,213.97,399.0,0.08779867819013742,0.08345183467208961,78640.58116232464,scheduled,NORMAL,False,8.345183467208962
HWM,2024-02-13,2024-02-14,2024-03-28,62.57,68.43,1254.0,0.0936551062809654,0.08928486047626683,78620.02004008016,scheduled,NORMAL,False,8.928486047626683
PANW,2024-02-20,2024-02-21,2024-04-04,137.6,132.6,577.0,-0.036337209302325535,-0.04018800581395343,79554.30861723446,scheduled,NORMAL,False,-4.018800581395343
AXON,2024-02-27,2024-02-28,2024-04-11,280.7,324.09,295.0,0.15457784111150685,0.14996414805842528,82972.44488977957,scheduled,NORMAL,False,14.996414805842528
CRM,2024-02-28,2024-02-29,2024-04-12,300.0,294.32,282.0,-0.018933333333333358,-0.0228536757333333,84769.53907815632,scheduled,NORMAL,False,-2.28536757333333
NRG,2024-02-28,2024-02-29,2024-04-12,54.7,73.93,1549.0,0.3515539305301645,0.34615312102376605,84900.1002004008,scheduled,NORMAL,False,34.615312102376606
MS,2024-04-16,2024-04-17,2024-05-30,90.13,97.23,495.0,0.07877510262953513,0.07446431731942749,44703.75751503006,scheduled,NORMAL,False,7.446431731942749
VRSK,2024-05-01,2024-05-02,2024-06-14,234.0,264.37,382.0,0.1297863247863249,0.12527169863247867,89567.13426853708,scheduled,NORMAL,False,12.527169863247867
PH,2024-05-02,2024-05-03,2024-06-17,536.49,506.03,166.0,-0.056776454360752404,-0.06054557564912677,89235.8116232465,scheduled,NORMAL,False,-6.0545575649126775
VRTX,2024-05-06,2024-05-07,2024-06-20,406.42,471.38,111.0,0.15983465380640705,0.15519995452979662,45203.026052104215,scheduled,NORMAL,False,15.519995452979662
ANET,2024-05-07,2024-05-08,2024-06-21,70.79,84.34,1285.0,0.1914112162734849,0.18665033705325595,91147.44488977957,scheduled,NORMAL,False,18.665033705325595
ADBE,2024-06-13,2024-06-14,2024-07-30,530.25,538.71,179.0,0.015954738330975937,0.011894983196605535,95104.95991983968,scheduled,NORMAL,False,1.1894983196605535
LMT,2024-07-23,2024-07-24,2024-09-05,505.0,568.59,188.0,0.12592079207920803,0.12142161259405948,95130.26052104209,scheduled,NORMAL,False,12.142161259405949
NOW,2024-07-24,2024-07-25,2024-09-06,789.33,825.04,120.0,0.0452409005105594,0.041064117872119166,94909.41883767536,scheduled,NORMAL,False,4.106411787211917
HIG,2024-07-25,2024-07-26,2024-09-09,106.65,116.91,450.0,0.09620253164556947,0.09182210632911403,48088.67735470942,scheduled,NORMAL,False,9.182210632911403
HWM,2024-07-30,2024-07-31,2024-09-12,94.38,94.23,1022.0,-0.0015893197711378537,-0.005578968849332511,96649.65931863728,scheduled,NORMAL,False,-0.5578968849332511
PSX,2024-07-30,2024-07-31,2024-09-12,149.03,125.72,323.0,-0.1564114607797088,-0.15978244058243318,48233.15631262525,scheduled,NORMAL,False,-15.978244058243318
UBER,2024-08-06,2024-08-07,2024-09-19,65.56,75.28,718.0,0.14826113483831604,0.14367268334350203,47166.41282565131,scheduled,RISK_OFF,False,14.367268334350204
CF,2024-08-07,2024-08-08,2024-09-20,77.19,81.61,608.0,0.057261303277626574,0.0530364871097293,47025.57114228456,scheduled,RISK_OFF,False,5.30364871097293
GPN,2024-08-07,2024-08-08,2024-09-20,100.42,110.69,233.0,0.10227046405098572,0.09786579127663808,23444.749498997997,scheduled,RISK_OFF,False,9.786579127663808
PH,2024-08-08,2024-08-09,2024-09-23,571.11,618.72,168.0,0.0833639754162947,0.07903485297053114,96138.75751503005,scheduled,RISK_OFF,False,7.903485297053114
ORCL,2024-09-09,2024-09-10,2024-10-22,154.23,175.31,318.0,0.13667898593010452,0.1321368167023278,49143.42685370742,scheduled,NORMAL,False,13.21368167023278
APH,2024-10-23,2024-10-24,2024-12-06,69.46,74.21,1457.0,0.06838468183126989,0.06411541664267206,101406.03206412825,scheduled,NORMAL,False,6.411541664267206
TMUS,2024-10-23,2024-10-24,2024-12-06,223.4,243.78,453.0,0.09122649955237239,0.08686595846016099,101403.00601202405,scheduled,NORMAL,False,8.686595846016099
DECK,2024-10-24,2024-10-25,2024-12-09,169.95,201.55,600.0,0.18593704030597258,0.18119803589290973,102174.34869739479,scheduled,NORMAL,False,18.119803589290974
WDC,2024-10-24,2024-10-25,2024-12-09,54.85,53.45,1859.0,-0.025524156791248864,-0.029418162260711145,102170.49098196394,scheduled,NORMAL,False,-2.9418162260711145
GOOG,2024-10-29,2024-10-30,2024-12-12,182.41,193.63,274.0,0.0615097856477167,0.05726799254426829,50080.501002004006,scheduled,NORMAL,False,5.726799254426829
GOOGL,2024-10-29,2024-10-30,2024-12-12,180.68,191.96,553.0,0.06243081691388097,0.05818534336949299,100116.27254509019,scheduled,NORMAL,False,5.818534336949299
KLAC,2024-10-30,2024-10-31,2024-12-13,677.65,653.76,6.0,-0.03525418726481222,-0.03910931153250197,4074.0480961923845,scheduled,NORMAL,False,-3.9109311532501967
PAYC,2024-10-30,2024-10-31,2024-12-13,189.68,234.5,259.0,0.23629270350063258,0.23135247785744406,49225.57114228457,scheduled,NORMAL,False,23.135247785744404
AXON,2024-11-07,2024-11-08,2024-12-23,540.0,624.14,96.0,0.15581481481481485,0.15119617881481484,51943.887775551106,scheduled,NORMAL,False,15.119617881481485
FTNT,2024-11-07,2024-11-08,2024-12-23,84.5,96.42,615.0,0.14106508875739654,0.136505392662722,52071.64328657315,scheduled,NORMAL,False,13.6505392662722
WMT,2025-05-15,2025-05-16,2025-07-01,96.14,98.24,1165.0,0.021843145412939302,0.017759860203869104,112227.55511022045,scheduled,NORMAL,False,1.7759860203869104
NVDA,2025-05-28,2025-05-29,2025-07-14,142.25,164.07,788.0,0.15339191564147625,0.14878296154657278,112317.63527054108,scheduled,NORMAL,False,14.878296154657278
EA,2025-07-29,2025-07-30,2025-09-11,151.9,169.89,758.0,0.11843317972350209,0.1139639207373273,115370.94188376753,scheduled,NORMAL,False,11.39639207373273
GEN,2025-08-07,2025-08-08,2025-09-22,29.68,28.84,3925.0,-0.028301886792452824,-0.032184792452830235,116727.45490981964,scheduled,NORMAL,False,-3.2184792452830235
WMT,2025-08-21,2025-08-22,2025-10-06,98.07,102.7,1208.0,0.04721117569083311,0.043026519832772614,118705.97194388778,scheduled,NORMAL,False,4.302651983277261
