,nav
2017-01-10,0.9975288645236314
2017-01-11,0.997892266799568
2017-01-12,0.9972381427028822
2017-01-13,0.9973835036132569
2017-01-17,0.9976949912783454
2017-01-18,0.998297200764183
2017-01-19,0.9990966857712434
2017-01-20,0.9987748151839854
2017-01-23,0.9980583935542818
2017-01-24,0.9987229005731373
2017-01-25,0.9991827572064466
2017-01-26,0.9969729145883748
2017-01-27,0.9962791104480757
2017-01-30,0.9957785682351639
2017-01-31,0.9931737619107022
2017-02-01,0.9937348188833013
2017-02-02,0.9936526856470856
2017-02-03,0.9969585877351926
2017-02-06,0.9963710334126051
2017-02-07,0.997751491501873
2017-02-08,0.9988220132107892
2017-02-09,0.9996841522471003
2017-02-10,1.0010095968907735
2017-02-13,1.0007936782625748
2017-02-14,1.002111387822906
2017-02-15,1.0040916366513528
2017-02-16,1.000124210653986
2017-02-17,1.0006139237786034
2017-02-21,1.0044011042353862
2017-02-22,1.0046191673839644
2017-02-23,1.0079710501841703
2017-02-24,1.0105120533543506
2017-02-27,1.0131668529615359
2017-02-28,1.0104086599575146
2017-03-01,1.0178844485640115
2017-03-02,1.0134760416978121
2017-03-03,1.0142953070625578
2017-03-06,1.0115476013864688
2017-03-07,1.0132906538008504
2017-03-08,1.0149420280310488
2017-03-09,1.0140222617018946
2017-03-10,1.0153281245867598
2017-03-13,1.0161903571406627
2017-03-14,1.014407228227728
2017-03-15,1.0152833193566364
2017-03-16,1.0164139954699305
2017-03-17,1.0164011347614572
2017-03-20,1.0168444114261808
2017-03-21,1.0137049213213574
2017-03-22,1.0146469748320226
2017-03-23,1.014720588602124
2017-03-24,1.0147402962351222
2017-03-27,1.0148332191271934
2017-03-28,1.0158372212325726
2017-03-29,1.016175511318809
2017-03-30,1.0181054459011127
2017-03-31,1.0191778088961831
2017-04-03,1.0177080329158816
2017-04-04,1.0183668980104996
2017-04-05,1.0182148522194339
2017-04-06,1.017555987124816
2017-04-07,1.017555987124816
2017-04-10,1.017555987124816
2017-04-11,1.017555987124816
2017-04-12,1.017555987124816
2017-04-13,1.017555987124816
2017-04-17,1.017555987124816
2017-04-18,1.017555987124816
2017-04-19,1.017555987124816
2017-04-20,1.019041470317699
2017-04-21,1.0194128411159198
2017-04-24,1.0219141821461144
2017-04-25,1.0255882841144917
2017-04-26,1.0261580752265689
2017-04-27,1.0285292346628356
2017-04-28,1.0249296246904236
2017-05-01,1.0309726450411876
2017-05-02,1.0089831770155797
2017-05-03,1.0062297391348247
2017-05-04,1.0111345335700395
2017-05-05,1.0156864593357413
2017-05-08,1.010728716766126
2017-05-09,1.0176652031743758
2017-05-10,1.020368583250683
2017-05-11,1.0213833337085951
2017-05-12,1.0206199997953356
2017-05-15,1.0245525938288407
2017-05-16,1.0348796393512751
2017-05-17,1.002475643977567
2017-05-18,1.0091389719981059
2017-05-19,1.023425725853922
2017-05-22,1.027036498742925
2017-05-23,1.0276045850327924
2017-05-24,1.029396451865762
2017-05-25,1.0365709741442342
2017-05-26,1.0375680473301796
2017-05-30,1.039920263134952
2017-05-31,1.0446602046119182
2017-06-01,1.0518167714970579
2017-06-02,1.0595820427656195
2017-06-05,1.059217870330028
2017-06-06,1.060492777335997
2017-06-07,1.0639624255436488
2017-06-08,1.0674409439463814
2017-06-09,1.056111710500399
2017-06-12,1.0536954803695033
2017-06-13,1.0575742664942793
2017-06-14,1.0550722003380382
2017-06-15,1.058094089430635
2017-06-16,1.0574169208382034
2017-06-19,1.0605233249351929
2017-06-20,1.0605233249351929
2017-06-21,1.0605233249351929
2017-06-22,1.0605233249351929
2017-06-23,1.0605233249351929
2017-06-26,1.0605233249351929
2017-06-27,1.0605233249351929
2017-06-28,1.0605233249351929
2017-06-29,1.0605233249351929
2017-06-30,1.0605233249351929
2017-07-03,1.0605233249351929
2017-07-05,1.0605233249351929
2017-07-06,1.0605233249351929
2017-07-07,1.0605233249351929
2017-07-10,1.0605233249351929
2017-07-11,1.0605233249351929
2017-07-12,1.0605233249351929
2017-07-13,1.0605233249351929
2017-07-14,1.0605233249351929
2017-07-17,1.0605233249351929
2017-07-18,1.0605233249351929
2017-07-19,1.0605233249351929
2017-07-20,1.0605233249351929
2017-07-21,1.0605233249351929
2017-07-24,1.0605233249351929
2017-07-25,1.0605233249351929
2017-07-26,1.0600228771814584
2017-07-27,1.0567075216519806
2017-07-28,1.0575640688663848
2017-07-31,1.0564723937118559
2017-08-01,1.0573520773435754
2017-08-02,1.0561532484757408
2017-08-03,1.0581566138639245
2017-08-04,1.0571448695364782
2017-08-07,1.0602375740277332
2017-08-08,1.0566880301048631
2017-08-09,1.057731831546594
2017-08-10,1.0474202535702923
2017-08-11,1.0486304235131665
2017-08-14,1.0587547970932363
2017-08-15,1.0572770020927265
2017-08-16,1.0572565384539867
2017-08-17,1.0414618062546892
2017-08-18,1.039951519516815
2017-08-21,1.0396204979967651
2017-08-22,1.0512031192983295
2017-08-23,1.0473521133630344
2017-08-24,1.048316615100046
2017-08-25,1.0476038987261627
2017-08-28,1.0474142753097229
2017-08-29,1.0505648677628487
2017-08-30,1.0576145429452801
2017-08-31,1.0680374644369937
2017-09-01,1.071449965024463
2017-09-05,1.0647895383575687
2017-09-06,1.062048266302385
2017-09-07,1.0626753242475702
2017-09-08,1.065060186463523
2017-09-11,1.0712897684412002
2017-09-12,1.0718798860040506
2017-09-13,1.0697646820055624
2017-09-14,1.0701594429073484
2017-09-15,1.0716274094170872
2017-09-18,1.0767195321257317
2017-09-19,1.0760877471390022
2017-09-20,1.0752252337526336
2017-09-21,1.0752043658324766
2017-09-22,1.0764147052015913
2017-09-25,1.0719281023678038
2017-09-26,1.0706760271583746
2017-09-27,1.0714690081243463
2017-09-28,1.0714690081243463
2017-09-29,1.0714690081243463
2017-10-02,1.0714690081243463
2017-10-03,1.0714690081243463
2017-10-04,1.0714690081243463
2017-10-05,1.0714690081243463
2017-10-06,1.0718231267201443
2017-10-09,1.0710039608117923
2017-10-10,1.0709058315623543
2017-10-11,1.0708119688020223
2017-10-12,1.0706669081724183
2017-10-13,1.0711618209087144
2017-10-16,1.0719681873497482
2017-10-17,1.0733291973745622
2017-10-18,1.073927193131457
2017-10-19,1.0734241316912057
2017-10-20,1.0730396623948097
2017-10-23,1.0753533730517715
2017-10-24,1.0775604265682759
2017-10-25,1.077394882146186
2017-10-26,1.07993247729142
2017-10-27,1.0950347950362906
2017-10-30,1.0841900472988757
2017-10-31,1.0916375998672545
2017-11-01,1.0888720004428267
2017-11-02,1.0923430251595647
2017-11-03,1.09256586679459
2017-11-06,1.0882482264025517
2017-11-07,1.0891864134117428
2017-11-08,1.0932011180391035
2017-11-09,1.083190676963812
2017-11-10,1.0835074176944761
2017-11-13,1.0862747677520832
2017-11-14,1.0889165784715065
2017-11-15,1.0840612068738014
2017-11-16,1.0963100173462117
2017-11-17,1.092464758061443
2017-11-20,1.0994828554122884
2017-11-21,1.107098453468401
2017-11-22,1.1070066949181632
2017-11-24,1.1095412607005721
2017-11-27,1.1093675576430608
2017-11-28,1.1138676337235283
2017-11-29,1.1132845009887196
2017-11-30,1.1241863628185516
2017-12-01,1.1192884484436316
2017-12-04,1.114382218721162
2017-12-05,1.1124145367467497
2017-12-06,1.1127586619476946
2017-12-07,1.1173965841882745
2017-12-08,1.1209648459997164
2017-12-11,1.1180070634438946
2017-12-12,1.1180216198336366
2017-12-13,1.1182967589408446
2017-12-14,1.1169052258770318
2017-12-15,1.1169052258770318
2017-12-18,1.1169052258770318
2017-12-19,1.1169052258770318
2017-12-20,1.1169052258770318
2017-12-21,1.1169052258770318
2017-12-22,1.1169052258770318
2017-12-26,1.1169052258770318
2017-12-27,1.1169052258770318
2017-12-28,1.1169052258770318
2017-12-29,1.1169052258770318
2018-01-02,1.1169052258770318
2018-01-03,1.1169052258770318
2018-01-04,1.1169052258770318
2018-01-05,1.117653211557068
2018-01-08,1.119051619567571
2018-01-09,1.1182060705379646
2018-01-10,1.1179296410475164
2018-01-11,1.118141028304918
2018-01-12,1.119731300449496
2018-01-16,1.1193649028389416
2018-01-17,1.1212815204357076
2018-01-18,1.117015599639626
2018-01-19,1.121485734692363
2018-01-22,1.123888156879655
2018-01-23,1.1260358095057184
2018-01-24,1.1165404517094428
2018-01-25,1.111838400532141
2018-01-26,1.1188343493832136
2018-01-29,1.1134707998917932
2018-01-30,1.1090498670043885
2018-01-31,1.1103167865518964
2018-02-01,1.1070482350771742
2018-02-02,1.0858485303963357
2018-02-05,1.051461791883203
2018-02-06,1.062402494505873
2018-02-07,1.061166001783478
2018-02-08,1.0270475272039992
2018-02-09,1.0332183717447665
2018-02-12,1.051051606000955
2018-02-13,1.0534456949587478
2018-02-14,1.0627809024080987
2018-02-15,1.0756350895906905
2018-02-16,1.0792362199885712
2018-02-20,1.0691037977615472
2018-02-21,1.064331237211228
2018-02-22,1.069025536651013
2018-02-23,1.0817641869801147
2018-02-26,1.0938974306849514
2018-02-27,1.0829345045147345
2018-02-28,1.0715194568363637
2018-03-01,1.0611424780458114
2018-03-02,1.0670028985512428
2018-03-05,1.073438166187303
2018-03-06,1.0756851098509967
2018-03-07,1.077031721573647
2018-03-08,1.080838074935106
2018-03-09,1.0919390371757909
2018-03-12,1.0871050495009968
2018-03-13,1.0855114751633959
2018-03-14,1.081043766842051
2018-03-15,1.0804746599638186
2018-03-16,1.0818683756336511
2018-03-19,1.0796350111074087
2018-03-20,1.0786823970346089
2018-03-21,1.0773935662302327
2018-03-22,1.0773935662302327
2018-03-23,1.0773935662302327
2018-03-26,1.0773935662302327
2018-03-27,1.0773935662302327
2018-03-28,1.0773935662302327
2018-03-29,1.0773935662302327
2018-04-02,1.0773935662302327
2018-04-03,1.0773935662302327
2018-04-04,1.0773935662302327
2018-04-05,1.0773935662302327
2018-04-06,1.0773935662302327
2018-04-09,1.0773935662302327
2018-04-10,1.0773935662302327
2018-04-11,1.0773935662302327
2018-04-12,1.0773935662302327
2018-04-13,1.074966509248737
2018-04-16,1.0749798264338206
2018-04-17,1.0753110914127766
2018-04-18,1.0747084887877412
2018-04-19,1.0750147840446653
2018-04-20,1.074908246563996
2018-04-23,1.0734070866695216
2018-04-24,1.0710019109274436
2018-04-25,1.0706723860456315
2018-04-26,1.080605618730498
2018-04-27,1.0847063754575144
2018-04-30,1.0678016523928366
2018-05-01,1.0730458399015517
2018-05-02,1.0645698223781035
2018-05-03,1.0663479235245326
2018-05-04,1.0795997266980102
2018-05-07,1.0899243088616968
2018-05-08,1.0907602988903138
2018-05-09,1.1062136942313159
2018-05-10,1.1154988091037772
2018-05-11,1.1146460993229277
2018-05-14,1.1163803944406299
2018-05-15,1.114476667361416
2018-05-16,1.1218363701752907
2018-05-17,1.124214713954165
2018-05-18,1.125495719467401
2018-05-21,1.138742074381351
2018-05-22,1.1334361584590635
2018-05-23,1.134348010455547
2018-05-24,1.1352391820212289
2018-05-25,1.130437211663811
2018-05-29,1.1217320422141803
2018-05-30,1.1381510693457113
2018-05-31,1.1257772806751645
2018-06-01,1.1441838847965307
2018-06-04,1.1491617670559466
2018-06-05,1.1506731804225174
2018-06-06,1.1640783406382877
2018-06-07,1.1573476909311997
2018-06-08,1.1677410993035626
2018-06-11,1.1683968992502831
2018-06-12,1.1683968992502831
2018-06-13,1.1683968992502831
2018-06-14,1.1683968992502831
2018-06-15,1.1683968992502831
2018-06-18,1.1683968992502831
2018-06-19,1.1683968992502831
2018-06-20,1.1683968992502831
2018-06-21,1.1683968992502831
2018-06-22,1.1683968992502831
2018-06-25,1.1683968992502831
2018-06-26,1.1683968992502831
2018-06-27,1.1683968992502831
2018-06-28,1.1683968992502831
2018-06-29,1.1683968992502831
2018-07-02,1.1683968992502831
2018-07-03,1.1683968992502831
2018-07-05,1.1683968992502831
2018-07-06,1.1683968992502831
2018-07-09,1.1683968992502831
2018-07-10,1.1683968992502831
2018-07-11,1.1683104589020312
2018-07-12,1.1674374113846877
2018-07-13,1.168440119424409
2018-07-16,1.1686735083646889
2018-07-17,1.170333163051124
2018-07-18,1.1695252270845637
2018-07-19,1.1696482485815725
2018-07-20,1.170832555387263
2018-07-23,1.1694053570743648
2018-07-24,1.1667915817023928
2018-07-25,1.1694479080291942
2018-07-26,1.1774247514248872
2018-07-27,1.1714513307965084
2018-07-30,1.1644918303463654
2018-07-31,1.175265333802365
2018-08-01,1.16419493643723
2018-08-02,1.163764364863206
2018-08-03,1.1699893392060687
2018-08-06,1.1743848739829525
2018-08-07,1.1745747595416574
2018-08-08,1.173232167373456
2018-08-09,1.1713839536095774
2018-08-10,1.1647164869341753
2018-08-13,1.1614724437358823
2018-08-14,1.1724343276675178
2018-08-15,1.1726405813373555
2018-08-16,1.1811645517028562
2018-08-17,1.1871891607780058
2018-08-20,1.1972763810196079
2018-08-21,1.2007265288332374
2018-08-22,1.1883046324564854
2018-08-23,1.187102176783875
2018-08-24,1.1916792490745671
2018-08-27,1.200831421279735
2018-08-28,1.2021652717687181
2018-08-29,1.2067736311524566
2018-08-30,1.1994107246815953
2018-08-31,1.20007851265889
2018-09-04,1.201418804151278
2018-09-05,1.2018448680372171
2018-09-06,1.2016467077405841
2018-09-07,1.2047974077434698
2018-09-10,1.2049134497847482
2018-09-11,1.2049134497847482
2018-09-12,1.2049134497847482
2018-09-13,1.2049134497847482
2018-09-14,1.2049134497847482
2018-09-17,1.2049134497847482
2018-09-18,1.2049134497847482
2018-09-19,1.2049134497847482
2018-09-20,1.2049134497847482
2018-09-21,1.2049134497847482
2018-09-24,1.2049134497847482
2018-09-25,1.2049134497847482
2018-09-26,1.2049134497847482
2018-09-27,1.2049134497847482
2018-09-28,1.2049134497847482
2018-10-01,1.2049134497847482
2018-10-02,1.2049134497847482
2018-10-03,1.2049134497847482
2018-10-04,1.2049134497847482
2018-10-05,1.2049134497847482
2018-10-08,1.2049134497847482
2018-10-09,1.2049134497847482
2018-10-10,1.2049134497847482
2018-10-11,1.2049134497847482
2018-10-12,1.2049134497847482
2018-10-15,1.2049134497847482
2018-10-16,1.2049134497847482
2018-10-17,1.2038232448537864
2018-10-18,1.2041550463545139
2018-10-19,1.208785470906364
2018-10-22,1.2032909522180935
2018-10-23,1.2082381899696397
2018-10-24,1.199079138462981
2018-10-25,1.2067389982919834
2018-10-26,1.200426720381968
2018-10-29,1.1917348624209723
2018-10-30,1.2168120496134778
2018-10-31,1.2307470436877672
2018-11-01,1.2499832146112626
2018-11-02,1.2649517016492646
2018-11-05,1.2577516473143475
2018-11-06,1.2592301124554617
2018-11-07,1.2890612201220393
2018-11-08,1.2856519040679777
2018-11-09,1.2681087410233516
2018-11-12,1.2394170666100655
2018-11-13,1.2455375537015432
2018-11-14,1.2409461330249305
2018-11-15,1.262541394511256
2018-11-16,1.2623320065368142
2018-11-19,1.2295023714437086
2018-11-20,1.2078082508568946
2018-11-21,1.2260635793289885
2018-11-23,1.2198831434814599
2018-11-26,1.242728749043895
2018-11-27,1.2389160812233933
2018-11-28,1.2709964638366014
2018-11-29,1.257900700573272
2018-11-30,1.2691061587393568
2018-12-03,1.2835084201131355
2018-12-04,1.246272038574227
2018-12-06,1.2493523518410021
2018-12-07,1.2226849896292051
2018-12-10,1.2246080373345747
2018-12-11,1.220149612729037
2018-12-12,1.2291524018430215
2018-12-13,1.2246315593174437
2018-12-14,1.2239213577320662
2018-12-17,1.2239213577320662
2018-12-18,1.2239213577320662
2018-12-19,1.2239213577320662
2018-12-20,1.2239213577320662
2018-12-21,1.2239213577320662
2018-12-24,1.2239213577320662
2018-12-26,1.2239213577320662
2018-12-27,1.2239213577320662
2018-12-28,1.2239213577320662
2018-12-31,1.2239213577320662
2019-01-02,1.2239213577320662
2019-01-03,1.2239213577320662
2019-01-04,1.2239213577320662
2019-01-07,1.2239213577320662
2019-01-08,1.2239213577320662
2019-01-09,1.2239213577320662
2019-01-10,1.2239213577320662
2019-01-11,1.2239213577320662
2019-01-14,1.2239213577320662
2019-01-15,1.2239213577320662
2019-01-16,1.22499754568431
2019-01-17,1.2243313340948259
2019-01-18,1.2265901461704145
2019-01-22,1.2266650456982262
2019-01-23,1.2271893423929092
2019-01-24,1.2268384972363169
2019-01-25,1.2275953766752576
2019-01-28,1.2270907903826305
2019-01-29,1.227315488966066
2019-01-30,1.2278786511147568
2019-01-31,1.2305892567549717
2019-02-01,1.229736183102034
2019-02-04,1.2351804026519926
2019-02-05,1.2381386871167526
2019-02-06,1.241597373163529
2019-02-07,1.234063177773397
2019-02-08,1.2333263331903432
2019-02-11,1.2338121995749054
2019-02-12,1.2444115897367705
2019-02-13,1.2474746407733308
2019-02-14,1.2506530753580754
2019-02-15,1.2588255258838108
2019-02-19,1.257876992610872
2019-02-20,1.2573631189178016
2019-02-21,1.2523989339323571
2019-02-22,1.2598442830468761
2019-02-25,1.2595293353604207
2019-02-26,1.2563101830725565
2019-02-27,1.2522723171248473
2019-02-28,1.2495088982115632
2019-03-01,1.2617122423540557
2019-03-04,1.2556704749582108
2019-03-05,1.254530644697373
2019-03-06,1.2440500401615957
2019-03-07,1.2358769493083037
2019-03-08,1.2292003538176912
2019-03-11,1.246669111269125
2019-03-12,1.2478529694917928
2019-03-13,1.2584879569212077
2019-03-14,1.2576680125427635
2019-03-15,1.2567438299151932
2019-03-18,1.2608615595362185
2019-03-19,1.2615838344693016
2019-03-20,1.2612665973719792
2019-03-21,1.2668290596136877
2019-03-22,1.2594412110062025
2019-03-25,1.258219046282517
2019-03-26,1.2589740291227327
2019-03-27,1.2601832149200245
2019-03-28,1.2613360925018187
2019-03-29,1.264495177659715
2019-04-01,1.2679247482234506
2019-04-02,1.2691823270993663
2019-04-03,1.2706773038077712
2019-04-04,1.2688201064749056
2019-04-05,1.271067547878974
2019-04-08,1.2706865290367424
2019-04-09,1.268298401109024
2019-04-10,1.2712982791577079
2019-04-11,1.2712982791577079
2019-04-12,1.2712982791577079
2019-04-15,1.2712982791577079
2019-04-16,1.2712982791577079
2019-04-17,1.2712982791577079
2019-04-18,1.2712982791577079
2019-04-22,1.2710762088630376
2019-04-23,1.2729097163087133
2019-04-24,1.2758544641868956
2019-04-25,1.2744604297794098
2019-04-26,1.2825227742683576
2019-04-29,1.2792610129348299
2019-04-30,1.285237246158822
2019-05-01,1.2707515418663273
2019-05-02,1.2711214025323392
2019-05-03,1.2844231326878737
2019-05-06,1.2827111042489063
2019-05-07,1.2651277317283738
2019-05-08,1.2629885133597598
2019-05-09,1.2691372406149823
2019-05-10,1.2750665714715639
2019-05-13,1.2470732881007285
2019-05-14,1.2679839359562761
2019-05-15,1.2726776736624117
2019-05-16,1.2854268480609445
2019-05-17,1.275157434946406
2019-05-20,1.2716955823638907
2019-05-21,1.283251374529011
2019-05-22,1.2801002841983182
2019-05-23,1.2596191470319935
2019-05-24,1.2630336592344702
2019-05-28,1.2565164474438735
2019-05-29,1.2513825845489808
2019-05-30,1.257961207898523
2019-05-31,1.2486983597241927
2019-06-03,1.2380633673082464
2019-06-04,1.2665468938691935
2019-06-05,1.2774477472553047
2019-06-06,1.2866471281835579
2019-06-07,1.295937080251165
2019-06-10,1.2897080906795022
2019-06-11,1.2834116760941605
2019-06-12,1.2838118277415478
2019-06-13,1.285947865568514
2019-06-14,1.285130704132888
2019-06-17,1.285130704132888
2019-06-18,1.285130704132888
2019-06-19,1.285130704132888
2019-06-20,1.285130704132888
2019-06-21,1.285130704132888
2019-06-24,1.285130704132888
2019-06-25,1.285130704132888
2019-06-26,1.285130704132888
2019-06-27,1.285130704132888
2019-06-28,1.285130704132888
2019-07-01,1.285130704132888
2019-07-02,1.285130704132888
2019-07-03,1.285130704132888
2019-07-05,1.285130704132888
2019-07-08,1.285130704132888
2019-07-09,1.285130704132888
2019-07-10,1.285130704132888
2019-07-11,1.285130704132888
2019-07-12,1.285130704132888
2019-07-15,1.285130704132888
2019-07-16,1.285130704132888
2019-07-17,1.285130704132888
2019-07-18,1.285130704132888
2019-07-19,1.285130704132888
2019-07-22,1.285130704132888
2019-07-23,1.285130704132888
2019-07-24,1.287595068292687
2019-07-25,1.287978577399126
2019-07-26,1.2897545344605947
2019-07-29,1.295232811678226
2019-07-30,1.293201030531114
2019-07-31,1.2888269772541854
2019-08-01,1.2828516420993814
2019-08-02,1.2778367787123979
2019-08-05,1.2507695018923446
2019-08-06,1.2648191017224066
2019-08-07,1.269047212795353
2019-08-08,1.288405760619594
2019-08-09,1.2902118451722493
2019-08-12,1.2814720753921027
2019-08-13,1.289140625613432
2019-08-14,1.263607515932442
2019-08-15,1.2697853845730005
2019-08-16,1.2811182336814844
2019-08-19,1.2965365475240336
2019-08-20,1.2914795110416177
2019-08-21,1.3036071521343622
2019-08-22,1.3031081150773547
2019-08-23,1.2714484993873012
2019-08-26,1.2842471413420236
2019-08-27,1.2837451150085735
2019-08-28,1.2875906869273197
2019-08-29,1.3001778430820463
2019-08-30,1.3008834943933665
2019-09-03,1.2926580583805343
2019-09-04,1.3054980550883846
2019-09-05,1.3197000343737852
2019-09-06,1.3244928620490186
2019-09-09,1.3232057976423262
2019-09-10,1.318322041820127
2019-09-11,1.3193433385589624
2019-09-12,1.3263135513555673
2019-09-13,1.3231757803400388
2019-09-16,1.3208812665088316
2019-09-17,1.3241474034314473
2019-09-18,1.3239518734062825
2019-09-19,1.3229622680378461
2019-09-20,1.3201402566361613
2019-09-23,1.322765399126404
2019-09-24,1.3201799893187385
2019-09-25,1.3221539590483338
2019-09-26,1.321385879265394
2019-09-27,1.3180090721242022
2019-09-30,1.3201580664427115
2019-10-01,1.3198214591182156
2019-10-02,1.3159548188275472
2019-10-03,1.3185525924345909
2019-10-04,1.322006991443697
2019-10-07,1.32087062243588
2019-10-08,1.3197073968319315
2019-10-09,1.320226720715938
2019-10-10,1.3195402341579834
2019-10-11,1.3200786141797225
2019-10-14,1.3182245687266891
2019-10-15,1.3168834486879457
2019-10-16,1.3165116530336407
2019-10-17,1.316713707419905
2019-10-18,1.3210054820720822
2019-10-21,1.3216585377767094
2019-10-22,1.3136987575370134
2019-10-23,1.3156341441658639
2019-10-24,1.308930875810877
2019-10-25,1.3150214848268806
2019-10-28,1.318965020319935
2019-10-29,1.3083354706394714
2019-10-30,1.3170579439677508
2019-10-31,1.3111410002045167
2019-11-01,1.3244317822965472
2019-11-04,1.323312938445237
2019-11-05,1.3261861015154253
2019-11-06,1.3305442738229323
2019-11-07,1.3336712044740053
2019-11-08,1.3367932896594807
2019-11-11,1.3400161674528277
2019-11-12,1.3440708122384386
2019-11-13,1.3502933690709666
2019-11-14,1.3499517311106504
2019-11-15,1.3617460259619285
2019-11-18,1.357541765393999
2019-11-19,1.362202167085594
2019-11-20,1.3554099115243765
2019-11-21,1.3497085206948085
2019-11-22,1.3427072429633746
2019-11-25,1.354098991489557
2019-11-26,1.3560483990651206
2019-11-27,1.3630265235322532
2019-11-29,1.3579730219755934
2019-12-02,1.3511921220458676
2019-12-03,1.3471949851326654
2019-12-04,1.3507255398507951
2019-12-05,1.3492467179027583
2019-12-06,1.357901389364462
2019-12-09,1.356690518285208
2019-12-10,1.3573830337872135
2019-12-11,1.3583951718286058
2019-12-12,1.3586970375602492
2019-12-13,1.360348420680416
2019-12-16,1.360348420680416
2019-12-17,1.360348420680416
2019-12-18,1.360348420680416
2019-12-19,1.360348420680416
2019-12-20,1.360348420680416
2019-12-23,1.360348420680416
2019-12-24,1.360348420680416
2019-12-26,1.360348420680416
2019-12-27,1.360348420680416
2019-12-30,1.360348420680416
2019-12-31,1.360348420680416
2020-01-02,1.360348420680416
2020-01-03,1.360348420680416
2020-01-06,1.360348420680416
2020-01-07,1.360348420680416
2020-01-08,1.360348420680416
2020-01-09,1.360348420680416
2020-01-10,1.360348420680416
2020-01-13,1.360348420680416
2020-01-14,1.360348420680416
2020-01-15,1.360348420680416
2020-01-16,1.3613907458125927
2020-01-17,1.3605272136775413
2020-01-21,1.3613108595798347
2020-01-22,1.3613336842177655
2020-01-23,1.3609038202034007
2020-01-24,1.358374089499395
2020-01-27,1.3550569087867737
2020-01-28,1.3557340397120565
2020-01-29,1.354604220134478
2020-01-30,1.356542612695545
2020-01-31,1.3521510474549066
2020-02-03,1.3562921872338338
2020-02-04,1.3662765819215645
2020-02-05,1.3658390506157665
2020-02-06,1.3658206488738651
2020-02-07,1.3645396993904233
2020-02-10,1.367680701748927
2020-02-11,1.3710051341392593
2020-02-12,1.375864846059696
2020-02-13,1.3751799326423808
2020-02-14,1.3838641179045954
2020-02-18,1.3840889999190449
2020-02-19,1.3865572105691288
2020-02-20,1.3812738743421369
2020-02-21,1.3760583208555597
2020-02-24,1.3471957279267273
2020-02-25,1.321302882392231
2020-02-26,1.3225925638984035
2020-02-27,1.291102958311671
2020-02-28,1.2872452208026475
2020-03-02,1.3269688682289007
2020-03-03,1.3035529523701164
2020-03-04,1.3484662428778094
2020-03-05,1.314321481533499
2020-03-06,1.2961205795196862
2020-03-09,1.2321555240698663
2020-03-10,1.2670178587855965
2020-03-11,1.2239397347411796
2020-03-12,1.1402129301074255
2020-03-13,1.1982766737486914
2020-03-16,1.0891661243750974
2020-03-17,1.1140101615408744
2020-03-18,1.080255038207906
2020-03-19,1.0870430616915017
2020-03-20,1.069800851510524
2020-03-23,1.0522131317816283
2020-03-24,1.1106586997244903
2020-03-25,1.1275953244039931
2020-03-26,1.1618996238919552
2020-03-27,1.141560831428129
2020-03-30,1.15999019143468
2020-03-31,1.1594380074120192
2020-04-01,1.147069114479728
2020-04-02,1.146722916480407
2020-04-03,1.1394687923628803
2020-04-06,1.1624911262269264
2020-04-07,1.161431884385967
2020-04-08,1.1704869798076656
2020-04-09,1.170976052379335
2020-04-13,1.1648547572012493
2020-04-14,1.1683323533047016
2020-04-15,1.165524858776001
2020-04-16,1.1669805966797717
2020-04-17,1.171151401308829
2020-04-20,1.1688291527480519
2020-04-21,1.165709714382829
2020-04-22,1.1710217752142187
2020-04-23,1.1685128441900412
2020-04-24,1.1731638075484274
2020-04-27,1.1794624016036033
2020-04-28,1.175857457034635
2020-04-29,1.1740678742529909
2020-04-30,1.1757823306313857
2020-05-01,1.167638388893899
2020-05-04,1.1756404801792968
2020-05-05,1.1928704086730475
2020-05-06,1.1938470404650077
2020-05-07,1.204686636199979
2020-05-08,1.2086707562743182
2020-05-11,1.2131922282255352
2020-05-12,1.190002223764781
2020-05-13,1.1761226008001748
2020-05-14,1.1902008480382278
2020-05-15,1.197666646725251
2020-05-18,1.2236258737149914
2020-05-19,1.216015048775092
2020-05-20,1.2234515363349574
2020-05-21,1.2178266387395915
2020-05-22,1.222840835736652
2020-05-26,1.2248657382038757
2020-05-27,1.2227408215413291
2020-05-28,1.2325237636902155
2020-05-29,1.2448270489528879
2020-06-01,1.2516328729278552
2020-06-02,1.2727455533311456
2020-06-03,1.2918992839284271
2020-06-04,1.2863081106089282
2020-06-05,1.3027014164160016
2020-06-08,1.3144649982394312
2020-06-09,1.3073652803595857
2020-06-10,1.3098779603706785
2020-06-11,1.2673767745048277
2020-06-12,1.2841390516436841
2020-06-15,1.2897588306417567
2020-06-16,1.2942955447762108
2020-06-17,1.2882832508041386
2020-06-18,1.2923982802094924
2020-06-19,1.2814704411061641
2020-06-22,1.2904878589075144
2020-06-23,1.2901484560938248
2020-06-24,1.2879079036295786
2020-06-25,1.2882070509613173
2020-06-26,1.2886527194351318
2020-06-29,1.2882253661040768
2020-06-30,1.2914488312297496
2020-07-01,1.2934296263927294
2020-07-02,1.293054334844902
2020-07-06,1.2945545658499136
2020-07-07,1.2955882113363026
2020-07-08,1.295040987255273
2020-07-09,1.2947369738769234
2020-07-10,1.2968954688632066
2020-07-13,1.2948585792282632
2020-07-14,1.2982939304036154
2020-07-15,1.297777107660421
2020-07-16,1.297777107660421
2020-07-17,1.2977163049847509
2020-07-20,1.2965610541470218
2020-07-21,1.2969866728767117
2020-07-22,1.302487138764471
2020-07-23,1.3015761355215296
2020-07-24,1.3005331629921169
2020-07-27,1.3004455380536806
2020-07-28,1.3037047973751976
2020-07-29,1.29363490836958
2020-07-30,1.2970193984861522
2020-07-31,1.2974714185355463
2020-08-03,1.2999078353546265
2020-08-04,1.3097270052502223
2020-08-05,1.31059830382525
2020-08-06,1.303608381216954
2020-08-07,1.3003910865045882
2020-08-10,1.2920711403888547
2020-08-11,1.2767485299969161
2020-08-12,1.3030790095781
2020-08-13,1.3025404430944123
2020-08-14,1.2986904123841017
2020-08-17,1.300637443279565
2020-08-18,1.3009834188913425
2020-08-19,1.2958321998448814
2020-08-20,1.2959477101050707
2020-08-21,1.2958722555086306
2020-08-24,1.3066607121100533
2020-08-25,1.3087308043344967
2020-08-26,1.312822416727964
2020-08-27,1.3029491241582654
2020-08-28,1.301356805485302
2020-08-31,1.2997189414177501
2020-09-01,1.3019419783765478
2020-09-02,1.326115402320364
2020-09-03,1.279662397095543
2020-09-04,1.2689304403262058
2020-09-08,1.2297571976817718
2020-09-09,1.254375575535255
2020-09-10,1.2417184157050345
2020-09-11,1.2385148716748167
2020-09-14,1.2448391720200676
2020-09-15,1.248328729722988
2020-09-16,1.2443985015090937
2020-09-17,1.2376664085924136
2020-09-18,1.2348079379262558
2020-09-21,1.2333157277900628
2020-09-22,1.2348707596233806
2020-09-23,1.229821970733294
2020-09-24,1.234034220049489
2020-09-25,1.2388323740202216
2020-09-28,1.2419705237117598
2020-09-29,1.2415978304752016
2020-09-30,1.2447069406444584
2020-10-01,1.2467618327207206
2020-10-02,1.2445458785079493
2020-10-05,1.2453583665908694
2020-10-06,1.2454655078765293
2020-10-07,1.245420865674171
2020-10-08,1.2451351555790782
2020-10-09,1.2451351555790782
2020-10-12,1.2451351555790782
2020-10-13,1.2451351555790782
2020-10-14,1.2451351555790782
2020-10-15,1.2451351555790782
2020-10-16,1.2451351555790782
2020-10-19,1.2451351555790782
2020-10-20,1.2451351555790782
2020-10-21,1.2423606307211892
2020-10-22,1.2424501315230565
2020-10-23,1.2412985545390296
2020-10-26,1.2381361928730485
2020-10-27,1.2363282766753274
2020-10-28,1.2342816916726265
2020-10-29,1.232519124909839
2020-10-30,1.2273449609219036
2020-11-02,1.2401345378284057
2020-11-03,1.2501892860299146
2020-11-04,1.2690404570076266
2020-11-05,1.28714939519807
2020-11-06,1.2796690354083158
2020-11-09,1.2839854491215614
2020-11-10,1.291520482587842
2020-11-11,1.3049974024484579
2020-11-12,1.2880033603008116
2020-11-13,1.3099045912187062
2020-11-16,1.329786114403067
2020-11-17,1.3267728476262561
2020-11-18,1.3218667592635678
2020-11-19,1.3320861372517927
2020-11-20,1.3340401233918933
2020-11-23,1.3535931410339999
2020-11-24,1.381057345115937
2020-11-25,1.3741117510292002
2020-11-27,1.3718166764400586
2020-11-30,1.3658721838617298
2020-12-01,1.3774920739729066
2020-12-02,1.3732043488866539
2020-12-03,1.3773105337367328
2020-12-04,1.4024881910129698
2020-12-07,1.4063426183163568
2020-12-08,1.4125958484069527
2020-12-09,1.4003365429394539
2020-12-10,1.4003251790527527
2020-12-11,1.390184903197601
2020-12-14,1.3845571027790484
2020-12-15,1.3862798289359752
2020-12-16,1.3897355312074502
2020-12-17,1.3945217597061417
2020-12-18,1.388329742948888
2020-12-21,1.3899430400815287
2020-12-22,1.3888645689551344
2020-12-23,1.3866095838726737
2020-12-24,1.3884303792808719
2020-12-28,1.3877860978287402
2020-12-29,1.3869457307172641
2020-12-30,1.3869457307172641
2020-12-31,1.3869457307172641
2021-01-04,1.3869457307172641
2021-01-05,1.3869457307172641
2021-01-06,1.3869457307172641
2021-01-07,1.3869457307172641
2021-01-08,1.3869457307172641
2021-01-11,1.3869457307172641
2021-01-12,1.3869457307172641
2021-01-13,1.3869457307172641
2021-01-14,1.3869457307172641
2021-01-15,1.3869457307172641
2021-01-19,1.3869457307172641
2021-01-20,1.3869457307172641
2021-01-21,1.3869457307172641
2021-01-22,1.3869457307172641
2021-01-25,1.3869457307172641
2021-01-26,1.3869457307172641
2021-01-27,1.3842781910031214
2021-01-28,1.3839051408896696
2021-01-29,1.3946788271806019
2021-02-01,1.4044114410283826
2021-02-02,1.4035755674050787
2021-02-03,1.3949402857925188
2021-02-04,1.4007247502594653
2021-02-05,1.3991637412788807
2021-02-08,1.404765404158483
2021-02-09,1.4034284955814988
2021-02-10,1.3953823971936186
2021-02-11,1.4055269729675002
2021-02-12,1.4182305757997808
2021-02-16,1.412689322777899
2021-02-17,1.4100650884207766
2021-02-18,1.4016054790450232
2021-02-19,1.39302897426342
2021-02-22,1.3816806511546158
2021-02-23,1.387585007124582
2021-02-24,1.3960222124170332
2021-02-25,1.3564401922633376
2021-02-26,1.3541842786218619
2021-03-01,1.387393393849132
2021-03-02,1.3833127521816373
2021-03-03,1.362192773259055
2021-03-04,1.34263198721208
2021-03-05,1.3766725123185217
2021-03-08,1.3595494036477453
2021-03-09,1.383770792084278
2021-03-10,1.3836528838337951
2021-03-11,1.4027042946774722
2021-03-12,1.4000890757142646
2021-03-15,1.4082713861576057
2021-03-16,1.409962891214088
2021-03-17,1.4160536847392118
2021-03-18,1.4075415898379533
2021-03-19,1.400559628930317
2021-03-22,1.398108937945179
2021-03-23,1.3956721963329046
2021-03-24,1.397091200922476
2021-03-25,1.3997918870768216
2021-03-26,1.3997918870768216
2021-03-29,1.3997918870768216
2021-03-30,1.3997918870768216
2021-03-31,1.3997918870768216
2021-04-01,1.3997918870768216
2021-04-05,1.3997918870768216
2021-04-06,1.3997918870768216
2021-04-07,1.3997918870768216
2021-04-08,1.3997918870768216
2021-04-09,1.3997918870768216
2021-04-12,1.3997918870768216
2021-04-13,1.3997918870768216
2021-04-14,1.3997918870768216
2021-04-15,1.3997918870768216
2021-04-16,1.3980403489532893
2021-04-19,1.3979893745212384
2021-04-20,1.3971213932199245
2021-04-21,1.405191822458499
2021-04-22,1.3975154261875713
2021-04-23,1.422155974653283
2021-04-26,1.4265995111286098
2021-04-27,1.4338262750289905
2021-04-28,1.4345566441877473
2021-04-29,1.4494419734722765
2021-04-30,1.437280801985293
2021-05-03,1.4490068420028035
2021-05-04,1.4495889313363661
2021-05-05,1.4586399231765652
2021-05-06,1.469283345984447
2021-05-07,1.4883669793390595
2021-05-10,1.4819428693744063
2021-05-11,1.4654492295887014
2021-05-12,1.4226957224919585
2021-05-13,1.4542526811356902
2021-05-14,1.486870248674709
2021-05-17,1.4964939351270823
2021-05-18,1.4772778504883735
2021-05-19,1.4707936901853254
2021-05-20,1.4780785189279155
2021-05-21,1.4782353475542929
2021-05-24,1.4928839014433528
2021-05-25,1.4799063007600106
2021-05-26,1.4867173748685225
2021-05-27,1.4860983095527405
2021-05-28,1.4933714000826277
2021-06-01,1.5074473788275773
2021-06-02,1.4961558559217307
2021-06-03,1.4943179258590777
2021-06-04,1.5018228487549372
2021-06-07,1.494305588233588
2021-06-08,1.4938076271910932
2021-06-09,1.4941264079646763
2021-06-10,1.497497616534277
2021-06-11,1.49788614214137
2021-06-14,1.49788614214137
2021-06-15,1.49788614214137
2021-06-16,1.49788614214137
2021-06-17,1.49788614214137
2021-06-18,1.49788614214137
2021-06-21,1.49788614214137
2021-06-22,1.49788614214137
2021-06-23,1.49788614214137
2021-06-24,1.49788614214137
2021-06-25,1.49788614214137
2021-06-28,1.49788614214137
2021-06-29,1.49788614214137
2021-06-30,1.49788614214137
2021-07-01,1.49788614214137
2021-07-02,1.49788614214137
2021-07-06,1.49788614214137
2021-07-07,1.49788614214137
2021-07-08,1.49788614214137
2021-07-09,1.49788614214137
2021-07-12,1.49788614214137
2021-07-13,1.49788614214137
2021-07-14,1.49788614214137
2021-07-15,1.49788614214137
2021-07-16,1.49788614214137
2021-07-19,1.4939393830818544
2021-07-20,1.4987665730084927
2021-07-21,1.5097504716292587
2021-07-22,1.5125896144383977
2021-07-23,1.5174942833839102
2021-07-26,1.5161549859129386
2021-07-27,1.5182087446062944
2021-07-28,1.5199316616780654
2021-07-29,1.5322519859959074
2021-07-30,1.5347444319570704
2021-08-02,1.5309152269141724
2021-08-03,1.5494141822754326
2021-08-04,1.5444176870005348
2021-08-05,1.5479731816415665
2021-08-06,1.5557164023430123
2021-08-09,1.5565676808174598
2021-08-10,1.5635069056187327
2021-08-11,1.5748187556508038
2021-08-12,1.5762151164661866
2021-08-13,1.5833944347744378
2021-08-16,1.5888824760786113
2021-08-17,1.5807531428692883
2021-08-18,1.5680646200448347
2021-08-19,1.5722882976409365
2021-08-20,1.5866238423572254
2021-08-23,1.5968720107638545
2021-08-24,1.6031959593696183
2021-08-25,1.607849460853834
2021-08-26,1.5983916923471044
2021-08-27,1.6120159728407972
2021-08-30,1.6128041078330846
2021-08-31,1.6088418955740964
2021-09-01,1.6131249397815837
2021-09-02,1.6185465872377542
2021-09-03,1.6169648176428586
2021-09-07,1.6085462417213834
2021-09-08,1.6088037437800926
2021-09-09,1.599674896967752
2021-09-10,1.5988966433813572
2021-09-13,1.5988966433813572
2021-09-14,1.5988966433813572
2021-09-15,1.5988966433813572
2021-09-16,1.5988966433813572
2021-09-17,1.5988966433813572
2021-09-20,1.5988966433813572
2021-09-21,1.5988966433813572
2021-09-22,1.5988966433813572
2021-09-23,1.5988966433813572
2021-09-24,1.5988966433813572
2021-09-27,1.5988966433813572
2021-09-28,1.5988966433813572
2021-09-29,1.5988966433813572
2021-09-30,1.5988966433813572
2021-10-01,1.5988966433813572
2021-10-04,1.5988966433813572
2021-10-05,1.5988966433813572
2021-10-06,1.5988966433813572
2021-10-07,1.5988966433813572
2021-10-08,1.5988966433813572
2021-10-11,1.5988966433813572
2021-10-12,1.5988966433813572
2021-10-13,1.5988966433813572
2021-10-14,1.5988966433813572
2021-10-15,1.5988966433813572
2021-10-18,1.5988966433813572
2021-10-19,1.5988966433813572
2021-10-20,1.60135948398473
2021-10-21,1.6085678740055216
2021-10-22,1.6170432500049683
2021-10-25,1.634165018345676
2021-10-26,1.6325314630870047
2021-10-27,1.6338010097120244
2021-10-28,1.6493885675131934
2021-10-29,1.668417578428648
2021-11-01,1.680384992506398
2021-11-02,1.6836293672032148
2021-11-03,1.6957494819092456
2021-11-04,1.7009970062147008
2021-11-05,1.712318330913272
2021-11-08,1.7006410723320378
2021-11-09,1.6857303093022544
2021-11-10,1.6753137056124459
2021-11-11,1.6871607692102786
2021-11-12,1.6948928006221098
2021-11-15,1.6936022289906343
2021-11-16,1.7021762658430841
2021-11-17,1.7043700236592934
2021-11-18,1.7079554923530482
2021-11-19,1.7039475509065753
2021-11-22,1.7016874407248361
2021-11-23,1.703045925361407
2021-11-24,1.7046516211515494
2021-11-26,1.656420171228989
2021-11-29,1.6800636250343328
2021-11-30,1.6427835501802743
2021-12-01,1.6211943013266834
2021-12-02,1.6460865381986882
2021-12-03,1.6206802757612133
2021-12-06,1.634095472058588
2021-12-07,1.6592454143753819
2021-12-08,1.6612723268011431
2021-12-09,1.6501029942098673
2021-12-10,1.654191506444144
2021-12-13,1.6505990012577088
2021-12-14,1.6505990012577088
2021-12-15,1.6505990012577088
2021-12-16,1.6505990012577088
2021-12-17,1.6505990012577088
2021-12-20,1.6505990012577088
2021-12-21,1.6505990012577088
2021-12-22,1.6505990012577088
2021-12-23,1.6505990012577088
2021-12-27,1.6505990012577088
2021-12-28,1.6505990012577088
2021-12-29,1.6505990012577088
2021-12-30,1.6505990012577088
2021-12-31,1.6505990012577088
2022-01-03,1.6505990012577088
2022-01-04,1.6505990012577088
2022-01-05,1.6505990012577088
2022-01-06,1.6505990012577088
2022-01-07,1.6505990012577088
2022-01-10,1.6505990012577088
2022-01-11,1.6505990012577088
2022-01-12,1.6505990012577088
2022-01-13,1.6505990012577088
2022-01-14,1.6505990012577088
2022-01-18,1.6505990012577088
2022-01-19,1.6505990012577088
2022-01-20,1.6505990012577088
2022-01-21,1.6505990012577088
2022-01-24,1.6505990012577088
2022-01-25,1.6505990012577088
2022-01-26,1.649331940707624
2022-01-27,1.6405067324170488
2022-01-28,1.6686530290756503
2022-01-31,1.6964589876125857
2022-02-01,1.7041489039613635
2022-02-02,1.6998321929444904
2022-02-03,1.6770807085174648
2022-02-04,1.6813583557080778
2022-02-07,1.6701406810811226
2022-02-08,1.6861699938573371
2022-02-09,1.71851101495683
2022-02-10,1.6942213220221252
2022-02-11,1.6551967022634972
2022-02-14,1.6534028392318643
2022-02-15,1.6764479200474154
2022-02-16,1.6829908317396083
2022-02-17,1.6421240016044467
2022-02-18,1.634728260840079
2022-02-22,1.6251626263261352
2022-02-23,1.5966212490265401
2022-02-24,1.6315494745827337
2022-02-25,1.668881235158517
2022-02-28,1.6594606036159405
2022-03-01,1.6236201819899612
2022-03-02,1.6410982625332162
2022-03-03,1.6265759895166052
2022-03-04,1.6032268239318548
2022-03-07,1.547365676546488
2022-03-08,1.5272367034082361
2022-03-09,1.5839070718357795
2022-03-10,1.5760293991529442
2022-03-11,1.5615413392426034
2022-03-14,1.5558147430953417
2022-03-15,1.570366602333274
2022-03-16,1.5816253660528372
2022-03-17,1.5879523457257467
2022-03-18,1.5867822271636483
2022-03-21,1.5894857517777092
2022-03-22,1.588341973554775
2022-03-23,1.588341973554775
2022-03-24,1.588341973554775
2022-03-25,1.588341973554775
2022-03-28,1.588341973554775
2022-03-29,1.588341973554775
2022-03-30,1.588341973554775
2022-03-31,1.588341973554775
2022-04-01,1.588341973554775
2022-04-04,1.588341973554775
2022-04-05,1.588341973554775
2022-04-06,1.588341973554775
2022-04-07,1.588341973554775
2022-04-08,1.588341973554775
2022-04-11,1.588341973554775
2022-04-12,1.588341973554775
2022-04-13,1.588341973554775
2022-04-14,1.588341973554775
2022-04-18,1.588341973554775
2022-04-19,1.588341973554775
2022-04-20,1.588341973554775
2022-04-21,1.588341973554775
2022-04-22,1.588341973554775
2022-04-25,1.588341973554775
2022-04-26,1.588341973554775
2022-04-27,1.5942104546898677
2022-04-28,1.6107462673230541
2022-04-29,1.580802919728936
2022-05-02,1.582086825334953
2022-05-03,1.5873753488309252
2022-05-04,1.636362229773013
2022-05-05,1.594342825564952
2022-05-06,1.5928706968535056
2022-05-09,1.5083816249918642
2022-05-10,1.5175630795494799
2022-05-11,1.5166540385645324
2022-05-12,1.5131424723752143
2022-05-13,1.556163522114346
2022-05-16,1.5660334483278595
2022-05-17,1.589595367075348
2022-05-18,1.5405922870339728
2022-05-19,1.5311373043984497
2022-05-20,1.5427302511575074
2022-05-23,1.5657753537903962
2022-05-24,1.560114609743546
2022-05-25,1.5786249291507126
2022-05-26,1.6071499379194263
2022-05-27,1.643648224909925
2022-05-31,1.6286747037801412
2022-06-01,1.630911882331392
2022-06-02,1.647364534201802
2022-06-03,1.6392676858376107
2022-06-06,1.6497560183239401
2022-06-07,1.6807241820971939
2022-06-08,1.6523727786205882
2022-06-09,1.6184116596156126
2022-06-10,1.5860663070310914
2022-06-13,1.5341019248935408
2022-06-14,1.534381403162381
2022-06-15,1.529834597674989
2022-06-16,1.4911527023262994
2022-06-17,1.4908410493952637
2022-06-21,1.4908410493952637
2022-06-22,1.4908410493952637
2022-06-23,1.4908410493952637
2022-06-24,1.4908410493952637
2022-06-27,1.4908410493952637
2022-06-28,1.4908410493952637
2022-06-29,1.4908410493952637
2022-06-30,1.4908410493952637
2022-07-01,1.4908410493952637
2022-07-05,1.4908410493952637
2022-07-06,1.4908410493952637
2022-07-07,1.4908410493952637
2022-07-08,1.4908410493952637
2022-07-11,1.4908410493952637
2022-07-12,1.4908410493952637
2022-07-13,1.4908410493952637
2022-07-14,1.4908410493952637
2022-07-15,1.4908410493952637
2022-07-18,1.4881200071158434
2022-07-19,1.4914142698238606
2022-07-20,1.4907742798348924
2022-07-21,1.494058754466052
2022-07-22,1.4917474717865535
2022-07-25,1.4965042216180637
2022-07-26,1.4932938256699673
2022-07-27,1.5108723701131768
2022-07-28,1.5373277282467597
2022-07-29,1.5548808391720794
2022-08-01,1.5489031142860523
2022-08-02,1.5394413967790719
2022-08-03,1.5576356420275848
2022-08-04,1.5548192492587956
2022-08-05,1.5558217546181898
2022-08-08,1.5631344497475874
2022-08-09,1.5600858091037821
2022-08-10,1.581661633267081
2022-08-11,1.5797694361798924
2022-08-12,1.6068147651115654
2022-08-15,1.615355624760446
2022-08-16,1.623942166652311
2022-08-17,1.6094492823255278
2022-08-18,1.6102171717212923
2022-08-19,1.5936474515713674
2022-08-22,1.5580719040226432
2022-08-23,1.5508886096727572
2022-08-24,1.5537043380936486
2022-08-25,1.5741550319846485
2022-08-26,1.5253331647666324
2022-08-29,1.520386966478973
2022-08-30,1.5120948128721068
2022-08-31,1.5013694156539552
2022-09-01,1.5018295745483976
2022-09-02,1.493677643348927
2022-09-06,1.492059803874347
2022-09-07,1.5153542654178254
2022-09-08,1.5257211871737524
2022-09-09,1.528492218928231
2022-09-12,1.528492218928231
2022-09-13,1.528492218928231
2022-09-14,1.528492218928231
2022-09-15,1.528492218928231
2022-09-16,1.528492218928231
2022-09-19,1.528492218928231
2022-09-20,1.528492218928231
2022-09-21,1.528492218928231
2022-09-22,1.528492218928231
2022-09-23,1.528492218928231
2022-09-26,1.528492218928231
2022-09-27,1.528492218928231
2022-09-28,1.528492218928231
2022-09-29,1.528492218928231
2022-09-30,1.528492218928231
2022-10-03,1.528492218928231
2022-10-04,1.528492218928231
2022-10-05,1.528492218928231
2022-10-06,1.528492218928231
2022-10-07,1.528492218928231
2022-10-10,1.528492218928231
2022-10-11,1.528492218928231
2022-10-12,1.528492218928231
2022-10-13,1.528492218928231
2022-10-14,1.528492218928231
2022-10-17,1.524892761408725
2022-10-18,1.5253572075402742
2022-10-19,1.5169208261410136
2022-10-20,1.5166852049895416
2022-10-21,1.524192672918786
2022-10-24,1.531010908157128
2022-10-25,1.5431740073498394
2022-10-26,1.5495117787145087
2022-10-27,1.5488193414151608
2022-10-28,1.5770682441343635
2022-10-31,1.58112795843204
2022-11-01,1.586608111718757
2022-11-02,1.5545684392718695
2022-11-03,1.568551225743688
2022-11-04,1.5854897125501206
2022-11-07,1.5978147094650241
2022-11-08,1.6067454531765102
2022-11-09,1.5813416544952006
2022-11-10,1.6533736474699647
2022-11-11,1.6349170239368704
2022-11-14,1.6140164762876361
2022-11-15,1.6307268913547726
2022-11-16,1.6253307571653375
2022-11-17,1.618190685353131
2022-11-18,1.6364055948298555
2022-11-21,1.6413418366018224
2022-11-22,1.6577597098040027
2022-11-23,1.665025689677414
2022-11-25,1.6726849147040765
2022-11-28,1.6461187670557276
2022-11-29,1.648864575610777
2022-11-30,1.6881952500722648
2022-12-01,1.6897733026523705
2022-12-02,1.6925069861542559
2022-12-05,1.6633829522850023
2022-12-06,1.6514864323423748
2022-12-07,1.6495298806050642
2022-12-08,1.6616363113024275
2022-12-09,1.6539382352777037
2022-12-12,1.6643499707975085
2022-12-13,1.6671205109917548
2022-12-14,1.6680289505023085
2022-12-15,1.6590672951596623
2022-12-16,1.6561394094093265
2022-12-19,1.6561394094093265
2022-12-20,1.6561394094093265
2022-12-21,1.6561394094093265
2022-12-22,1.6561394094093265
2022-12-23,1.6561394094093265
2022-12-27,1.6561394094093265
2022-12-28,1.6561394094093265
2022-12-29,1.6561394094093265
2022-12-30,1.6561394094093265
2023-01-03,1.6561394094093265
2023-01-04,1.6561394094093265
2023-01-05,1.6561394094093265
2023-01-06,1.6561394094093265
2023-01-09,1.6561394094093265
2023-01-10,1.6561394094093265
2023-01-11,1.6561394094093265
2023-01-12,1.6561394094093265
2023-01-13,1.6561394094093265
2023-01-17,1.6561394094093265
2023-01-18,1.6563443771580157
2023-01-19,1.6508837340225861
2023-01-20,1.6527374611307128
2023-01-23,1.6582295671516518
2023-01-24,1.6567552084206185
2023-01-25,1.6554801345370382
2023-01-26,1.6586181862142617
2023-01-27,1.6603099438347604
2023-01-30,1.6569323363739876
2023-01-31,1.6631034962353528
2023-02-01,1.6740984565234212
2023-02-02,1.676874961692631
2023-02-03,1.6798729626918911
2023-02-06,1.673874009684947
2023-02-07,1.6765905373912726
2023-02-08,1.6738929929119786
2023-02-09,1.6682373008293707
2023-02-10,1.6637886618837971
2023-02-13,1.6709606404361845
2023-02-14,1.678667682843246
2023-02-15,1.6960486022685035
2023-02-16,1.6775607403297683
2023-02-17,1.6621514110722944
2023-02-21,1.6394784203715052
2023-02-22,1.6334890306823522
2023-02-23,1.633513732190995
2023-02-24,1.6208778806684416
2023-02-27,1.6220423232896284
2023-02-28,1.6160386613934954
2023-03-01,1.622696327662679
2023-03-02,1.6352246157091137
2023-03-03,1.6633652098251042
2023-03-06,1.660018602446868
2023-03-07,1.6464707718759595
2023-03-08,1.6444755142393652
2023-03-09,1.6189898301763654
2023-03-10,1.5853771286847866
2023-03-13,1.5870179854337572
2023-03-14,1.6063220400215208
2023-03-15,1.5854751720672462
2023-03-16,1.6012698690629295
2023-03-17,1.5867656055130852
2023-03-20,1.6024133576192812
2023-03-21,1.627291153685511
2023-03-22,1.603140476943306
2023-03-23,1.5995011724236838
2023-03-24,1.5932214782596188
2023-03-27,1.599405286127003
2023-03-28,1.600905826541076
2023-03-29,1.6140803374666852
2023-03-30,1.6167599505306456
2023-03-31,1.628915833109703
2023-04-03,1.6332736596169162
2023-04-04,1.6240910254486516
2023-04-05,1.6201427361730238
2023-04-06,1.6191498396042328
2023-04-10,1.6202904095839579
2023-04-11,1.6193575709591812
2023-04-12,1.6192054762432826
2023-04-13,1.622503184898274
2023-04-14,1.6229449491537253
2023-04-17,1.6229449491537253
2023-04-18,1.6229449491537253
2023-04-19,1.6229449491537253
2023-04-20,1.6229449491537253
2023-04-21,1.6244881339878567
2023-04-24,1.621938700166376
2023-04-25,1.620173574142617
2023-04-26,1.6170889383898985
2023-04-27,1.6222195944844988
2023-04-28,1.6260825330898978
2023-05-01,1.6331876773677898
2023-05-02,1.6202973564258436
2023-05-03,1.6140963263483232
2023-05-04,1.6023368172526646
2023-05-05,1.6206341009761374
2023-05-08,1.6192673238213986
2023-05-09,1.6108358565484937
2023-05-10,1.6103449071580827
2023-05-11,1.604556608900355
2023-05-12,1.6053412616329923
2023-05-15,1.60950399726744
2023-05-16,1.5889624841686063
2023-05-17,1.6028435961958334
2023-05-18,1.613060197674949
2023-05-19,1.6081748665827396
2023-05-22,1.6051310836532302
2023-05-23,1.586686160964535
2023-05-24,1.5652769302573573
2023-05-25,1.5712793964011924
2023-05-26,1.5838558335602997
2023-05-30,1.5829145313483333
2023-05-31,1.5716720389201306
2023-06-01,1.5861698529505128
2023-06-02,1.6224497658959196
2023-06-05,1.622855169383587
2023-06-06,1.6274719680755438
2023-06-07,1.6411167908195816
2023-06-08,1.6406542812956615
2023-06-09,1.6489694914967774
2023-06-12,1.6631637609744068
2023-06-13,1.6744375961597107
2023-06-14,1.672957394582776
2023-06-15,1.675815993465311
2023-06-16,1.675815993465311
2023-06-20,1.675815993465311
2023-06-21,1.675815993465311
2023-06-22,1.675815993465311
2023-06-23,1.675815993465311
2023-06-26,1.675815993465311
2023-06-27,1.675815993465311
2023-06-28,1.675815993465311
2023-06-29,1.675815993465311
2023-06-30,1.675815993465311
2023-07-03,1.675815993465311
2023-07-05,1.675815993465311
2023-07-06,1.675815993465311
2023-07-07,1.675815993465311
2023-07-10,1.675815993465311
2023-07-11,1.675815993465311
2023-07-12,1.675815993465311
2023-07-13,1.675815993465311
2023-07-14,1.675815993465311
2023-07-17,1.675815993465311
2023-07-18,1.675815993465311
2023-07-19,1.678709384627008
2023-07-20,1.679432732417432
2023-07-21,1.6776661088819347
2023-07-24,1.6825734225158069
2023-07-25,1.682162409231617
2023-07-26,1.6806462176352455
2023-07-27,1.682195681928372
2023-07-28,1.6872193608467154
2023-07-31,1.680168046458228
2023-08-01,1.6815192116318687
2023-08-02,1.6641780088838676
2023-08-03,1.6663977899140805
2023-08-04,1.6595114113009732
2023-08-07,1.677900354101495
2023-08-08,1.6731796245499393
2023-08-09,1.6611649882966661
2023-08-10,1.6606284854537265
2023-08-11,1.6548375665159738
2023-08-14,1.66020660999486
2023-08-15,1.638903743144612
2023-08-16,1.6204700936283687
2023-08-17,1.616263121473904
2023-08-18,1.6090428219351915
2023-08-21,1.6084758690526106
2023-08-22,1.6014863428362964
2023-08-23,1.617580088532641
2023-08-24,1.595702124637141
2023-08-25,1.6019024890282063
2023-08-28,1.6118248021312023
2023-08-29,1.636004606546658
2023-08-30,1.6382836227954656
2023-08-31,1.6428849933352725
2023-09-01,1.6435038947290568
2023-09-05,1.638114453948044
2023-09-06,1.6366375403391493
2023-09-07,1.6330158228151135
2023-09-08,1.6290222983795188
2023-09-11,1.631610145510097
2023-09-12,1.6283344682737204
2023-09-13,1.6276785898589536
2023-09-14,1.6308006331451772
2023-09-15,1.6269222074417193
2023-09-18,1.6269222074417193
2023-09-19,1.6269222074417193
2023-09-20,1.6269222074417193
2023-09-21,1.6269222074417193
2023-09-22,1.6269222074417193
2023-09-25,1.6269222074417193
2023-09-26,1.6269222074417193
2023-09-27,1.6269222074417193
2023-09-28,1.6269222074417193
2023-09-29,1.6269222074417193
2023-10-02,1.6269222074417193
2023-10-03,1.6269222074417193
2023-10-04,1.6269222074417193
2023-10-05,1.6269222074417193
2023-10-06,1.6269222074417193
2023-10-09,1.6269222074417193
2023-10-10,1.6269222074417193
2023-10-11,1.6269222074417193
2023-10-12,1.6269222074417193
2023-10-13,1.6269222074417193
2023-10-16,1.6269222074417193
2023-10-17,1.6269222074417193
2023-10-18,1.6269222074417193
2023-10-19,1.6269222074417193
2023-10-20,1.6269222074417193
2023-10-23,1.6269222074417193
2023-10-24,1.6269222074417193
2023-10-25,1.6269222074417193
2023-10-26,1.6269222074417193
2023-10-27,1.6216086491254413
2023-10-30,1.629017220260844
2023-10-31,1.6555568112308259
2023-11-01,1.6896597121079229
2023-11-02,1.7075733302110205
2023-11-03,1.729332606413117
2023-11-06,1.7245318118230817
2023-11-07,1.72614010989666
2023-11-08,1.7266580647413488
2023-11-09,1.72046428461035
2023-11-10,1.7371413428996851
2023-11-13,1.7471729702659444
2023-11-14,1.7909427791599852
2023-11-15,1.7853770713027077
2023-11-16,1.793750619013646
2023-11-17,1.8003588120798362
2023-11-20,1.8187556193978929
2023-11-21,1.8175136500586948
2023-11-22,1.8256454869421295
2023-11-24,1.8341973536463336
2023-11-27,1.843985347978927
2023-11-28,1.8273968222682293
2023-11-29,1.8360990816034644
2023-11-30,1.8518167101316112
2023-12-01,1.8746927301558918
2023-12-04,1.8773563406811935
2023-12-05,1.8733495966569553
2023-12-06,1.872819033402892
2023-12-07,1.8732298480086045
2023-12-08,1.877212965157602
2023-12-11,1.894591325776434
2023-12-12,1.901051803950899
2023-12-13,1.9073342924678145
2023-12-14,1.9089827396507886
2023-12-15,1.9089827396507886
2023-12-18,1.9089827396507886
2023-12-19,1.9089827396507886
2023-12-20,1.9089827396507886
2023-12-21,1.9089827396507886
2023-12-22,1.9089827396507886
2023-12-26,1.9089827396507886
2023-12-27,1.9089827396507886
2023-12-28,1.9089827396507886
2023-12-29,1.9089827396507886
2024-01-02,1.9089827396507886
2024-01-03,1.9089827396507886
2024-01-04,1.9089827396507886
2024-01-05,1.9089827396507886
2024-01-08,1.9089827396507886
2024-01-09,1.9089827396507886
2024-01-10,1.9089827396507886
2024-01-11,1.9089827396507886
2024-01-12,1.9089827396507886
2024-01-16,1.9089827396507886
2024-01-17,1.9089827396507886
2024-01-18,1.9089827396507886
2024-01-19,1.9089827396507886
2024-01-22,1.9089827396507886
2024-01-23,1.9089827396507886
2024-01-24,1.912547868795583
2024-01-25,1.9195189280470155
2024-01-26,1.9154597350568032
2024-01-29,1.9126088236753263
2024-01-30,1.913280541179833
2024-01-31,1.903277291399601
2024-02-01,1.9096978481438
2024-02-02,1.9147012567409387
2024-02-05,1.908980095978322
2024-02-06,1.9140314994143917
2024-02-07,1.9337029145555145
2024-02-08,1.9444431598160896
2024-02-09,1.9492776204110989
2024-02-12,1.9602770666353417
2024-02-13,1.9347481143146716
2024-02-14,1.9576264113030228
2024-02-15,1.979009934148079
2024-02-16,1.972917125052497
2024-02-20,1.958229786264117
2024-02-21,1.9525707861025345
2024-02-22,1.9843530055474319
2024-02-23,1.9855018081366707
2024-02-26,1.9823439080094365
2024-02-27,1.9921487860749045
2024-02-28,1.9908937690863229
2024-02-29,1.9916225178188727
2024-03-01,1.9956013390757796
2024-03-04,1.994518733049017
2024-03-05,2.0013263335105207
2024-03-06,2.0340627541073717
2024-03-07,2.0415672194005365
2024-03-08,2.0399713056266817
2024-03-11,2.029960721265068
2024-03-12,2.0335907247495872
2024-03-13,2.038861597921625
2024-03-14,2.0275201888437593
2024-03-15,2.0168745163685626
2024-03-18,2.0241347351439565
2024-03-19,2.0276466005402796
2024-03-20,2.0364875802305433
2024-03-21,2.0373540725157677
2024-03-22,2.0302925573818755
2024-03-25,2.0314053797018934
2024-03-26,2.0319993842873942
2024-03-27,2.033979399572396
2024-03-28,2.0354644110361475
2024-04-01,2.0354644110361475
2024-04-02,2.0354644110361475
2024-04-03,2.0354644110361475
2024-04-04,2.0354644110361475
2024-04-05,2.0354644110361475
2024-04-08,2.0354644110361475
2024-04-09,2.0354644110361475
2024-04-10,2.0354644110361475
2024-04-11,2.0354644110361475
2024-04-12,2.030888876959418
2024-04-15,2.0251393389596775
2024-04-16,2.0204464582620174
2024-04-17,2.018062605587186
2024-04-18,2.01772040757199
2024-04-19,2.021742169142355
2024-04-22,2.025735175519978
2024-04-23,2.02748963143231
2024-04-24,2.0276159246752243
2024-04-25,2.030285361846472
2024-04-26,2.0383749921054113
2024-04-29,2.03734157051152
2024-04-30,2.0087577655357554
2024-05-01,2.0097092673019894
2024-05-02,2.012287967376667
2024-05-03,2.023637024294905
2024-05-06,2.045569970638189
2024-05-07,2.0602486888218143
2024-05-08,2.049647190891755
2024-05-09,2.0661115403588846
2024-05-10,2.0644708924495863
2024-05-13,2.053478059212393
2024-05-14,2.055170459251552
2024-05-15,2.0793404367183133
2024-05-16,2.068678595397612
2024-05-17,2.0754787119718046
2024-05-20,2.0715753195648654
2024-05-21,2.0727198325202725
2024-05-22,2.0622016636616514
2024-05-23,2.035846037099174
2024-05-24,2.0478147496600347
2024-05-28,2.0246969240056822
2024-05-29,2.0026855117742914
2024-05-30,2.0136517201743196
2024-05-31,2.0290774842113337
2024-06-03,2.0264481486675723
2024-06-04,2.024323892278886
2024-06-05,2.0382914278667266
2024-06-06,2.032840783530027
2024-06-07,2.0319456343613336
2024-06-10,2.0355033269726346
2024-06-11,2.033529267879118
2024-06-12,2.03771348340381
2024-06-13,2.041892537667014
2024-06-14,2.0404492199730666
2024-06-17,2.041686777873245
2024-06-18,2.041686777873245
2024-06-20,2.041686777873245
2024-06-21,2.041686777873245
2024-06-24,2.041686777873245
2024-06-25,2.041686777873245
2024-06-26,2.041686777873245
2024-06-27,2.041686777873245
2024-06-28,2.041686777873245
2024-07-01,2.041686777873245
2024-07-02,2.041686777873245
2024-07-03,2.041686777873245
2024-07-05,2.041686777873245
2024-07-08,2.041686777873245
2024-07-09,2.041686777873245
2024-07-10,2.041686777873245
2024-07-11,2.041686777873245
2024-07-12,2.041686777873245
2024-07-15,2.041686777873245
2024-07-16,2.041686777873245
2024-07-17,2.041686777873245
2024-07-18,2.041686777873245
2024-07-19,2.041686777873245
2024-07-22,2.041686777873245
2024-07-23,2.041686777873245
2024-07-24,2.041686777873245
2024-07-25,2.041686777873245
2024-07-26,2.051124725173894
2024-07-29,2.053511625129074
2024-07-30,2.055316520992031
2024-07-31,2.0694644058367953
2024-08-01,2.045582775987327
2024-08-02,1.9824359512836867
2024-08-05,1.94204254342382
2024-08-06,1.966074489474495
2024-08-07,1.9533160000687073
2024-08-08,1.998578705280617
2024-08-09,2.0014696119901108
2024-08-12,1.996424510464797
2024-08-13,2.0167069161178985
2024-08-14,2.0241724606488156
2024-08-15,2.0484331740054236
2024-08-16,2.051176911988515
2024-08-19,2.062827192663708
2024-08-20,2.052474662877188
2024-08-21,2.067016024967539
2024-08-22,2.0650461183179667
2024-08-23,2.0927794798289483
2024-08-26,2.084298542273465
2024-08-27,2.0875019230221987
2024-08-28,2.0762308697517047
2024-08-29,2.089648065557005
2024-08-30,2.110472729860991
2024-09-03,2.0627464264620343
2024-09-04,2.058822083574361
2024-09-05,2.044242034443714
2024-09-06,2.0206137157084827
2024-09-09,2.051137420965726
2024-09-10,2.0545295557347476
2024-09-11,2.067963181231217
2024-09-12,2.0836961229801445
2024-09-13,2.093311249894633
2024-09-16,2.092907187352793
2024-09-17,2.092907187352793
2024-09-18,2.092907187352793
2024-09-19,2.092907187352793
2024-09-20,2.092907187352793
2024-09-23,2.092907187352793
2024-09-24,2.092907187352793
2024-09-25,2.092907187352793
2024-09-26,2.092907187352793
2024-09-27,2.092907187352793
2024-09-30,2.092907187352793
2024-10-01,2.092907187352793
2024-10-02,2.092907187352793
2024-10-03,2.092907187352793
2024-10-04,2.092907187352793
2024-10-07,2.092907187352793
2024-10-08,2.092907187352793
2024-10-09,2.0961610085005256
2024-10-10,2.0966243691070066
2024-10-11,2.0984984053376623
2024-10-14,2.0998267057429074
2024-10-15,2.0996207676955825
2024-10-16,2.0981586075595766
2024-10-17,2.098354248704535
2024-10-18,2.1084070484660775
2024-10-21,2.105927906275216
2024-10-22,2.1024761445885245
2024-10-23,2.099596887676436
2024-10-24,2.1023174656736154
2024-10-25,2.0883114355620114
2024-10-28,2.0945373353206738
2024-10-29,2.0942413269163627
2024-10-30,2.09675789875548
2024-10-31,2.0741483833587133
2024-11-01,2.065769762115215
2024-11-04,2.070690677727692
2024-11-05,2.0930635985069506
2024-11-06,2.120136812307965
2024-11-07,2.1282484028879063
2024-11-08,2.1539877080258076
2024-11-11,2.1629118984426974
2024-11-12,2.149861151942518
2024-11-13,2.152970691545241
2024-11-14,2.1479523274628733
2024-11-15,2.1198338383119992
2024-11-18,2.1390917114137884
2024-11-19,2.1434689296431837
2024-11-20,2.158322768067697
2024-11-21,2.1809310659572785
2024-11-22,2.1953462237007497
2024-11-25,2.195828287103715
2024-11-26,2.2076949728222504
2024-11-27,2.2020756530434547
2024-11-29,2.209808776608438
2024-12-02,2.1982185516687114
2024-12-03,2.1913962849404856
2024-12-04,2.200190408647424
2024-12-05,2.191251942862375
2024-12-06,2.1824762165156404
2024-12-09,2.1796676623037157
2024-12-10,2.173136259565145
2024-12-11,2.1775588719821437
2024-12-12,2.180948229216383
2024-12-13,2.180948229216383
2024-12-16,2.180948229216383
2024-12-17,2.180948229216383
2024-12-18,2.180948229216383
2024-12-19,2.180948229216383
2024-12-20,2.180948229216383
2024-12-23,2.180948229216383
2024-12-24,2.180948229216383
2024-12-26,2.180948229216383
2024-12-27,2.180948229216383
2024-12-30,2.180948229216383
2024-12-31,2.180948229216383
2025-01-02,2.180948229216383
2025-01-03,2.180948229216383
2025-01-06,2.180948229216383
2025-01-07,2.180948229216383
2025-01-08,2.180948229216383
2025-01-09,2.180948229216383
2025-01-10,2.180948229216383
2025-01-13,2.180948229216383
2025-01-14,2.180948229216383
2025-01-15,2.180948229216383
2025-01-16,2.180948229216383
2025-01-17,2.180948229216383
2025-01-21,2.180948229216383
2025-01-22,2.180948229216383
2025-01-23,2.180948229216383
2025-01-24,2.180948229216383
2025-01-27,2.180948229216383
2025-01-28,2.180948229216383
2025-01-29,2.180948229216383
2025-01-30,2.180948229216383
2025-01-31,2.180948229216383
2025-02-03,2.180948229216383
2025-02-04,2.180948229216383
2025-02-05,2.180948229216383
2025-02-06,2.1761822122716676
2025-02-07,2.1709915007477205
2025-02-10,2.1641727933367165
2025-02-11,2.1604449186967907
2025-02-12,2.1611545708177258
2025-02-13,2.1749882394963764
2025-02-14,2.174274325469925
2025-02-18,2.154461449638272
2025-02-19,2.152091254475944
2025-02-20,2.1430845080202716
2025-02-21,2.1008820323012345
2025-02-24,2.1069453856425797
2025-02-25,2.086506076174996
2025-02-26,2.0898545233518213
2025-02-27,2.053029833970567
2025-02-28,2.074397289997318
2025-03-03,2.030809348657168
2025-03-04,2.013841927265209
2025-03-05,2.032185361432817
2025-03-06,1.9787096153265038
2025-03-07,1.9942286195943801
2025-03-10,1.9366667702855205
2025-03-11,1.9230911484910231
2025-03-12,1.9423136479929062
2025-03-13,1.9069106515419931
2025-03-14,1.9642585378535726
2025-03-17,1.9950257220430963
2025-03-18,1.975826959718613
2025-03-19,2.001433861437748
2025-03-20,1.9976939291035853
2025-03-21,1.9953977468852337
2025-03-24,2.0330733379719064
2025-03-25,2.0322577460916014
2025-03-26,2.006967909075848
2025-03-27,1.997545649206991
2025-03-28,1.9634823540257345
2025-03-31,1.9748231120954964
2025-04-01,1.9816590408898327
2025-04-02,1.9944158226869126
2025-04-03,1.935076828676042
2025-04-04,1.8924641814352983
2025-04-07,1.9035255740697894
2025-04-08,1.899492790645227
2025-04-09,1.9680823929083169
2025-04-10,1.9490116623474965
2025-04-11,1.9602099026786088
2025-04-14,1.9600191352719278
2025-04-15,1.9593657730757976
2025-04-16,1.9526825221801696
2025-04-17,1.9503609631558378
2025-04-21,1.9417483726071703
2025-04-22,1.9462284596423167
2025-04-23,1.9387760629677881
2025-04-24,1.9580961135720887
2025-04-25,1.9566157931276633
2025-04-28,1.9568694368598518
2025-04-29,1.956695759681367
2025-04-30,1.9713649595748728
2025-05-01,1.9638907335510851
2025-05-02,2.00623216156219
2025-05-05,1.9985892838339472
2025-05-06,1.9886178289214593
2025-05-07,2.0101705435922606
2025-05-08,2.017913960443956
2025-05-09,2.02826777156804
2025-05-12,2.1047519027036548
2025-05-13,2.118934663490728
2025-05-14,2.106376217114879
2025-05-15,2.1247407024362652
2025-05-16,2.140148996136968
2025-05-19,2.145348794873232
2025-05-20,2.1413710395605663
2025-05-21,2.103632647255285
2025-05-22,2.1030055177165816
2025-05-23,2.097332165614988
2025-05-27,2.1440082741563784
2025-05-28,2.1391781730894417
2025-05-29,2.151150224787531
2025-05-30,2.1394917544925245
2025-06-02,2.1485551467738855
2025-06-03,2.161732911370811
2025-06-04,2.1737847477221677
2025-06-05,2.171805876013606
2025-06-06,2.1850464949568917
2025-06-09,2.1874564932219074
2025-06-10,2.1847296924412767
2025-06-11,2.1755608377042153
2025-06-12,2.177265638452564
2025-06-13,2.171644473264148
2025-06-16,2.1748014059679144
2025-06-17,2.1748014059679144
2025-06-18,2.1748014059679144
2025-06-20,2.1748014059679144
2025-06-23,2.1748014059679144
2025-06-24,2.1748014059679144
2025-06-25,2.1748014059679144
2025-06-26,2.1748014059679144
2025-06-27,2.1748014059679144
2025-06-30,2.1748014059679144
2025-07-01,2.1748014059679144
2025-07-02,2.1748014059679144
2025-07-03,2.1748014059679144
2025-07-07,2.1748014059679144
2025-07-08,2.1748014059679144
2025-07-09,2.1748014059679144
2025-07-10,2.1748014059679144
2025-07-11,2.1748014059679144
2025-07-14,2.1748014059679144
2025-07-15,2.1748014059679144
2025-07-16,2.1748014059679144
2025-07-17,2.1748014059679144
2025-07-18,2.171470237107206
2025-07-21,2.165720778165048
2025-07-22,2.168364277941956
2025-07-23,2.166911104706952
2025-07-24,2.1742607177500455
2025-07-25,2.177640287130882
2025-07-28,2.176361173034784
2025-07-29,2.1702833199286466
2025-07-30,2.1700658220810567
2025-07-31,2.1640817056498824
2025-08-01,2.1490013624108077
2025-08-04,2.184572748390423
2025-08-05,2.1781930505208504
2025-08-06,2.1784419401623083
2025-08-07,2.1672587868625306
2025-08-08,2.178244258756074
2025-08-11,2.172513115424083
2025-08-12,2.18760055957986
2025-08-13,2.1952898622587513
2025-08-14,2.1942644731345804
2025-08-15,2.1798864486139817
2025-08-18,2.177951568303637
2025-08-19,2.190929859833075
2025-08-20,2.202189840974651
2025-08-21,2.195950876397758
2025-08-22,2.216917070982216
2025-08-25,2.205694146072399
2025-08-26,2.211866662589248
2025-08-27,2.2099925364845046
2025-08-28,2.206973511002089
2025-08-29,2.207053173363018
2025-09-02,2.1941710844240108
2025-09-03,2.1966425849350024
2025-09-04,2.2063379690369507
2025-09-05,2.202057409453006
2025-09-08,2.2017070018930314
2025-09-09,2.1923251458114574
2025-09-10,2.1920832124405902
2025-09-11,2.2056001287997646
2025-09-12,2.2017902583189635
2025-09-15,2.2014658458600165
2025-09-16,2.2014658458600165
2025-09-17,2.2014658458600165
2025-09-18,2.2014658458600165
2025-09-19,2.2014658458600165
2025-09-22,2.2014658458600165
2025-09-23,2.2014658458600165
2025-09-24,2.2014658458600165
2025-09-25,2.2014658458600165
2025-09-26,2.2014658458600165
2025-09-29,2.2014658458600165
2025-09-30,2.2014658458600165
2025-10-01,2.2014658458600165
2025-10-02,2.2014658458600165
2025-10-03,2.2014658458600165
2025-10-06,2.2014658458600165
2025-10-07,2.2014658458600165
2025-10-08,2.2014658458600165
2025-10-09,2.2014658458600165
2025-10-10,2.207071675138598
2025-10-13,2.205572588207921
2025-10-14,2.208910891036739
2025-10-15,2.2066765082987247
2025-10-16,2.208355975176533
2025-10-17,2.209364753044925
2025-10-20,2.213646042953743
2025-10-21,2.2133530487329542
2025-10-22,2.2143392873848864
2025-10-23,2.219306502693601
2025-10-24,2.213769932492834
2025-10-27,2.22120492549472
2025-10-28,2.2113360178638164
2025-10-29,2.2062509311096425
2025-10-30,2.208610571594332
2025-10-31,2.205456786654576
2025-11-03,2.2030749735256157
2025-11-04,2.199971901311093
2025-11-05,2.200113558977918
2025-11-06,2.197789939128885
2025-11-07,2.2125424607085247
2025-11-10,2.221435628408747
2025-11-11,2.231104350511612
2025-11-12,2.231599893568284
2025-11-13,2.2260822077912574
2025-11-14,2.219080150761002
2025-11-17,2.2115513931020847
2025-11-18,2.210285874044687
2025-11-19,2.208280441640654
2025-11-20,2.196738038601935
2025-11-21,2.209660077004602
2025-11-24,2.217026574040654
2025-11-25,2.2341343817296835
2025-11-26,2.2335804257460126
2025-11-28,2.2377493256747254
2025-12-01,2.233119986257909
2025-12-02,2.232858467792929
2025-12-03,2.228383896839144
2025-12-04,2.2277608963945794
2025-12-05,2.2275037590745335
