,gross_exposure
2017-01-10,0.08106251431188458
2017-01-11,0.08139716363712035
2017-01-12,0.08079461924494512
2017-01-13,0.08092858630022902
2017-01-17,0.08121552711000103
2017-01-18,0.0817697716021134
2017-01-19,0.08250454663548973
2017-01-20,0.08220886957606503
2017-01-23,0.08155006501950585
2017-01-24,0.08216116187921695
2017-01-25,0.16587856198025813
2017-01-26,0.2475477342048993
2017-01-27,0.24702372994553953
2017-01-30,0.24664523574963493
2017-01-31,0.24466940500405868
2017-02-01,0.3283821441326394
2017-02-02,0.328326629616552
2017-02-03,0.3305538900313711
2017-02-06,0.3301591214738145
2017-02-07,0.33108589258581944
2017-02-08,0.3318028241951712
2017-02-09,0.3323790850750894
2017-02-10,0.3332630871550294
2017-02-13,0.33311924040347834
2017-02-14,0.3339961440722714
2017-02-15,0.3353096231485839
2017-02-16,0.41633675188889213
2017-02-17,0.4166224040731805
2017-02-21,0.41882207930342724
2017-02-22,0.4189482300791499
2017-02-23,0.42333193748892955
2017-02-24,0.42478200962821594
2017-02-27,0.426289252478119
2017-02-28,0.42472314855120563
2017-03-01,0.4289482333707149
2017-03-02,0.4264642787182236
2017-03-03,0.4269275342894747
2017-03-06,0.42537087549785196
2017-03-07,0.4263593467514655
2017-03-08,0.42729269601280856
2017-03-09,0.3390148162617828
2017-03-10,0.25859742060601126
2017-03-13,0.2592264970728455
2017-03-14,0.25792436257079443
2017-03-15,0.2585647019426092
2017-03-16,0.16921883099331064
2017-03-17,0.16920831896803404
2017-03-20,0.1695704889925823
2017-03-21,0.16699861114358988
2017-03-22,0.1677720149995379
2017-03-23,0.16783238968814482
2017-03-24,0.16784855151193154
2017-03-27,0.1679247472037725
2017-03-28,0.16874712827839755
2017-03-29,0.169023856660972
2017-03-30,0.17059906638267222
2017-03-31,0.08891411359641099
2017-04-03,0.08759832153373961
2017-04-04,0.08818862903429427
2017-04-05,0.08805247203275482
2017-04-06,0.0
2017-04-07,0.0
2017-04-10,0.0
2017-04-11,0.0
2017-04-12,0.0
2017-04-13,0.0
2017-04-17,0.0
2017-04-18,0.0
2017-04-19,0.0
2017-04-20,0.08466958211856172
2017-04-21,0.08500303582270796
2017-04-24,0.1703720335978262
2017-04-25,0.33941371512576285
2017-04-26,0.3397805165016603
2017-04-27,0.42444379651275027
2017-04-28,0.5896744203342325
2017-05-01,0.5920795334478399
2017-05-02,0.5831894406687199
2017-05-03,0.8327329817755774
2017-05-04,0.9164734592197219
2017-05-05,0.9998068073684181
2017-05-08,0.9998060529801952
2017-05-09,0.9998072621031279
2017-05-10,0.9998078677607787
2017-05-11,0.9998079918448144
2017-05-12,0.9998078535446618
2017-05-15,0.9998087773192698
2017-05-16,0.9998107130371112
2017-05-17,0.9998049598281746
2017-05-18,0.9998062112119966
2017-05-19,0.9998089389400728
2017-05-22,0.9998098633339685
2017-05-23,0.9998099953071292
2017-05-24,0.9998102881938674
2017-05-25,0.9998112850903509
2017-05-26,0.9998116793071091
2017-05-30,0.9998120577784275
2017-05-31,0.9998129747536963
2017-06-01,0.999814291103793
2017-06-02,0.9070309332680497
2017-06-05,0.9068654977953057
2017-06-06,0.8237970131452086
2017-06-07,0.6608696968784944
2017-06-08,0.6617302892057284
2017-06-09,0.5852601334839038
2017-06-12,0.41264612198721423
2017-06-13,0.41468307982268027
2017-06-14,0.4133349862407573
2017-06-15,0.16355445143604339
2017-06-16,0.08527241797956443
2017-06-19,0.0
2017-06-20,0.0
2017-06-21,0.0
2017-06-22,0.0
2017-06-23,0.0
2017-06-26,0.0
2017-06-27,0.0
2017-06-28,0.0
2017-06-29,0.0
2017-06-30,0.0
2017-07-03,0.0
2017-07-05,0.0
2017-07-06,0.0
2017-07-07,0.0
2017-07-10,0.0
2017-07-11,0.0
2017-07-12,0.0
2017-07-13,0.0
2017-07-14,0.0
2017-07-17,0.0
2017-07-18,0.0
2017-07-19,0.0
2017-07-20,0.0
2017-07-21,0.0
2017-07-24,0.0
2017-07-25,0.0
2017-07-26,0.08290056552790975
2017-07-27,0.4144023682516129
2017-07-28,0.4148766582119114
2017-07-31,0.4142720379507792
2017-08-01,0.4147593451702909
2017-08-02,0.5809508927374721
2017-08-03,0.664919823252683
2017-08-04,0.8314253091593615
2017-08-07,0.8319170401791312
2017-08-08,0.9149656891845515
2017-08-09,0.9150496035885416
2017-08-10,0.9142132891925496
2017-08-11,0.9143122911827544
2017-08-14,0.9151316823937011
2017-08-15,0.9984628702229899
2017-08-16,0.9984628404712055
2017-08-17,0.9984395280242593
2017-08-18,0.998437261803108
2017-08-21,0.9984367642177157
2017-08-22,0.9984539886415581
2017-08-23,0.9984483041168969
2017-08-24,0.998449731751786
2017-08-25,0.9984486770577687
2017-08-28,0.9984483962069505
2017-08-29,0.9984530493905382
2017-08-30,0.9984633608025671
2017-08-31,0.9984783567837469
2017-09-01,0.9984832031214563
2017-09-05,0.9984737153175156
2017-09-06,0.9984697757964212
2017-09-07,0.9163080846774322
2017-09-08,0.5881354650428217
2017-09-11,0.5905304696062901
2017-09-12,0.5907559007991807
2017-09-13,0.5899467183971553
2017-09-14,0.41954990632055583
2017-09-15,0.33568486389079283
2017-09-18,0.16911433172391205
2017-09-19,0.16862650803824963
2017-09-20,0.08681177109019818
2017-09-21,0.08679404763254223
2017-09-22,0.08782087224848177
2017-09-25,0.08400290586580028
2017-09-26,0.08293171605265165
2017-09-27,0.0
2017-09-28,0.0
2017-09-29,0.0
2017-10-02,0.0
2017-10-03,0.0
2017-10-04,0.0
2017-10-05,0.0
2017-10-06,0.08363618993786298
2017-10-09,0.08293530178028659
2017-10-10,0.08285126930248123
2017-10-11,0.08277087599907562
2017-10-12,0.08264660407733873
2017-10-13,0.08307045215562564
2017-10-16,0.08376019390813244
2017-10-17,0.08492201039861351
2017-10-18,0.16871848478885382
2017-10-19,0.16832890376123394
2017-10-20,0.2517765491744408
2017-10-23,0.25385651831205797
2017-10-24,0.3383381756934952
2017-10-25,0.4209932829427841
2017-10-26,0.5050123999056096
2017-10-27,0.8404736180374263
2017-10-30,0.9229596735439428
2017-10-31,0.9235305518098192
2017-11-01,1.0
2017-11-02,1.0
2017-11-03,1.0
2017-11-06,1.0
2017-11-07,1.0
2017-11-08,1.0
2017-11-09,1.0
2017-11-10,1.0
2017-11-13,1.0
2017-11-14,1.0
2017-11-15,1.0
2017-11-16,1.0
2017-11-17,0.9150777755964465
2017-11-20,0.9155303509488477
2017-11-21,0.9160230693374415
2017-11-22,0.9160831299198914
2017-11-24,0.9161713565728439
2017-11-27,0.9161083430030509
2017-11-28,0.9164530899081859
2017-11-29,0.9164642160133467
2017-11-30,0.8238339784557329
2017-12-01,0.8231662411291516
2017-12-04,0.7470553657230086
2017-12-05,0.746468321274605
2017-12-06,0.664949943567185
2017-12-07,0.5819283725748693
2017-12-08,0.49469653014306264
2017-12-11,0.1568138428572697
2017-12-12,0.07547206010188189
2017-12-13,0.07542040187934831
2017-12-14,0.0
2017-12-15,0.0
2017-12-18,0.0
2017-12-19,0.0
2017-12-20,0.0
2017-12-21,0.0
2017-12-22,0.0
2017-12-26,0.0
2017-12-27,0.0
2017-12-28,0.0
2017-12-29,0.0
2018-01-02,0.0
2018-01-03,0.0
2018-01-04,0.0
2018-01-05,0.08394680943928769
2018-01-08,0.08509154315605928
2018-01-09,0.08439972080037228
2018-01-10,0.08417332111532924
2018-01-11,0.08434646035716364
2018-01-12,0.16886187696255706
2018-01-16,0.1685898235673244
2018-01-17,0.1700109612078181
2018-01-18,0.2504927908535956
2018-01-19,0.25348025502210186
2018-01-22,0.25507601487383463
2018-01-23,0.3396711792153005
2018-01-24,0.3340555668056077
2018-01-25,0.33123923593898114
2018-01-26,0.5010454420966662
2018-01-29,0.5823767426798971
2018-01-30,0.5807119984264955
2018-01-31,0.5811904241980076
2018-02-01,0.6635332664828828
2018-02-02,0.9118451219913021
2018-02-05,0.9089621273241226
2018-02-06,0.9097473110514059
2018-02-07,0.9097215575473212
2018-02-08,0.9067183025838851
2018-02-09,0.9070775034031816
2018-02-12,0.9086473620850475
2018-02-13,0.90885398657772
2018-02-14,0.9096187928046872
2018-02-15,0.9930040780055857
2018-02-16,0.9930263753160072
2018-02-20,0.9098305723460429
2018-02-21,0.9095109509853195
2018-02-22,0.909817229662307
2018-02-23,0.910741026331244
2018-02-26,0.9115954381544394
2018-02-27,0.831707966019947
2018-02-28,0.8299016451489366
2018-03-01,0.8280167047005716
2018-03-02,0.7365488030498181
2018-03-05,0.7379813340892439
2018-03-06,0.7385379498869026
2018-03-07,0.6685406937321405
2018-03-08,0.6691860029851519
2018-03-09,0.6732690377593904
2018-03-12,0.4990880629527574
2018-03-13,0.4183388510142839
2018-03-14,0.4163368127960004
2018-03-15,0.4164990788261756
2018-03-16,0.33590046007764046
2018-03-19,0.07654155677148458
2018-03-20,0.07706114171926404
2018-03-21,0.0766027147747119
2018-03-22,0.07463139644480914
2018-03-23,0.07318588141591155
2018-03-26,0.07537801354757685
2018-03-27,0.07415005936514522
2018-03-28,0.07353485836288737
2018-03-29,0.07404758260884844
2018-04-02,0.0
2018-04-03,0.0
2018-04-04,0.0
2018-04-05,0.0
2018-04-06,0.0
2018-04-09,0.0
2018-04-10,0.0
2018-04-11,0.0
2018-04-12,0.0
2018-04-13,0.08126368538254031
2018-04-16,0.08127506697430974
2018-04-17,0.0815580933450367
2018-04-18,0.08104311136651246
2018-04-19,0.08130494231105728
2018-04-20,0.1645554803603793
2018-04-23,0.2468369861409697
2018-04-24,0.24514558914878753
2018-04-25,0.2449132647573462
2018-04-26,0.7472580942234053
2018-04-27,0.9972744278245337
2018-04-30,0.9972358473257994
2018-05-01,0.9972436707079496
2018-05-02,0.9972226481427017
2018-05-03,0.9972231536950718
2018-05-04,0.997257697528068
2018-05-07,0.9972828251432777
2018-05-08,0.9972841633956504
2018-05-09,0.9973198204099425
2018-05-10,0.9973449251610395
2018-05-11,0.9973461232926532
2018-05-14,0.9973511972416786
2018-05-15,0.9973468566545887
2018-05-16,0.9973659195646237
2018-05-17,0.997374063098401
2018-05-18,0.9973744150956605
2018-05-21,0.9974053540771102
2018-05-22,0.9973903086972197
2018-05-23,0.9973897980080326
2018-05-24,0.9973932262533274
2018-05-25,0.9180065349617874
2018-05-29,0.9172973394835042
2018-05-30,0.9185910404089561
2018-05-31,0.9176718090078014
2018-06-01,0.9189311046104176
2018-06-04,0.8407163097708836
2018-06-05,0.7633422429331314
2018-06-06,0.7660484235711272
2018-06-07,0.7648539564810005
2018-06-08,0.24273487670600874
2018-06-11,0.0
2018-06-12,0.0
2018-06-13,0.0
2018-06-14,0.0
2018-06-15,0.0
2018-06-18,0.0
2018-06-19,0.0
2018-06-20,0.0
2018-06-21,0.0
2018-06-22,0.0
2018-06-25,0.0
2018-06-26,0.0
2018-06-27,0.0
2018-06-28,0.0
2018-06-29,0.0
2018-07-02,0.0
2018-07-03,0.0
2018-07-05,0.0
2018-07-06,0.0
2018-07-09,0.0
2018-07-10,0.0
2018-07-11,0.08326551147545837
2018-07-12,0.08257994772577504
2018-07-13,0.08336724049921213
2018-07-16,0.08355029585798816
2018-07-17,0.08484991727723942
2018-07-18,0.1676086117281826
2018-07-19,0.2510207296391671
2018-07-20,0.33502736933879057
2018-07-23,0.33421580488779684
2018-07-24,0.3327243557211057
2018-07-25,0.41738407676546735
2018-07-26,0.835175020146779
2018-07-27,1.0
2018-07-30,1.0
2018-07-31,1.0
2018-08-01,1.0
2018-08-02,1.0
2018-08-03,1.0
2018-08-06,1.0
2018-08-07,1.0
2018-08-08,1.0
2018-08-09,1.0
2018-08-10,1.0
2018-08-13,1.0
2018-08-14,1.0
2018-08-15,1.0
2018-08-16,1.0
2018-08-17,1.0
2018-08-20,1.0
2018-08-21,1.0
2018-08-22,0.9178729399334443
2018-08-23,0.9177602092420455
2018-08-24,0.918137705959793
2018-08-27,0.9187135141356708
2018-08-28,0.9187706923428421
2018-08-29,0.8340291124666551
2018-08-30,0.7445456764694208
2018-08-31,0.660422887231536
2018-09-04,0.660310345282928
2018-09-05,0.6611541224859208
2018-09-06,0.5743848310224604
2018-09-07,0.159840501021296
2018-09-10,0.0
2018-09-11,0.0
2018-09-12,0.0
2018-09-13,0.0
2018-09-14,0.0
2018-09-17,0.0
2018-09-18,0.0
2018-09-19,0.0
2018-09-20,0.0
2018-09-21,0.0
2018-09-24,0.0
2018-09-25,0.0
2018-09-26,0.0
2018-09-27,0.0
2018-09-28,0.0
2018-10-01,0.0
2018-10-02,0.0
2018-10-03,0.0
2018-10-04,0.0
2018-10-05,0.0
2018-10-08,0.0
2018-10-09,0.0
2018-10-10,0.0
2018-10-11,0.0
2018-10-12,0.0
2018-10-15,0.0
2018-10-16,0.0
2018-10-17,0.08250318279061832
2018-10-18,0.08275599643100826
2018-10-19,0.25229785626677265
2018-10-22,0.3325975202802152
2018-10-23,0.4215483542210248
2018-10-24,0.41522716216207983
2018-10-25,0.5030680063322155
2018-10-26,0.7513026895763021
2018-10-29,0.9171703556409757
2018-10-30,1.0
2018-10-31,1.0
2018-11-01,1.0
2018-11-02,1.0
2018-11-05,1.0
2018-11-06,1.0
2018-11-07,1.0
2018-11-08,1.0
2018-11-09,1.0
2018-11-12,1.0
2018-11-13,1.0
2018-11-14,1.0
2018-11-15,1.0
2018-11-16,1.0
2018-11-19,1.0
2018-11-20,1.0
2018-11-21,1.0
2018-11-23,1.0
2018-11-26,1.0
2018-11-27,1.0
2018-11-28,1.0
2018-11-29,0.9144781699539107
2018-11-30,0.9152565545919962
2018-12-03,0.7469684533929011
2018-12-04,0.6643455417293342
2018-12-06,0.5826204673187032
2018-12-07,0.5769157299802998
2018-12-10,0.49951402503162606
2018-12-11,0.24251788132435503
2018-12-12,0.07921319727499329
2018-12-13,0.0
2018-12-14,0.0
2018-12-17,0.0
2018-12-18,0.0
2018-12-19,0.0
2018-12-20,0.0
2018-12-21,0.0
2018-12-24,0.0
2018-12-26,0.0
2018-12-27,0.0
2018-12-28,0.0
2018-12-31,0.0
2019-01-02,0.0
2019-01-03,0.0
2019-01-04,0.0
2019-01-07,0.0
2019-01-08,0.0
2019-01-09,0.0
2019-01-10,0.0
2019-01-11,0.0
2019-01-14,0.0
2019-01-15,0.0
2019-01-16,0.08413864565935851
2019-01-17,0.16709109626573054
2019-01-18,0.1677055689344563
2019-01-22,0.1659522796132711
2019-01-23,0.16594025173395902
2019-01-24,0.16662452386668375
2019-01-25,0.16722777424517743
2019-01-28,0.16725316778307467
2019-01-29,0.16826189185940832
2019-01-30,0.41953267003471456
2019-01-31,0.5870323151524974
2019-02-01,0.8369536517937235
2019-02-04,0.8378464528562728
2019-02-05,0.9214431827781091
2019-02-06,0.9216921240118788
2019-02-07,0.921040135747073
2019-02-08,0.9210368096303359
2019-02-11,0.9211358586674856
2019-02-12,0.9218006738609783
2019-02-13,1.0
2019-02-14,1.0
2019-02-15,1.0
2019-02-19,1.0
2019-02-20,1.0
2019-02-21,1.0
2019-02-22,1.0
2019-02-25,1.0
2019-02-26,1.0
2019-02-27,1.0
2019-02-28,1.0
2019-03-01,0.9227975389862234
2019-03-04,0.8427704559499974
2019-03-05,0.8425487686337503
2019-03-06,0.8413783410303856
2019-03-07,0.8401906309851974
2019-03-08,0.8392404482895804
2019-03-11,0.8414030612124793
2019-03-12,0.8416600025859664
2019-03-13,0.842962550503542
2019-03-14,0.596644381936049
2019-03-15,0.4144570368298265
2019-03-18,0.16731216123417253
2019-03-19,0.16780627151088143
2019-03-20,0.08042789342728444
2019-03-21,0.08136519559462484
2019-03-22,0.07911040692749943
2019-03-25,0.07694729182138359
2019-03-26,0.077666038498824
2019-03-27,0.07864993001423727
2019-03-28,0.0
2019-03-29,0.0
2019-04-01,0.0
2019-04-02,0.0
2019-04-03,0.0
2019-04-04,0.0
2019-04-05,0.0
2019-04-08,0.0
2019-04-09,0.0
2019-04-10,0.0
2019-04-11,0.0
2019-04-12,0.0
2019-04-15,0.0
2019-04-16,0.0
2019-04-17,0.0
2019-04-18,0.0
2019-04-22,0.16652107462615665
2019-04-23,0.16772162309861097
2019-04-24,0.33592456112414004
2019-04-25,0.5020471505273292
2019-04-26,0.5879869134992028
2019-04-29,0.6704822044790562
2019-04-30,0.672014431469345
2019-05-01,0.9211254489675744
2019-05-02,1.0
2019-05-03,1.0
2019-05-06,1.0
2019-05-07,1.0
2019-05-08,1.0
2019-05-09,1.0
2019-05-10,1.0
2019-05-13,1.0
2019-05-14,1.0
2019-05-15,1.0
2019-05-16,1.0
2019-05-17,1.0
2019-05-20,1.0
2019-05-21,1.0
2019-05-22,1.0
2019-05-23,1.0
2019-05-24,1.0
2019-05-28,1.0
2019-05-29,1.0
2019-05-30,1.0
2019-05-31,1.0
2019-06-03,1.0
2019-06-04,0.8225569844815978
2019-06-05,0.824071160150005
2019-06-06,0.6626088596410888
2019-06-07,0.4958456283332911
2019-06-10,0.4113076985404405
2019-06-11,0.3338754700506127
2019-06-12,0.33408309458114316
2019-06-13,0.0799679848366662
2019-06-14,0.0
2019-06-17,0.0
2019-06-18,0.0
2019-06-19,0.0
2019-06-20,0.0
2019-06-21,0.0
2019-06-24,0.0
2019-06-25,0.0
2019-06-26,0.0
2019-06-27,0.0
2019-06-28,0.0
2019-07-01,0.0
2019-07-02,0.0
2019-07-03,0.0
2019-07-05,0.0
2019-07-08,0.0
2019-07-09,0.0
2019-07-10,0.0
2019-07-11,0.0
2019-07-12,0.0
2019-07-15,0.0
2019-07-16,0.0
2019-07-17,0.0
2019-07-18,0.0
2019-07-19,0.0
2019-07-22,0.0
2019-07-23,0.0
2019-07-24,0.08508776726636409
2019-07-25,0.16866871192354913
2019-07-26,0.2530320181813396
2019-07-29,0.2561913711873796
2019-07-30,0.2550227544654612
2019-07-31,0.3361105841172303
2019-08-01,0.584182747806495
2019-08-02,0.7498716243750686
2019-08-05,0.744458721379475
2019-08-06,0.7472972717301073
2019-08-07,0.7481392066816118
2019-08-08,0.7519234642202933
2019-08-09,0.752270730602031
2019-08-12,0.750581191809951
2019-08-13,0.752064878398324
2019-08-14,0.7470549725740825
2019-08-15,0.7482856223923157
2019-08-16,0.7505123029475259
2019-08-19,0.8358215313152283
2019-08-20,0.8351786589361718
2019-08-21,0.9192700866919699
2019-08-22,0.9192391704403684
2019-08-23,0.9172281909725409
2019-08-26,0.9180530841831889
2019-08-27,0.9180210377051116
2019-08-28,0.9182658794848245
2019-08-29,0.9190571559579377
2019-08-30,1.0
2019-09-03,1.0
2019-09-04,1.0
2019-09-05,0.9105798022441631
2019-09-06,0.8259811194980005
2019-09-09,0.7375798876331298
2019-09-10,0.736607745993243
2019-09-11,0.7368116365516668
2019-09-12,0.6626667303249043
2019-09-13,0.4136369974074625
2019-09-16,0.2501694975212553
2019-09-17,0.2520190265717996
2019-09-18,0.2519085597629262
2019-09-19,0.25134897063236245
2019-09-20,0.24974860905703875
2019-09-23,0.25123754791651354
2019-09-24,0.24977118893297268
2019-09-25,0.2508912770688375
2019-09-26,0.2504558438813518
2019-09-27,0.2485354731399419
2019-09-30,0.24975873044513336
2019-10-01,0.16374547778028267
2019-10-02,0.2448665198077186
2019-10-03,0.16448696660383355
2019-10-04,0.16667015883605238
2019-10-07,0.1659532300250826
2019-10-08,0.16521807876348163
2019-10-09,0.16554644826459256
2019-10-10,0.16511232649120894
2019-10-11,0.16545282654854268
2019-10-14,0.08210465289385807
2019-10-15,0.08116986413582493
2019-10-16,0.08091037759746299
2019-10-17,0.16437196069618024
2019-10-18,0.25014940148695347
2019-10-21,0.2505199164096662
2019-10-22,0.2459787712459205
2019-10-23,0.33029873174356483
2019-10-24,0.6619094649186542
2019-10-25,0.912317462060436
2019-10-28,0.9125796215530372
2019-10-29,0.9118693761483683
2019-10-30,0.9124530384082341
2019-10-31,0.9957673563942934
2019-11-01,0.9958098313217216
2019-11-04,0.9958062885886874
2019-11-05,0.995815374204002
2019-11-06,0.9958290808657195
2019-11-07,0.9958388600188124
2019-11-08,0.9958485783751135
2019-11-11,0.9958585629744718
2019-11-12,0.9958710564055379
2019-11-13,0.9154206966002219
2019-11-14,0.915399291760306
2019-11-15,0.9161320316975502
2019-11-18,0.915872295458832
2019-11-19,0.9161601153625343
2019-11-20,0.9157399753607247
2019-11-21,0.9153840471551813
2019-11-22,0.9149428342329444
2019-11-25,0.9156584021854042
2019-11-26,0.915779648705682
2019-11-27,0.9162108216020644
2019-11-29,0.8327812660917036
2019-12-02,0.7447402998757636
2019-12-03,0.7439829425658868
2019-12-04,0.7446521253149933
2019-12-05,0.6614852040305452
2019-12-06,0.337997480534242
2019-12-09,0.08733839919782169
2019-12-10,0.08780402481042208
2019-12-11,0.08848370055341784
2019-12-12,0.08868621482041837
2019-12-13,0.0
2019-12-16,0.0
2019-12-17,0.0
2019-12-18,0.0
2019-12-19,0.0
2019-12-20,0.0
2019-12-23,0.0
2019-12-24,0.0
2019-12-26,0.0
2019-12-27,0.0
2019-12-30,0.0
2019-12-31,0.0
2020-01-02,0.0
2020-01-03,0.0
2020-01-06,0.0
2020-01-07,0.0
2020-01-08,0.0
2020-01-09,0.0
2020-01-10,0.0
2020-01-13,0.0
2020-01-14,0.0
2020-01-15,0.0
2020-01-16,0.08403516321386857
2020-01-17,0.08345379662069023
2020-01-21,0.08398141136164848
2020-01-22,0.08399676967744278
2020-01-23,0.08370743488396794
2020-01-24,0.08200100257364575
2020-01-27,0.07975374007956001
2020-01-28,0.08021336356264397
2020-01-29,0.07944620741947259
2020-01-30,0.16397586285503105
2020-01-31,0.1612605933236195
2020-02-03,0.32997928623078465
2020-02-04,0.3348756237247774
2020-02-05,0.3346625585493904
2020-02-06,0.33465359443841075
2020-02-07,0.3340290064290662
2020-02-10,0.3355584690140294
2020-02-11,0.3371696161148596
2020-02-12,0.33951080880323986
2020-02-13,0.3391818497351903
2020-02-14,0.5917598636310791
2020-02-18,0.6751459867029186
2020-02-19,0.6757242593693694
2020-02-20,0.6744839131933987
2020-02-21,0.6732501380432107
2020-02-24,0.666249783113549
2020-02-25,0.6597094637605029
2020-02-26,0.6600412865933941
2020-02-27,0.6525374391218843
2020-02-28,0.6519984648161098
2020-03-02,0.5824162186634783
2020-03-03,0.576069898941197
2020-03-04,0.5878339227032623
2020-03-05,0.5796317032297452
2020-03-06,0.575132173059944
2020-03-09,0.5590407445305596
2020-03-10,0.5696425032047769
2020-03-11,0.5578140153737727
2020-03-12,0.5338296052660758
2020-03-13,0.4724099301769597
2020-03-16,0.435265774888773
2020-03-17,0.2851703923375016
2020-03-18,0.2707020755097573
2020-03-19,0.27440266753280784
2020-03-20,0.2715993780886734
2020-03-23,0.26341270186947296
2020-03-24,0.2885513473266069
2020-03-25,0.29152639911984235
2020-03-26,0.3022920584109295
2020-03-27,0.294997162306775
2020-03-30,0.07321551752901552
2020-03-31,0.0
2020-04-01,0.0
2020-04-02,0.0
2020-04-03,0.0
2020-04-06,0.0
2020-04-07,0.0
2020-04-08,0.0
2020-04-09,0.0
2020-04-13,0.0
2020-04-14,0.0
2020-04-15,0.0
2020-04-16,0.0
2020-04-17,0.0
2020-04-20,0.0
2020-04-21,0.0
2020-04-22,0.0
2020-04-23,0.0
2020-04-24,0.0
2020-04-27,0.0
2020-04-28,0.0
2020-04-29,0.0
2020-04-30,0.0
2020-05-01,0.0
2020-05-04,0.0
2020-05-05,0.0
2020-05-06,0.0
2020-05-07,0.0
2020-05-08,0.0
2020-05-11,0.07978176642682061
2020-05-12,0.07458651399491097
2020-05-13,0.0700015982100048
2020-05-14,0.07340764331210192
2020-05-15,0.07289094240420618
2020-05-18,0.08210426689802036
2020-05-19,0.08246609902239042
2020-05-20,0.08606879220983196
2020-05-21,0.17196853501887852
2020-05-22,0.17349868364842436
2020-05-26,0.1782891769097664
2020-05-27,0.18026402482841153
2020-05-28,0.1771433209583628
2020-05-29,0.17609149354883397
2020-06-01,0.18231700566990328
2020-06-02,0.1856329173830405
2020-06-03,0.19490403988479152
2020-06-04,0.19672714190122362
2020-06-05,0.202439327933855
2020-06-08,0.20671422038751833
2020-06-09,0.20317573969189834
2020-06-10,0.197902184837055
2020-06-11,0.18467620762949466
2020-06-12,0.1922421277847083
2020-06-15,0.19312187555372776
2020-06-16,0.1970631963217631
2020-06-17,0.19326115647674472
2020-06-18,0.19361681014603502
2020-06-19,0.18770226007637217
2020-06-22,0.1932810591251348
2020-06-23,0.0935008880188785
2020-06-24,0.09188519862659347
2020-06-25,0.09210125044423897
2020-06-26,0.09242293296522766
2020-06-29,0.09211447476689187
2020-06-30,0.09443597028773205
2020-07-01,0.09526845481341037
2020-07-02,0.09556602484164796
2020-07-06,0.0
2020-07-07,0.0
2020-07-08,0.0
2020-07-09,0.0
2020-07-10,0.0
2020-07-13,0.0
2020-07-14,0.0
2020-07-15,0.0
2020-07-16,0.0
2020-07-17,0.0
2020-07-20,0.0
2020-07-21,0.0
2020-07-22,0.08684212266053166
2020-07-23,0.16754808204439847
2020-07-24,0.16685240303155965
2020-07-27,0.1660766444932301
2020-07-28,0.24962226676010685
2020-07-29,0.32843224763042833
2020-07-30,0.4963698747406735
2020-07-31,0.580140178935264
2020-08-03,0.6638150067462895
2020-08-04,0.6658121515057691
2020-08-05,0.7496958434663512
2020-08-06,0.7484730015128217
2020-08-07,0.9149715029596863
2020-08-10,0.914372104367384
2020-08-11,0.913388633624919
2020-08-12,0.915017274000301
2020-08-13,0.9150029773915016
2020-08-14,0.9146949209488132
2020-08-17,0.9148804975837099
2020-08-18,0.914889063768025
2020-08-19,0.9145406620338652
2020-08-20,0.9978749843671538
2020-08-21,0.9978741411963736
2020-08-24,0.9978938814767546
2020-08-25,0.9978952887865274
2020-08-26,0.9979056027477384
2020-08-27,0.997890014511851
2020-08-28,0.9978892678434632
2020-08-31,0.9978892220968489
2020-09-01,0.9978964941612644
2020-09-02,0.9117720988332273
2020-09-03,0.8242380665247258
2020-09-04,0.8228410196626188
2020-09-08,0.8176735281190614
2020-09-09,0.7397004325524349
2020-09-10,0.6643426441371458
2020-09-11,0.4906878337942051
2020-09-14,0.41665255028698817
2020-09-15,0.3353329943954415
2020-09-16,0.33400042845060324
2020-09-17,0.24698787594392543
2020-09-18,0.24558185702062663
2020-09-21,0.08469632612480071
2020-09-22,0.08577740470748212
2020-09-23,0.0831122735938097
2020-09-24,0.08451589773663819
2020-09-25,0.08719197366710849
2020-09-28,0.08876958130116835
2020-09-29,0.08864783510087339
2020-09-30,0.08927904041739401
2020-10-01,0.09045924930666367
2020-10-02,0.0
2020-10-05,0.0
2020-10-06,0.0
2020-10-07,0.0
2020-10-08,0.0
2020-10-09,0.0
2020-10-12,0.0
2020-10-13,0.0
2020-10-14,0.0
2020-10-15,0.0
2020-10-16,0.0
2020-10-19,0.0
2020-10-20,0.0
2020-10-21,0.08128617054486949
2020-10-22,0.08135235076597995
2020-10-23,0.08050010334700079
2020-10-26,0.07815158042861206
2020-10-27,0.07680353661126232
2020-10-28,0.07527276770391714
2020-10-29,0.07479867475998163
2020-10-30,0.07450323916609011
2020-11-02,0.07501341856742891
2020-11-03,0.07724887122293829
2020-11-04,0.08201362894711586
2020-11-05,0.16547581764747774
2020-11-06,0.33173888838369436
2020-11-09,0.3311918545819939
2020-11-10,0.3320705270228467
2020-11-11,0.335252236852388
2020-11-12,0.3310391107483873
2020-11-13,0.4192024323261658
2020-11-16,0.42404786201468614
2020-11-17,0.423446714665232
2020-11-18,0.42357170232590413
2020-11-19,0.5093162222807157
2020-11-20,0.5088512484536931
2020-11-23,0.5128687060646268
2020-11-24,0.5171924244225405
2020-11-25,0.5147373460504039
2020-11-27,0.5148482454004377
2020-11-30,0.5142156830186514
2020-12-01,0.5178635913472809
2020-12-02,0.5159602192972352
2020-12-03,0.4363389702295826
2020-12-04,0.4415443041061086
2020-12-07,0.4417886685918911
2020-12-08,0.4419239611037894
2020-12-09,0.4398279556711677
2020-12-10,0.43740566714356977
2020-12-11,0.5162459906172885
2020-12-14,0.5155910396628449
2020-12-15,0.5177093811625462
2020-12-16,0.5179031446376264
2020-12-17,0.5189792902676469
2020-12-18,0.4352508350591603
2020-12-21,0.26950375960055056
2020-12-22,0.2697561763147241
2020-12-23,0.26950054543819907
2020-12-24,0.2703233893895627
2020-12-28,0.2702840693088654
2020-12-29,0.1742711981071485
2020-12-30,0.17373455578281186
2020-12-31,0.17513298251772916
2021-01-04,0.1745092749929468
2021-01-05,0.08661807955775147
2021-01-06,0.08612774338663817
2021-01-07,0.08675628438382571
2021-01-08,0.08714554578854253
2021-01-11,0.08670603292282444
2021-01-12,0.08593901234096574
2021-01-13,0.08548573962659597
2021-01-14,0.08490590320992931
2021-01-15,0.08513288326504975
2021-01-19,0.08451472898620604
2021-01-20,0.08485544790164128
2021-01-21,0.08441372650519068
2021-01-22,0.08333919716092417
2021-01-25,0.08402213129785586
2021-01-26,0.08515809632072859
2021-01-27,0.08156689306586638
2021-01-28,0.08165392633773452
2021-01-29,0.08150886171926833
2021-02-01,0.08347059889819755
2021-02-02,0.08417073554890535
2021-02-03,0.25004510876563857
2021-02-04,0.33518926837029966
2021-02-05,0.5011804053423654
2021-02-08,0.5848763337542142
2021-02-09,0.5844771690041617
2021-02-10,0.6671002867110973
2021-02-11,0.7513834008883876
2021-02-12,0.8345388771303786
2021-02-16,0.8337411719282593
2021-02-17,0.8341212561264693
2021-02-18,0.9171474135481575
2021-02-19,1.0
2021-02-22,1.0
2021-02-23,1.0
2021-02-24,1.0
2021-02-25,1.0
2021-02-26,1.0
2021-03-01,1.0
2021-03-02,1.0
2021-03-03,1.0
2021-03-04,1.0
2021-03-05,1.0
2021-03-08,1.0
2021-03-09,1.0
2021-03-10,1.0
2021-03-11,0.9233130846193486
2021-03-12,0.923415269428803
2021-03-15,0.9239728247425931
2021-03-16,0.923929505392739
2021-03-17,0.9242276552173586
2021-03-18,0.7634583008275794
2021-03-19,0.67906585544149
2021-03-22,0.49955857845085105
2021-03-23,0.4105470887354331
2021-03-24,0.4128180040087561
2021-03-25,0.3241203617138429
2021-03-26,0.2507609635668579
2021-03-29,0.15967784977960187
2021-03-30,0.16139929052817298
2021-03-31,0.16557421338121325
2021-04-01,0.09198242203471148
2021-04-05,0.0
2021-04-06,0.0
2021-04-07,0.0
2021-04-08,0.0
2021-04-09,0.0
2021-04-12,0.0
2021-04-13,0.0
2021-04-14,0.0
2021-04-15,0.0
2021-04-16,0.08218488535438909
2021-04-19,0.08215141936026236
2021-04-20,0.08158119302968082
2021-04-21,0.2525653929728028
2021-04-22,0.24845981809138765
2021-04-23,0.6709285678131244
2021-04-26,0.6719535512794047
2021-04-27,0.6736069693221268
2021-04-28,0.9236458629508847
2021-04-29,1.0
2021-04-30,1.0
2021-05-03,1.0
2021-05-04,1.0
2021-05-05,1.0
2021-05-06,1.0
2021-05-07,1.0
2021-05-10,1.0
2021-05-11,1.0
2021-05-12,1.0
2021-05-13,1.0
2021-05-14,1.0
2021-05-17,1.0
2021-05-18,1.0
2021-05-19,1.0
2021-05-20,1.0
2021-05-21,1.0
2021-05-24,1.0
2021-05-25,1.0
2021-05-26,1.0
2021-05-27,1.0
2021-05-28,0.9168062295954252
2021-06-01,0.917763668612165
2021-06-02,0.9170421894347391
2021-06-03,0.7639137592300108
2021-06-04,0.7650748219093002
2021-06-07,0.31430918054946094
2021-06-08,0.3142686935721838
2021-06-09,0.314083761038226
2021-06-10,0.06781670512303252
2021-06-11,0.0
2021-06-14,0.0
2021-06-15,0.0
2021-06-16,0.0
2021-06-17,0.0
2021-06-18,0.0
2021-06-21,0.0
2021-06-22,0.0
2021-06-23,0.0
2021-06-24,0.0
2021-06-25,0.0
2021-06-28,0.0
2021-06-29,0.0
2021-06-30,0.0
2021-07-01,0.0
2021-07-02,0.0
2021-07-06,0.0
2021-07-07,0.0
2021-07-08,0.0
2021-07-09,0.0
2021-07-12,0.0
2021-07-13,0.0
2021-07-14,0.0
2021-07-15,0.0
2021-07-16,0.0
2021-07-19,0.08091164038367743
2021-07-20,0.08387181720582575
2021-07-21,0.17326398898317197
2021-07-22,0.17481577909089793
2021-07-23,0.34361082978756274
2021-07-26,0.3430310075637092
2021-07-27,0.3439197231532319
2021-07-28,0.6776189059736581
2021-07-29,1.0
2021-07-30,1.0
2021-08-02,1.0
2021-08-03,1.0
2021-08-04,1.0
2021-08-05,1.0
2021-08-06,1.0
2021-08-09,1.0
2021-08-10,1.0
2021-08-11,1.0
2021-08-12,1.0
2021-08-13,1.0
2021-08-16,1.0
2021-08-17,1.0
2021-08-18,1.0
2021-08-19,1.0
2021-08-20,1.0
2021-08-23,1.0
2021-08-24,1.0
2021-08-25,1.0
2021-08-26,1.0
2021-08-27,1.0
2021-08-30,0.9129288407537935
2021-08-31,0.9127144042603639
2021-09-01,0.8242361049832936
2021-09-02,0.8248248615145036
2021-09-03,0.651977119815102
2021-09-07,0.650155688162561
2021-09-08,0.650211683575845
2021-09-09,0.3049052878946108
2021-09-10,0.0
2021-09-13,0.0
2021-09-14,0.0
2021-09-15,0.0
2021-09-16,0.0
2021-09-17,0.0
2021-09-20,0.0
2021-09-21,0.0
2021-09-22,0.0
2021-09-23,0.0
2021-09-24,0.0
2021-09-27,0.0
2021-09-28,0.0
2021-09-29,0.0
2021-09-30,0.0
2021-10-01,0.0
2021-10-04,0.0
2021-10-05,0.0
2021-10-06,0.0
2021-10-07,0.0
2021-10-08,0.0
2021-10-11,0.0
2021-10-12,0.0
2021-10-13,0.0
2021-10-14,0.0
2021-10-15,0.0
2021-10-18,0.0
2021-10-19,0.0
2021-10-20,0.08474313788315711
2021-10-21,0.17180452606568483
2021-10-22,0.4248350102798559
2021-10-25,0.4308612326020318
2021-10-26,0.43029173691547484
2021-10-27,0.7638087456122832
2021-10-28,0.9311324548649418
2021-10-29,1.0
2021-11-01,1.0
2021-11-02,1.0
2021-11-03,1.0
2021-11-04,1.0
2021-11-05,1.0
2021-11-08,1.0
2021-11-09,1.0
2021-11-10,1.0
2021-11-11,1.0
2021-11-12,1.0
2021-11-15,1.0
2021-11-16,1.0
2021-11-17,1.0
2021-11-18,1.0
2021-11-19,1.0
2021-11-22,1.0
2021-11-23,1.0
2021-11-24,1.0
2021-11-26,1.0
2021-11-29,1.0
2021-11-30,1.0
2021-12-01,1.0
2021-12-02,0.9219908737539275
2021-12-03,0.8231363633340684
2021-12-06,0.5682134809846152
2021-12-07,0.574758266917017
2021-12-08,0.5752771028350255
2021-12-09,0.2405551977707981
2021-12-10,0.07182997429154044
2021-12-13,0.0
2021-12-14,0.0
2021-12-15,0.0
2021-12-16,0.0
2021-12-17,0.0
2021-12-20,0.0
2021-12-21,0.0
2021-12-22,0.0
2021-12-23,0.0
2021-12-27,0.0
2021-12-28,0.0
2021-12-29,0.0
2021-12-30,0.0
2021-12-31,0.0
2022-01-03,0.0
2022-01-04,0.0
2022-01-05,0.0
2022-01-06,0.0
2022-01-07,0.0
2022-01-10,0.0
2022-01-11,0.0
2022-01-12,0.0
2022-01-13,0.0
2022-01-14,0.0
2022-01-18,0.0
2022-01-19,0.0
2022-01-20,0.0
2022-01-21,0.0
2022-01-24,0.0
2022-01-25,0.0
2022-01-26,0.0
2022-01-27,0.0
2022-01-28,0.0
2022-01-31,0.08389716312442672
2022-02-01,0.08435678087983148
2022-02-02,0.24845811939922077
2022-02-03,0.3293147218841263
2022-02-04,0.41310902755146084
2022-02-07,0.4943208362943767
2022-02-08,0.581975123915946
2022-02-09,0.7513657416576114
2022-02-10,0.7463730440204465
2022-02-11,0.7423462144384603
2022-02-14,0.7425610815610177
2022-02-15,0.7454256376918555
2022-02-16,0.7462435147235047
2022-02-17,0.7407051379672703
2022-02-18,0.7401209191343642
2022-02-22,0.7386029082773626
2022-02-23,0.7352870443510244
2022-02-24,0.7401180467476681
2022-02-25,0.7439652229672923
2022-02-28,0.7435101566775131
2022-03-01,0.7407222101947143
2022-03-02,0.7425420581857989
2022-03-03,0.7407626272572132
2022-03-04,0.7374341173375577
2022-03-07,0.7305955114072119
2022-03-08,0.7287794089437891
2022-03-09,0.7358534949272827
2022-03-10,0.7360206587371207
2022-03-11,0.7345104443891515
2022-03-14,0.7339306137746698
2022-03-15,0.6541800489230379
2022-03-16,0.6604065018930709
2022-03-17,0.5122556504454576
2022-03-18,0.4237105759374468
2022-03-21,0.3385858536306865
2022-03-22,0.24738534442536275
2022-03-23,0.16188289835762468
2022-03-24,0.0
2022-03-25,0.0
2022-03-28,0.0
2022-03-29,0.0
2022-03-30,0.0
2022-03-31,0.0
2022-04-01,0.0
2022-04-04,0.0
2022-04-05,0.0
2022-04-06,0.0
2022-04-07,0.0
2022-04-08,0.0
2022-04-11,0.0
2022-04-12,0.0
2022-04-13,0.0
2022-04-14,0.0
2022-04-18,0.0
2022-04-19,0.0
2022-04-20,0.0
2022-04-21,0.0
2022-04-22,0.0
2022-04-25,0.0
2022-04-26,0.0
2022-04-27,0.0
2022-04-28,0.0
2022-04-29,0.2456893578607446
2022-05-02,0.24321147405093618
2022-05-03,0.24288179596738638
2022-05-04,0.4999592654217834
2022-05-05,0.4920156236098381
2022-05-06,0.49033424565909345
2022-05-09,0.4754064369617509
2022-05-10,0.47562818433058535
2022-05-11,0.4732738020512048
2022-05-12,0.47239133295655
2022-05-13,0.4823027434328531
2022-05-16,0.4823080303679528
2022-05-17,0.488322430275224
2022-05-18,0.47988213275725844
2022-05-19,0.4789768028801118
2022-05-20,0.48044187427725904
2022-05-23,0.48393008704175344
2022-05-24,0.4808100613796863
2022-05-25,0.4848310647878623
2022-05-26,0.4915682338577807
2022-05-27,0.497768149025939
2022-05-31,0.4949541356904879
2022-06-01,0.493831947783213
2022-06-02,0.49842791224886995
2022-06-03,0.4961963580849112
2022-06-06,0.4967296210959773
2022-06-07,0.49996568675316233
2022-06-08,0.49638935117026045
2022-06-09,0.4885774452296578
2022-06-10,0.4790873105941001
2022-06-13,0.2502984660189888
2022-06-14,0.25064018919057823
2022-06-15,0.24933624745198102
2022-06-16,0.0
2022-06-17,0.0
2022-06-21,0.0
2022-06-22,0.0
2022-06-23,0.0
2022-06-24,0.0
2022-06-27,0.0
2022-06-28,0.0
2022-06-29,0.0
2022-06-30,0.0
2022-07-01,0.0
2022-07-05,0.0
2022-07-06,0.0
2022-07-07,0.0
2022-07-08,0.0
2022-07-11,0.0
2022-07-12,0.0
2022-07-13,0.0
2022-07-14,0.0
2022-07-15,0.0
2022-07-18,0.08165719918809755
2022-07-19,0.0836856513110935
2022-07-20,0.2500304939308625
2022-07-21,0.33482933161000483
2022-07-22,0.3337987299338921
2022-07-25,0.3359163001574578
2022-07-26,0.41800109245255296
2022-07-27,0.5895000245040672
2022-07-28,1.0
2022-07-29,1.0
2022-08-01,1.0
2022-08-02,1.0
2022-08-03,1.0
2022-08-04,1.0
2022-08-05,1.0
2022-08-08,1.0
2022-08-09,1.0
2022-08-10,1.0
2022-08-11,1.0
2022-08-12,1.0
2022-08-15,1.0
2022-08-16,1.0
2022-08-17,1.0
2022-08-18,1.0
2022-08-19,1.0
2022-08-22,1.0
2022-08-23,1.0
2022-08-24,1.0
2022-08-25,1.0
2022-08-26,1.0
2022-08-29,0.9184753771262493
2022-08-30,0.9180283054943277
2022-08-31,0.7559729957496488
2022-09-01,0.6682648764122943
2022-09-02,0.6664543907857761
2022-09-06,0.6660927274987158
2022-09-07,0.5887600285519426
2022-09-08,0.41388355150075246
2022-09-09,0.0
2022-09-12,0.0
2022-09-13,0.0
2022-09-14,0.0
2022-09-15,0.0
2022-09-16,0.0
2022-09-19,0.0
2022-09-20,0.0
2022-09-21,0.0
2022-09-22,0.0
2022-09-23,0.0
2022-09-26,0.0
2022-09-27,0.0
2022-09-28,0.0
2022-09-29,0.0
2022-09-30,0.0
2022-10-03,0.0
2022-10-04,0.0
2022-10-05,0.0
2022-10-06,0.0
2022-10-07,0.0
2022-10-10,0.0
2022-10-11,0.0
2022-10-12,0.0
2022-10-13,0.0
2022-10-14,0.0
2022-10-17,0.0
2022-10-18,0.0
2022-10-19,0.0
2022-10-20,0.0
2022-10-21,0.0
2022-10-24,0.0
2022-10-25,0.0
2022-10-26,0.16696218650612524
2022-10-27,0.25063041695116134
2022-10-28,0.5074560515984691
2022-10-31,0.5078377894504629
2022-11-01,0.5086741925959563
2022-11-02,0.5032407928180959
2022-11-03,0.5054711694142938
2022-11-04,0.5080107700708377
2022-11-07,0.5918574188304028
2022-11-08,0.5929662094788276
2022-11-09,0.5906439163427636
2022-11-10,0.5992828384463711
2022-11-11,0.5949743087404408
2022-11-14,0.5942854216532243
2022-11-15,0.5979233502663901
2022-11-16,0.5980435340915746
2022-11-17,0.5975275128182728
2022-11-18,0.6812843245651758
2022-11-21,0.6829469871119648
2022-11-22,0.6845997298497445
2022-11-23,0.6854170286680406
2022-11-25,0.6860798999829997
2022-11-28,0.6829971330821765
2022-11-29,0.6827255978568978
2022-11-30,0.686371544033742
2022-12-01,0.6875687165149663
2022-12-02,0.6880822365717497
2022-12-05,0.6842509216132403
2022-12-06,0.6826791026518886
2022-12-07,0.6823806353203717
2022-12-08,0.5044174977232234
2022-12-09,0.4154172006686872
2022-12-12,0.15719613565285673
2022-12-13,0.15533737547230497
2022-12-14,0.1544298584399582
2022-12-15,0.15260561115610716
2022-12-16,0.15188081694325117
2022-12-19,0.15127503324925798
2022-12-20,0.0728315341485927
2022-12-21,0.07198939527500071
2022-12-22,0.0700548493158621
2022-12-23,0.0691985385201183
2022-12-27,0.06825842796356026
2022-12-28,0.06739880408686197
2022-12-29,0.0687059017295227
2022-12-30,0.06840458912027847
2023-01-03,0.06790196792783124
2023-01-04,0.0
2023-01-05,0.0
2023-01-06,0.0
2023-01-09,0.0
2023-01-10,0.0
2023-01-11,0.0
2023-01-12,0.0
2023-01-13,0.0
2023-01-17,0.0
2023-01-18,0.0834467681392567
2023-01-19,0.1640240524393183
2023-01-20,0.16496169154545617
2023-01-23,0.16772736344784267
2023-01-24,0.16698671786419567
2023-01-25,0.16634511941878524
2023-01-26,0.16792236734599178
2023-01-27,0.25201862682988174
2023-01-30,0.2504938889687889
2023-01-31,0.2532750279891287
2023-02-01,0.34096531219012094
2023-02-02,0.34205651651912206
2023-02-03,0.3432307215124399
2023-02-06,0.3408769433814364
2023-02-07,0.3419449000501937
2023-02-08,0.3408844183411133
2023-02-09,0.4222657229663354
2023-02-10,0.5042771268123123
2023-02-13,0.5064048333114324
2023-02-14,0.5916217469269047
2023-02-15,0.6782861048264148
2023-02-16,0.6747405985834798
2023-02-17,0.6717252119122482
2023-02-21,0.7516711537088108
2023-02-22,0.750760625261078
2023-02-23,0.8340964673762079
2023-02-24,0.8328031358857215
2023-02-27,0.832923164291829
2023-02-28,0.8323024657551971
2023-03-01,0.915981932055716
2023-03-02,0.906808703523361
2023-03-03,0.8227318868945253
2023-03-06,0.8223745133239097
2023-03-07,0.8209129386396405
2023-03-08,0.8206956506206337
2023-03-09,0.81787309181623
2023-03-10,0.8140116904577761
2023-03-13,0.7322792556110143
2023-03-14,0.7354966029020298
2023-03-15,0.732018738669335
2023-03-16,0.6463163291366966
2023-03-17,0.6430833871333823
2023-03-20,0.6465687192133753
2023-03-21,0.6519719264433309
2023-03-22,0.646729021269041
2023-03-23,0.6459252327556516
2023-03-24,0.559922138055097
2023-03-27,0.4852151670132485
2023-03-28,0.4856976784974608
2023-03-29,0.40734146903346313
2023-03-30,0.3305274598743977
2023-03-31,0.33552343905407944
2023-04-03,0.33729636519763295
2023-04-04,0.2550281143151316
2023-04-05,0.2532126171732925
2023-04-06,0.17093281144730368
2023-04-10,0.17151641617695285
2023-04-11,0.17103916427110863
2023-04-12,0.17096129857422765
2023-04-13,0.08385152502826157
2023-04-14,0.0
2023-04-17,0.0
2023-04-18,0.0
2023-04-19,0.0
2023-04-20,0.0
2023-04-21,0.1674582928625559
2023-04-24,0.16614966758235789
2023-04-25,0.16524121496644023
2023-04-26,0.1636488926568373
2023-04-27,0.16629405236314665
2023-04-28,0.7502221734872877
2023-05-01,0.8342796196428572
2023-05-02,0.9169575205190652
2023-05-03,1.0
2023-05-04,1.0
2023-05-05,1.0
2023-05-08,1.0
2023-05-09,1.0
2023-05-10,1.0
2023-05-11,1.0
2023-05-12,1.0
2023-05-15,1.0
2023-05-16,1.0
2023-05-17,1.0
2023-05-18,1.0
2023-05-19,1.0
2023-05-22,1.0
2023-05-23,1.0
2023-05-24,1.0
2023-05-25,1.0
2023-05-26,1.0
2023-05-30,1.0
2023-05-31,1.0
2023-06-01,1.0
2023-06-02,1.0
2023-06-05,0.8348377294772348
2023-06-06,0.8353062604070866
2023-06-07,0.8366755821374893
2023-06-08,0.8366295400799935
2023-06-09,0.8374533635175361
2023-06-12,0.2652761278578503
2023-06-13,0.19395877198917297
2023-06-14,0.08466331498351135
2023-06-15,0.0
2023-06-16,0.0
2023-06-20,0.0
2023-06-21,0.0
2023-06-22,0.0
2023-06-23,0.0
2023-06-26,0.0
2023-06-27,0.0
2023-06-28,0.0
2023-06-29,0.0
2023-06-30,0.0
2023-07-03,0.0
2023-07-05,0.0
2023-07-06,0.0
2023-07-07,0.0
2023-07-10,0.0
2023-07-11,0.0
2023-07-12,0.0
2023-07-13,0.0
2023-07-14,0.0
2023-07-17,0.0
2023-07-18,0.0
2023-07-19,0.08491328234406981
2023-07-20,0.08530741897275762
2023-07-21,0.3346074813920338
2023-07-24,0.3365481335708607
2023-07-25,0.3363860282182345
2023-07-26,0.4191958625436739
2023-07-27,0.502987414416112
2023-07-28,0.5875524736214411
2023-07-31,0.6695045834219456
2023-08-01,0.8363028927720798
2023-08-02,0.8345971228901641
2023-08-03,1.0
2023-08-04,1.0
2023-08-07,1.0
2023-08-08,1.0
2023-08-09,1.0
2023-08-10,1.0
2023-08-11,1.0
2023-08-14,1.0
2023-08-15,1.0
2023-08-16,1.0
2023-08-17,1.0
2023-08-18,1.0
2023-08-21,1.0
2023-08-22,1.0
2023-08-23,1.0
2023-08-24,1.0
2023-08-25,1.0
2023-08-28,1.0
2023-08-29,1.0
2023-08-30,0.9197319619755784
2023-08-31,0.9199266075170804
2023-09-01,0.6810899927185414
2023-09-05,0.6799049069766049
2023-09-06,0.679466542225588
2023-09-07,0.5970625392668751
2023-09-08,0.5108773724275614
2023-09-11,0.4306183359302651
2023-09-12,0.34600709542156555
2023-09-13,0.1735005822119541
2023-09-14,0.17521586642813142
2023-09-15,0.0
2023-09-18,0.0
2023-09-19,0.0
2023-09-20,0.0
2023-09-21,0.0
2023-09-22,0.0
2023-09-25,0.0
2023-09-26,0.0
2023-09-27,0.0
2023-09-28,0.0
2023-09-29,0.0
2023-10-02,0.0
2023-10-03,0.0
2023-10-04,0.0
2023-10-05,0.0
2023-10-06,0.0
2023-10-09,0.0
2023-10-10,0.0
2023-10-11,0.0
2023-10-12,0.0
2023-10-13,0.0
2023-10-16,0.0
2023-10-17,0.0
2023-10-18,0.0
2023-10-19,0.0
2023-10-20,0.0
2023-10-23,0.0
2023-10-24,0.0
2023-10-25,0.0
2023-10-26,0.0
2023-10-27,0.6646845744471145
2023-10-30,0.7491738344573853
2023-10-31,0.9991883241125545
2023-11-01,0.9992027769815635
2023-11-02,0.9992109079469816
2023-11-03,0.999221634089079
2023-11-06,0.9992188815614734
2023-11-07,0.999220804919616
2023-11-08,0.999221098730554
2023-11-09,0.9992185992253241
2023-11-10,0.9992258027827845
2023-11-13,0.9992295764784457
2023-11-14,0.9992496751516237
2023-11-15,0.9992474770409242
2023-11-16,0.999250272439604
2023-11-17,0.9992522824636358
2023-11-20,0.9992598646575704
2023-11-21,0.9992590911632532
2023-11-22,0.9992630038751145
2023-11-24,0.9992661246443272
2023-11-27,0.9992692310470749
2023-11-28,0.999263199180991
2023-11-29,0.9992669873650308
2023-11-30,0.9992733163493889
2023-12-01,0.999283525281782
2023-12-04,0.9992842614285277
2023-12-05,0.9992820783255802
2023-12-06,0.9992831647667982
2023-12-07,0.9992833872190513
2023-12-08,0.9992848826073187
2023-12-11,0.3315368520946795
2023-12-12,0.24637401425084807
2023-12-13,0.0
2023-12-14,0.0
2023-12-15,0.0
2023-12-18,0.0
2023-12-19,0.0
2023-12-20,0.0
2023-12-21,0.0
2023-12-22,0.0
2023-12-26,0.0
2023-12-27,0.0
2023-12-28,0.0
2023-12-29,0.0
2024-01-02,0.0
2024-01-03,0.0
2024-01-04,0.0
2024-01-05,0.0
2024-01-08,0.0
2024-01-09,0.0
2024-01-10,0.0
2024-01-11,0.0
2024-01-12,0.0
2024-01-16,0.0
2024-01-17,0.0
2024-01-18,0.0
2024-01-19,0.0
2024-01-22,0.0
2024-01-23,0.0
2024-01-24,0.16822006096464376
2024-01-25,0.3373021995304668
2024-01-26,0.3358978274013836
2024-01-29,0.3349079248040051
2024-01-30,0.3351414263629257
2024-01-31,0.41541837781299185
2024-02-01,0.4173837879329832
2024-02-02,0.5020218241483276
2024-02-05,0.5005293972726761
2024-02-06,0.5849609764985856
2024-02-07,0.7541543165772321
2024-02-08,0.8383852963596382
2024-02-09,0.9219127776153146
2024-02-12,0.9223509382294645
2024-02-13,0.9213263608278801
2024-02-14,1.0
2024-02-15,1.0
2024-02-16,1.0
2024-02-20,1.0
2024-02-21,1.0
2024-02-22,1.0
2024-02-23,1.0
2024-02-26,1.0
2024-02-27,1.0
2024-02-28,1.0
2024-02-29,1.0
2024-03-01,1.0
2024-03-04,1.0
2024-03-05,1.0
2024-03-06,1.0
2024-03-07,0.8331594877218031
2024-03-08,0.6704952900824536
2024-03-11,0.6684244067656864
2024-03-12,0.6683295971605494
2024-03-13,0.6695515511543967
2024-03-14,0.5835580547487261
2024-03-15,0.5812164397113962
2024-03-18,0.49621884841449176
2024-03-19,0.49716857037045253
2024-03-20,0.4041141634547294
2024-03-21,0.2417767350312298
2024-03-22,0.16078594088091244
2024-03-25,0.07905691707426458
2024-03-26,0.0797037864459704
2024-03-27,0.0803723965765628
2024-03-28,0.0
2024-04-01,0.0
2024-04-02,0.0
2024-04-03,0.0
2024-04-04,0.0
2024-04-05,0.0
2024-04-08,0.0
2024-04-09,0.0
2024-04-10,0.0
2024-04-11,0.0
2024-04-12,0.08126810976649056
2024-04-15,0.1622296775351426
2024-04-16,0.16028379267425427
2024-04-17,0.24272364265758098
2024-04-18,0.24259521135190298
2024-04-19,0.24410188293381269
2024-04-22,0.2455918634795193
2024-04-23,0.24624467856419868
2024-04-24,0.4129479129699459
2024-04-25,0.5801673061096773
2024-04-26,0.6648360931352009
2024-04-29,0.664666084520121
2024-04-30,0.6598944194611039
2024-05-01,0.7433493222426709
2024-05-02,0.8269047577086288
2024-05-03,0.9936074774173144
2024-05-06,0.9936760191229597
2024-05-07,0.9937210757870393
2024-05-08,0.9936885989772046
2024-05-09,0.9937388930247605
2024-05-10,0.9937339172839513
2024-05-13,0.9937003732185357
2024-05-14,0.9937055608605454
2024-05-15,0.9937787265863111
2024-05-16,0.9937466625285609
2024-05-17,0.9937671510180541
2024-05-20,0.9937554066922939
2024-05-21,0.9937588548273625
2024-05-22,0.9937270221409896
2024-05-23,0.9936458135137781
2024-05-24,0.9173063048269254
2024-05-28,0.8355722272946524
2024-05-29,0.8337650102023889
2024-05-30,0.7534115037546244
2024-05-31,0.7552861566384701
2024-06-03,0.7549686381237112
2024-06-04,0.7547115105771365
2024-06-05,0.7563923672291646
2024-06-06,0.6026170768831455
2024-06-07,0.43049811485542294
2024-06-10,0.34806871218951246
2024-06-11,0.34743584650747955
2024-06-12,0.3487758136246131
2024-06-13,0.25663929463334817
2024-06-14,0.16338299545866763
2024-06-17,0.0
2024-06-18,0.0
2024-06-20,0.0
2024-06-21,0.0
2024-06-24,0.0
2024-06-25,0.0
2024-06-26,0.0
2024-06-27,0.0
2024-06-28,0.0
2024-07-01,0.0
2024-07-02,0.0
2024-07-03,0.0
2024-07-05,0.0
2024-07-08,0.0
2024-07-09,0.0
2024-07-10,0.0
2024-07-11,0.0
2024-07-12,0.0
2024-07-15,0.0
2024-07-16,0.0
2024-07-17,0.0
2024-07-18,0.0
2024-07-19,0.0
2024-07-22,0.0
2024-07-23,0.0
2024-07-24,0.0
2024-07-25,0.0
2024-07-26,0.41935078879300147
2024-07-29,0.5032621774107954
2024-07-30,0.5869585458507729
2024-07-31,0.6725459273873661
2024-08-01,0.753029216614695
2024-08-02,1.0
2024-08-05,1.0
2024-08-06,1.0
2024-08-07,1.0
2024-08-08,1.0
2024-08-09,1.0
2024-08-12,1.0
2024-08-13,1.0
2024-08-14,1.0
2024-08-15,1.0
2024-08-16,1.0
2024-08-19,1.0
2024-08-20,1.0
2024-08-21,1.0
2024-08-22,1.0
2024-08-23,1.0
2024-08-26,1.0
2024-08-27,1.0
2024-08-28,1.0
2024-08-29,1.0
2024-08-30,1.0
2024-09-03,1.0
2024-09-04,1.0
2024-09-05,1.0
2024-09-06,1.0
2024-09-09,0.5588167445395968
2024-09-10,0.48650159813852367
2024-09-11,0.4147658036850749
2024-09-12,0.3327644810306695
2024-09-13,0.25409091538930945
2024-09-16,0.0
2024-09-17,0.0
2024-09-18,0.0
2024-09-19,0.0
2024-09-20,0.0
2024-09-23,0.0
2024-09-24,0.0
2024-09-25,0.0
2024-09-26,0.0
2024-09-27,0.0
2024-09-30,0.0
2024-10-01,0.0
2024-10-02,0.0
2024-10-03,0.0
2024-10-04,0.0
2024-10-07,0.0
2024-10-08,0.0
2024-10-09,0.08475625331578016
2024-10-10,0.08495852507403606
2024-10-11,0.08577569075412537
2024-10-14,0.16911868520669093
2024-10-15,0.17009485407432923
2024-10-16,0.17012221370554365
2024-10-17,0.16928267339985842
2024-10-18,0.3393632791843167
2024-10-21,0.33822915200629183
2024-10-22,0.33715801057217387
2024-10-23,0.4190840807483215
2024-10-24,0.6693983694628747
2024-10-25,0.8348270845189303
2024-10-28,0.8354861939649204
2024-10-29,1.0
2024-10-30,1.0
2024-10-31,1.0
2024-11-01,1.0
2024-11-04,1.0
2024-11-05,1.0
2024-11-06,1.0
2024-11-07,1.0
2024-11-08,1.0
2024-11-11,1.0
2024-11-12,1.0
2024-11-13,1.0
2024-11-14,1.0
2024-11-15,1.0
2024-11-18,1.0
2024-11-19,1.0
2024-11-20,0.9246126772497293
2024-11-21,0.9253512109701078
2024-11-22,0.9258080407797444
2024-11-25,0.8438969121596208
2024-11-26,0.8447911421638375
2024-11-27,0.8443455747337529
2024-11-29,0.8447790732364705
2024-12-02,0.6703356666594497
2024-12-03,0.6693513680409832
2024-12-04,0.6706707250497745
2024-12-05,0.5875834476452607
2024-12-06,0.3350810218827088
2024-12-09,0.17262924474586763
2024-12-10,0.17035343428215718
2024-12-11,0.0
2024-12-12,0.0
2024-12-13,0.0
2024-12-16,0.0
2024-12-17,0.0
2024-12-18,0.0
2024-12-19,0.0
2024-12-20,0.0
2024-12-23,0.0
2024-12-24,0.0
2024-12-26,0.0
2024-12-27,0.0
2024-12-30,0.0
2024-12-31,0.0
2025-01-02,0.0
2025-01-03,0.0
2025-01-06,0.0
2025-01-07,0.0
2025-01-08,0.0
2025-01-09,0.0
2025-01-10,0.0
2025-01-13,0.0
2025-01-14,0.0
2025-01-15,0.0
2025-01-16,0.0
2025-01-17,0.0
2025-01-21,0.0
2025-01-22,0.0
2025-01-23,0.0
2025-01-24,0.0
2025-01-27,0.0
2025-01-28,0.0
2025-01-29,0.0
2025-01-30,0.0
2025-01-31,0.0
2025-02-03,0.0
2025-02-04,0.0
2025-02-05,0.0
2025-02-06,0.08132575839712038
2025-02-07,0.07912926293824854
2025-02-10,0.07622785500136278
2025-02-11,0.074633874649164
2025-02-12,0.15824370387262057
2025-02-13,0.4120074761958342
2025-02-14,0.578535802251294
2025-02-18,0.5746599297826154
2025-02-19,0.5741914835795666
2025-02-20,0.6560854956309431
2025-02-21,0.6491769480319324
2025-02-24,0.6501865442648802
2025-02-25,0.6467597890977913
2025-02-26,0.7305255778542666
2025-02-27,0.8105201444228967
2025-02-28,0.812471893252073
2025-03-03,0.8084469146779085
2025-03-04,0.8068330035394095
2025-03-05,0.8085766171635284
2025-03-06,0.8034032920125888
2025-03-07,0.8876180362219772
2025-03-10,0.8842778055931062
2025-03-11,0.883460891248859
2025-03-12,0.8846142440877445
2025-03-13,0.8824720349057127
2025-03-14,0.8859033451180758
2025-03-17,0.8876629378678704
2025-03-18,0.8865713784347444
2025-03-19,0.8880226157803901
2025-03-20,0.8878129801431002
2025-03-21,0.8160169161510941
2025-03-24,0.8194263708443867
2025-03-25,0.8193539024844951
2025-03-26,0.8170775779139628
2025-03-27,0.814811100303555
2025-03-28,0.5847481282688275
2025-03-31,0.4063358335918098
2025-04-01,0.40790812539848487
2025-04-02,0.41161350597674606
2025-04-03,0.31467149049366305
2025-04-04,0.29946975131465314
2025-04-07,0.3023123378069324
2025-04-08,0.2995267470407521
2025-04-09,0.24043104754539862
2025-04-10,0.1609794375777023
2025-04-11,0.16573794779591738
2025-04-14,0.16550298782339928
2025-04-15,0.1650315310615655
2025-04-16,0.16241308468345872
2025-04-17,0.16071912387364592
2025-04-21,0.08119698861405526
2025-04-22,0.08273548450137595
2025-04-23,0.08269840907804485
2025-04-24,0.4187111441671786
2025-04-25,0.4192946013372885
2025-04-28,0.4194703074406858
2025-04-29,0.4197025339849534
2025-04-30,0.5891433378516915
2025-05-01,0.7551875793630204
2025-05-02,1.0
2025-05-05,1.0
2025-05-06,1.0
2025-05-07,1.0
2025-05-08,1.0
2025-05-09,0.9156701636344224
2025-05-12,0.9182623446827336
2025-05-13,0.9188242363312871
2025-05-14,0.9186062093901445
2025-05-15,0.9194933991272126
2025-05-16,0.9199912002119512
2025-05-19,0.9203147058354512
2025-05-20,0.9201395999891152
2025-05-21,0.9189863573750595
2025-05-22,0.9189670144232275
2025-05-23,0.9189734631849024
2025-05-27,0.9207809411693375
2025-05-28,0.920724692924512
2025-05-29,0.9210327459710874
2025-05-30,0.9207831624919716
2025-06-02,0.9212659922249149
2025-06-03,0.9217141727400516
2025-06-04,0.9221983855747599
2025-06-05,0.9223142361209732
2025-06-06,0.5795681352153372
2025-06-09,0.5791107857841311
2025-06-10,0.5779720294748485
2025-06-11,0.5763669329189581
2025-06-12,0.3946128395614446
2025-06-13,0.23858723065077214
2025-06-16,0.0
2025-06-17,0.0
2025-06-18,0.0
2025-06-20,0.0
2025-06-23,0.0
2025-06-24,0.0
2025-06-25,0.0
2025-06-26,0.0
2025-06-27,0.0
2025-06-30,0.0
2025-07-01,0.0
2025-07-02,0.0
2025-07-03,0.0
2025-07-07,0.0
2025-07-08,0.0
2025-07-09,0.0
2025-07-10,0.0
2025-07-11,0.0
2025-07-14,0.0
2025-07-15,0.0
2025-07-16,0.0
2025-07-17,0.0
2025-07-18,0.16538828209424536
2025-07-21,0.16317259212482593
2025-07-22,0.16419278651214922
2025-07-23,0.33041071435838887
2025-07-24,0.4157257577775922
2025-07-25,0.49983652187728983
2025-07-28,0.5829248713722398
2025-07-29,0.5817568573425757
2025-07-30,0.7483983094090787
2025-07-31,0.8312663472598603
2025-08-01,0.9979185091151278
2025-08-04,0.9979524020196939
2025-08-05,0.9979464048210206
2025-08-06,0.9979466394467676
2025-08-07,0.9979360440135016
2025-08-08,0.9979464530988867
2025-08-11,0.9979410357913706
2025-08-12,0.9979552360563049
2025-08-13,0.9979623981213881
2025-08-14,0.9979614459413608
2025-08-15,0.9979480001124462
2025-08-18,0.9979461771269228
2025-08-19,0.9979583432452845
2025-08-20,0.9979687824073076
2025-08-21,0.9979630114701046
2025-08-22,0.9979822760147478
2025-08-25,0.9979720095121071
2025-08-26,0.997977668897003
2025-08-27,0.9979759539122465
2025-08-28,0.9979731851220066
2025-08-29,0.8314649807488049
2025-09-02,0.8304755031630582
2025-09-03,0.8306662396458303
2025-09-04,0.664857822118238
2025-09-05,0.5790156579375847
2025-09-08,0.4960256142199493
2025-09-09,0.41219059220520426
2025-09-10,0.4121257175185828
2025-09-11,0.24213550341255455
2025-09-12,0.16154778732228064
2025-09-15,0.0
2025-09-16,0.0
2025-09-17,0.0
2025-09-18,0.0
2025-09-19,0.0
2025-09-22,0.0
2025-09-23,0.0
2025-09-24,0.0
2025-09-25,0.0
2025-09-26,0.0
2025-09-29,0.0
2025-09-30,0.0
2025-10-01,0.0
2025-10-02,0.0
2025-10-03,0.0
2025-10-06,0.0
2025-10-07,0.0
2025-10-08,0.0
2025-10-09,0.0
2025-10-10,0.08566161152048221
2025-10-13,0.08504015261420363
2025-10-14,0.08642292140726673
2025-10-15,0.1689155867560653
2025-10-16,0.16954763102809176
2025-10-17,0.1699268087846926
2025-10-20,0.2547043702177435
2025-10-21,0.2546057111662966
2025-10-22,0.2549377003346978
2025-10-23,0.506045740630475
2025-10-24,0.5048103762898419
2025-10-27,0.5064679142074979
2025-10-28,0.5042653441194483
2025-10-29,0.5031227480091613
2025-10-30,0.503653602880001
2025-10-31,0.5029438316427628
2025-11-03,0.502406448702168
2025-11-04,0.5017045903183233
2025-11-05,0.5017366738282117
2025-11-06,0.5012098834675293
2025-11-07,0.504535655554859
2025-11-10,0.5065191690306862
2025-11-11,0.5086577193932629
2025-11-12,0.5087668255355897
2025-11-13,0.5075492288581358
2025-11-14,0.5059953560144955
2025-11-17,0.5043136219799409
2025-11-18,0.5040298122857998
2025-11-19,0.5035794008855443
2025-11-20,0.500971039519276
2025-11-21,0.42046597294525995
2025-11-24,0.42239158617090977
2025-11-25,0.4268146028632642
2025-11-26,0.3454112004670809
2025-11-28,0.3466306914835226
2025-12-01,0.34527623300736976
2025-12-02,0.25629723375929603
2025-12-03,0.2548038865847849
2025-12-04,0.2545954901133788
2025-12-05,0.0
