reaction_date,symbol,vix_value,regime,cap_limit,cap_used,accepted,reason
2017-01-09,GPN,11.5600004196167,NORMAL,12,0,True,Accepted
2017-01-24,DHI,11.06999969482422,NORMAL,12,1,True,Accepted
2017-01-25,TEL,10.8100004196167,NORMAL,12,2,True,Accepted
2017-01-31,AAPL,11.989999771118164,NORMAL,12,3,True,Accepted
2017-02-15,SNPS,11.970000267028809,NORMAL,12,4,True,Accepted
2017-02-22,HPQ,11.739999771118164,NORMAL,12,5,True,Accepted
2017-04-19,LRCX,14.93000030517578,NORMAL,12,0,True,Accepted
2017-04-21,HON,14.630000114440918,NORMAL,12,1,True,Accepted
2017-04-24,TMUS,10.84000015258789,NORMAL,12,2,True,Accepted
2017-04-24,ITW,10.84000015258789,NORMAL,12,3,True,Accepted
2017-04-26,AMD,10.850000381469728,NORMAL,12,4,True,Accepted
2017-04-27,ALGN,10.359999656677246,NORMAL,12,5,True,Accepted
2017-04-27,TRMB,10.359999656677246,NORMAL,12,6,True,Accepted
2017-05-02,CMI,10.59000015258789,NORMAL,12,7,True,Accepted
2017-05-02,AME,10.59000015258789,NORMAL,12,8,True,Accepted
2017-05-02,HLT,10.59000015258789,NORMAL,12,9,True,Accepted
2017-05-03,APTV,10.68000030517578,NORMAL,12,10,True,Accepted
2017-05-04,MTD,10.460000038146973,NORMAL,12,11,True,Accepted
2017-05-04,ANET,10.460000038146973,NORMAL,12,12,False,Cap reached (12/12)
2017-05-05,CI,10.56999969482422,NORMAL,12,12,False,Cap reached (12/12)
2017-05-09,HSIC,9.960000038146973,NORMAL,12,12,False,Cap reached (12/12)
2017-05-09,NVDA,9.960000038146973,NORMAL,12,12,False,Cap reached (12/12)
2017-05-09,AON,9.960000038146973,NORMAL,12,12,False,Cap reached (12/12)
2017-05-09,J,9.960000038146973,NORMAL,12,12,False,Cap reached (12/12)
2017-05-09,MCHP,9.960000038146973,NORMAL,12,12,False,Cap reached (12/12)
2017-05-09,MAR,9.960000038146973,NORMAL,12,12,False,Cap reached (12/12)
2017-05-19,DE,12.039999961853027,NORMAL,12,12,False,Cap reached (12/12)
2017-05-24,NTAP,10.020000457763672,NORMAL,12,12,False,Cap reached (12/12)
2017-05-30,ADI,10.380000114440918,NORMAL,12,12,False,Cap reached (12/12)
2017-06-01,COO,9.890000343322754,NORMAL,12,12,False,Cap reached (12/12)
2017-06-01,WDAY,9.890000343322754,NORMAL,12,12,False,Cap reached (12/12)
2017-06-27,DRI,11.0600004196167,NORMAL,12,12,False,Cap reached (12/12)
2017-06-29,STZ,11.4399995803833,NORMAL,12,12,False,Cap reached (12/12)
2017-07-25,TXN,9.43000030517578,NORMAL,12,0,True,Accepted
2017-07-26,LH,9.600000381469728,NORMAL,12,1,True,Accepted
2017-07-26,META,9.600000381469728,NORMAL,12,2,True,Accepted
2017-07-26,NDAQ,9.600000381469728,NORMAL,12,3,True,Accepted
2017-07-26,BA,9.600000381469728,NORMAL,12,4,True,Accepted
2017-08-01,XYL,10.09000015258789,NORMAL,12,5,True,Accepted
2017-08-01,APD,10.09000015258789,NORMAL,12,6,True,Accepted
2017-08-02,HUM,10.279999732971191,NORMAL,12,7,True,Accepted
2017-08-03,TDY,10.4399995803833,NORMAL,12,8,True,Accepted
2017-08-03,HII,10.4399995803833,NORMAL,12,9,True,Accepted
2017-08-07,TSN,9.93000030517578,NORMAL,12,10,True,Accepted
2017-08-12,GDDY,15.510000228881836,NORMAL,12,11,True,Accepted
2017-08-17,AMAT,15.550000190734863,NORMAL,12,12,False,Cap reached (12/12)
2017-08-31,PANW,10.59000015258789,NORMAL,12,12,False,Cap reached (12/12)
2017-10-05,STZ,9.1899995803833,NORMAL,12,0,True,Accepted
2017-10-17,IBKR,10.3100004196167,NORMAL,12,1,True,Accepted
2017-10-19,BX,10.050000190734863,NORMAL,12,2,True,Accepted
2017-10-22,TMUS,9.970000267028809,NORMAL,12,3,True,Accepted
2017-10-24,CAT,11.15999984741211,NORMAL,12,4,True,Accepted
2017-10-25,AVY,11.229999542236328,NORMAL,12,5,True,Accepted
2017-10-26,INTC,11.300000190734863,NORMAL,12,6,True,Accepted
2017-10-26,HLT,11.300000190734863,NORMAL,12,7,True,Accepted
2017-10-26,SYK,11.300000190734863,NORMAL,12,8,True,Accepted
2017-10-26,ODFL,11.300000190734863,NORMAL,12,9,True,Accepted
2017-10-27,WY,9.800000190734863,NORMAL,12,10,True,Accepted
2017-10-31,XYL,10.18000030517578,NORMAL,12,11,True,Accepted
2017-10-31,LHX,10.18000030517578,NORMAL,12,12,False,Cap reached (12/12)
2017-11-01,QCOM,10.199999809265137,NORMAL,12,12,False,Cap reached (12/12)
2017-11-02,PODD,9.93000030517578,NORMAL,12,12,False,Cap reached (12/12)
2017-11-02,YUM,9.93000030517578,NORMAL,12,12,False,Cap reached (12/12)
2017-11-02,ZTS,9.93000030517578,NORMAL,12,12,False,Cap reached (12/12)
2017-11-02,AME,9.93000030517578,NORMAL,12,12,False,Cap reached (12/12)
2017-11-02,MSCI,9.93000030517578,NORMAL,12,12,False,Cap reached (12/12)
2017-11-02,PH,9.93000030517578,NORMAL,12,12,False,Cap reached (12/12)
2017-11-13,TSN,11.5,NORMAL,12,12,False,Cap reached (12/12)
2017-11-20,A,10.649999618530272,NORMAL,12,12,False,Cap reached (12/12)
2017-12-07,DG,10.15999984741211,NORMAL,12,12,False,Cap reached (12/12)
2017-12-19,CCL,10.029999732971191,NORMAL,12,12,False,Cap reached (12/12)
2017-12-21,ACN,9.619999885559082,NORMAL,12,12,False,Cap reached (12/12)
2018-01-04,LW,9.220000267028809,NORMAL,12,0,True,Accepted
2018-01-11,DAL,9.880000114440918,NORMAL,12,1,True,Accepted
2018-01-17,PTC,11.90999984741211,NORMAL,12,2,True,Accepted
2018-01-22,HAL,11.029999732971191,NORMAL,12,3,True,Accepted
2018-01-25,MMM,11.579999923706056,NORMAL,12,4,True,Accepted
2018-01-25,MKC,11.579999923706056,NORMAL,12,5,True,Accepted
2018-01-26,HON,11.079999923706056,NORMAL,12,6,True,Accepted
2018-01-31,AVY,13.539999961853027,NORMAL,12,7,True,Accepted
2018-02-01,MA,13.470000267028809,NORMAL,12,8,True,Accepted
2018-02-01,ETN,13.470000267028809,NORMAL,12,9,True,Accepted
2018-02-01,AME,13.470000267028809,NORMAL,12,10,True,Accepted
2018-02-05,CHD,37.31999969482422,STRESS,0,11,False,Cap reached (11/0)
2018-02-06,CNC,29.979999542236328,RISK_OFF,6,11,False,Cap reached (11/6)
2018-02-06,TPR,29.979999542236328,RISK_OFF,6,11,False,Cap reached (11/6)
2018-02-07,BALL,27.729999542236328,RISK_OFF,6,11,False,Cap reached (11/6)
2018-02-07,FISV,27.729999542236328,RISK_OFF,6,11,False,Cap reached (11/6)
2018-02-09,RSG,29.059999465942383,RISK_OFF,6,11,False,Cap reached (11/6)
2018-02-14,A,19.260000228881836,NORMAL,12,11,True,Accepted
2018-02-20,MOS,20.600000381469727,NORMAL,12,12,False,Cap reached (12/12)
2018-02-23,PNW,16.489999771118164,NORMAL,12,12,False,Cap reached (12/12)
2018-02-27,AXON,18.59000015258789,NORMAL,12,12,False,Cap reached (12/12)
2018-02-27,BKNG,18.59000015258789,NORMAL,12,12,False,Cap reached (12/12)
2018-02-28,CRM,19.850000381469727,NORMAL,12,12,False,Cap reached (12/12)
2018-03-01,KEYS,22.469999313354492,NORMAL,12,12,False,Cap reached (12/12)
2018-03-06,ADSK,18.36000061035156,NORMAL,12,12,False,Cap reached (12/12)
2018-03-15,ADBE,16.59000015258789,NORMAL,12,12,False,Cap reached (12/12)
2018-04-12,BLK,18.489999771118164,NORMAL,12,0,True,Accepted
2018-04-19,BK,15.960000038146973,NORMAL,12,1,True,Accepted
2018-04-20,HON,16.8799991607666,NORMAL,12,2,True,Accepted
2018-04-25,NSC,17.84000015258789,NORMAL,12,3,True,Accepted
2018-04-25,TT,17.84000015258789,NORMAL,12,4,True,Accepted
2018-04-25,BA,17.84000015258789,NORMAL,12,5,True,Accepted
2018-04-25,BSX,17.84000015258789,NORMAL,12,6,True,Accepted
2018-04-25,CMG,17.84000015258789,NORMAL,12,7,True,Accepted
2018-04-25,AMD,17.84000015258789,NORMAL,12,8,True,Accepted
2018-04-26,COP,16.239999771118164,NORMAL,12,9,True,Accepted
2018-04-26,DLR,16.239999771118164,NORMAL,12,10,True,Accepted
2018-04-26,UPS,16.239999771118164,NORMAL,12,11,True,Accepted
2018-04-26,MSFT,16.239999771118164,NORMAL,12,12,False,Cap reached (12/12)
2018-04-27,DOV,15.40999984741211,NORMAL,12,12,False,Cap reached (12/12)
2018-05-01,AAPL,15.489999771118164,NORMAL,12,12,False,Cap reached (12/12)
2018-05-01,FIS,15.489999771118164,NORMAL,12,12,False,Cap reached (12/12)
2018-05-02,DVN,15.970000267028809,NORMAL,12,12,False,Cap reached (12/12)
2018-05-02,ADP,15.970000267028809,NORMAL,12,12,False,Cap reached (12/12)
2018-05-02,GRMN,15.970000267028809,NORMAL,12,12,False,Cap reached (12/12)
2018-05-03,LYV,15.899999618530272,NORMAL,12,12,False,Cap reached (12/12)
2018-05-03,PSKY,15.899999618530272,NORMAL,12,12,False,Cap reached (12/12)
2018-05-04,CPT,14.770000457763672,NORMAL,12,12,False,Cap reached (12/12)
2018-05-08,ZBRA,14.710000038146973,NORMAL,12,12,False,Cap reached (12/12)
2018-05-08,IT,14.710000038146973,NORMAL,12,12,False,Cap reached (12/12)
2018-05-09,OXY,13.420000076293944,NORMAL,12,12,False,Cap reached (12/12)
2018-05-09,STE,13.420000076293944,NORMAL,12,12,False,Cap reached (12/12)
2018-05-22,INTU,13.220000267028809,NORMAL,12,12,False,Cap reached (12/12)
2018-05-29,CRM,17.020000457763672,NORMAL,12,12,False,Cap reached (12/12)
2018-06-28,MKC,16.850000381469727,NORMAL,12,12,False,Cap reached (12/12)
2018-07-10,PEP,12.640000343322754,NORMAL,12,0,True,Accepted
2018-07-17,JNJ,12.0600004196167,NORMAL,12,1,True,Accepted
2018-07-18,UAL,12.100000381469728,NORMAL,12,2,True,Accepted
2018-07-19,SNA,12.869999885559082,NORMAL,12,3,True,Accepted
2018-07-24,HUBB,12.40999984741211,NORMAL,12,4,True,Accepted
2018-07-25,NSC,12.289999961853027,NORMAL,12,5,True,Accepted
2018-07-25,APH,12.289999961853027,NORMAL,12,6,True,Accepted
2018-07-25,TT,12.289999961853027,NORMAL,12,7,True,Accepted
2018-07-25,IEX,12.289999961853027,NORMAL,12,8,True,Accepted
2018-07-25,AMP,12.289999961853027,NORMAL,12,9,True,Accepted
2018-07-26,EXPE,12.140000343322754,NORMAL,12,10,True,Accepted
2018-07-26,XEL,12.140000343322754,NORMAL,12,11,True,Accepted
2018-07-26,ORLY,12.140000343322754,NORMAL,12,12,False,Cap reached (12/12)
2018-07-27,PSX,13.029999732971191,NORMAL,12,12,False,Cap reached (12/12)
2018-07-31,UDR,12.829999923706056,NORMAL,12,12,False,Cap reached (12/12)
2018-07-31,AME,12.829999923706056,NORMAL,12,12,False,Cap reached (12/12)
2018-07-31,JCI,12.829999923706056,NORMAL,12,12,False,Cap reached (12/12)
2018-07-31,ETN,12.829999923706056,NORMAL,12,12,False,Cap reached (12/12)
2018-08-01,VRSK,13.149999618530272,NORMAL,12,12,False,Cap reached (12/12)
2018-08-02,MET,12.1899995803833,NORMAL,12,12,False,Cap reached (12/12)
2018-08-06,J,11.270000457763672,NORMAL,12,12,False,Cap reached (12/12)
2018-08-08,ALB,10.850000381469728,NORMAL,12,12,False,Cap reached (12/12)
2018-08-21,ADI,12.859999656677246,NORMAL,12,12,False,Cap reached (12/12)
2018-08-21,MDT,12.859999656677246,NORMAL,12,12,False,Cap reached (12/12)
2018-08-22,SNPS,12.25,NORMAL,12,12,False,Cap reached (12/12)
2018-10-16,PLD,17.6200008392334,NORMAL,12,0,True,Accepted
2018-10-18,PYPL,20.059999465942383,NORMAL,12,1,True,Accepted
2018-10-18,AXP,20.059999465942383,NORMAL,12,2,True,Accepted
2018-10-19,CFG,19.88999938964844,NORMAL,12,3,True,Accepted
2018-10-22,CDNS,19.63999938964844,NORMAL,12,4,True,Accepted
2018-10-24,NSC,25.229999542236328,RISK_OFF,6,5,True,Accepted
2018-10-25,EME,24.219999313354492,NORMAL,12,6,True,Accepted
2018-10-25,VRSN,24.219999313354492,NORMAL,12,7,True,Accepted
2018-10-25,EXPE,24.219999313354492,NORMAL,12,8,True,Accepted
2018-10-26,ROP,24.15999984741211,NORMAL,12,9,True,Accepted
2018-10-26,AON,24.15999984741211,NORMAL,12,10,True,Accepted
2018-10-29,AKAM,24.700000762939453,NORMAL,12,11,True,Accepted
2018-10-29,ON,24.700000762939453,NORMAL,12,12,False,Cap reached (12/12)
2018-10-30,TMUS,23.350000381469727,NORMAL,12,12,False,Cap reached (12/12)
2018-10-30,WELL,23.350000381469727,NORMAL,12,12,False,Cap reached (12/12)
2018-10-30,MGM,23.350000381469727,NORMAL,12,12,False,Cap reached (12/12)
2018-10-31,OKE,21.229999542236328,NORMAL,12,12,False,Cap reached (12/12)
2018-10-31,BXP,21.229999542236328,NORMAL,12,12,False,Cap reached (12/12)
2018-11-01,EQIX,19.34000015258789,NORMAL,12,12,False,Cap reached (12/12)
2018-11-01,ZTS,19.34000015258789,NORMAL,12,12,False,Cap reached (12/12)
2018-11-01,EPAM,19.34000015258789,NORMAL,12,12,False,Cap reached (12/12)
2018-11-01,GNRC,19.34000015258789,NORMAL,12,12,False,Cap reached (12/12)
2018-11-07,DVN,16.360000610351562,NORMAL,12,12,False,Cap reached (12/12)
2018-11-07,DXCM,16.360000610351562,NORMAL,12,12,False,Cap reached (12/12)
2018-11-29,WDAY,18.790000915527344,NORMAL,12,12,False,Cap reached (12/12)
2018-12-18,DRI,25.579999923706055,RISK_OFF,6,12,False,Cap reached (12/6)
2019-01-15,UNH,18.600000381469727,NORMAL,12,0,True,Accepted
2019-01-16,UAL,19.040000915527344,NORMAL,12,1,True,Accepted
2019-01-29,PNR,19.1299991607666,NORMAL,12,2,True,Accepted
2019-01-29,LHX,19.1299991607666,NORMAL,12,3,True,Accepted
2019-01-29,HCA,19.1299991607666,NORMAL,12,4,True,Accepted
2019-01-30,FICO,17.65999984741211,NORMAL,12,5,True,Accepted
2019-01-30,META,17.65999984741211,NORMAL,12,6,True,Accepted
2019-01-31,DECK,16.56999969482422,NORMAL,12,7,True,Accepted
2019-01-31,UPS,16.56999969482422,NORMAL,12,8,True,Accepted
2019-01-31,COP,16.56999969482422,NORMAL,12,9,True,Accepted
2019-02-02,HON,16.139999389648438,NORMAL,12,10,True,Accepted
2019-02-12,AKAM,15.43000030517578,NORMAL,12,11,True,Accepted
2019-02-26,AZO,15.170000076293944,NORMAL,12,12,False,Cap reached (12/12)
2019-02-26,CSGP,15.170000076293944,NORMAL,12,12,False,Cap reached (12/12)
2019-03-06,COO,15.739999771118164,NORMAL,12,12,False,Cap reached (12/12)
2019-03-27,LULU,15.149999618530272,NORMAL,12,12,False,Cap reached (12/12)
2019-04-18,TRV,12.09000015258789,NORMAL,12,0,True,Accepted
2019-04-18,DHR,12.09000015258789,NORMAL,12,1,True,Accepted
2019-04-23,EW,12.279999732971191,NORMAL,12,2,True,Accepted
2019-04-23,EBAY,12.279999732971191,NORMAL,12,3,True,Accepted
2019-04-24,MSFT,13.140000343322754,NORMAL,12,4,True,Accepted
2019-04-24,NOW,13.140000343322754,NORMAL,12,5,True,Accepted
2019-04-25,COF,13.25,NORMAL,12,6,True,Accepted
2019-04-26,CTRA,12.729999542236328,NORMAL,12,7,True,Accepted
2019-04-30,MA,13.119999885559082,NORMAL,12,8,True,Accepted
2019-04-30,MLM,13.119999885559082,NORMAL,12,9,True,Accepted
2019-04-30,FIS,13.119999885559082,NORMAL,12,10,True,Accepted
2019-05-01,JCI,14.800000190734863,NORMAL,12,11,True,Accepted
2019-05-01,LHX,14.800000190734863,NORMAL,12,12,False,Cap reached (12/12)
2019-05-02,CHD,14.420000076293944,NORMAL,12,12,False,Cap reached (12/12)
2019-05-02,HIG,14.420000076293944,NORMAL,12,12,False,Cap reached (12/12)
2019-05-02,PODD,14.420000076293944,NORMAL,12,12,False,Cap reached (12/12)
2019-05-07,AIZ,19.31999969482422,NORMAL,12,12,False,Cap reached (12/12)
2019-05-07,J,19.31999969482422,NORMAL,12,12,False,Cap reached (12/12)
2019-05-14,STE,18.059999465942383,NORMAL,12,12,False,Cap reached (12/12)
2019-05-21,AZO,14.949999809265137,NORMAL,12,12,False,Cap reached (12/12)
2019-06-18,JBL,15.149999618530272,NORMAL,12,12,False,Cap reached (12/12)
2019-06-18,ADBE,15.149999618530272,NORMAL,12,12,False,Cap reached (12/12)
2019-06-27,MKC,15.81999969482422,NORMAL,12,12,False,Cap reached (12/12)
2019-07-23,CMG,12.609999656677246,NORMAL,12,0,True,Accepted
2019-07-24,LMT,12.06999969482422,NORMAL,12,1,True,Accepted
2019-07-25,ESS,12.739999771118164,NORMAL,12,2,True,Accepted
2019-07-30,IR,13.9399995803833,NORMAL,12,3,True,Accepted
2019-07-31,LHX,16.1200008392334,NORMAL,12,4,True,Accepted
2019-07-31,CDW,16.1200008392334,NORMAL,12,5,True,Accepted
2019-07-31,GRMN,16.1200008392334,NORMAL,12,6,True,Accepted
2019-08-01,WMB,17.8700008392334,NORMAL,12,7,True,Accepted
2019-08-01,ICE,17.8700008392334,NORMAL,12,8,True,Accepted
2019-08-16,NVDA,18.469999313354492,NORMAL,12,9,True,Accepted
2019-08-20,MDT,17.5,NORMAL,12,10,True,Accepted
2019-08-29,DG,17.8799991607666,NORMAL,12,11,True,Accepted
2019-09-24,NKE,17.049999237060547,NORMAL,12,12,False,Cap reached (12/12)
2019-10-01,MKC,18.559999465942383,NORMAL,12,0,True,Accepted
2019-10-16,UAL,13.68000030517578,NORMAL,12,1,True,Accepted
2019-10-17,ISRG,13.789999961853027,NORMAL,12,2,True,Accepted
2019-10-22,PG,14.460000038146973,NORMAL,12,3,True,Accepted
2019-10-23,MSFT,14.010000228881836,NORMAL,12,4,True,Accepted
2019-10-23,TER,14.010000228881836,NORMAL,12,5,True,Accepted
2019-10-23,FFIV,14.010000228881836,NORMAL,12,6,True,Accepted
2019-10-23,PTC,14.010000228881836,NORMAL,12,7,True,Accepted
2019-10-24,CMS,13.710000038146973,NORMAL,12,8,True,Accepted
2019-10-24,RTX,13.710000038146973,NORMAL,12,9,True,Accepted
2019-10-24,TSLA,13.710000038146973,NORMAL,12,10,True,Accepted
2019-10-30,AAPL,12.329999923706056,NORMAL,12,11,True,Accepted
2019-10-30,BXP,12.329999923706056,NORMAL,12,12,False,Cap reached (12/12)
2019-10-31,VRTX,13.220000267028809,NORMAL,12,12,False,Cap reached (12/12)
2019-11-01,CDW,12.300000190734863,NORMAL,12,12,False,Cap reached (12/12)
2019-11-01,FTNT,12.300000190734863,NORMAL,12,12,False,Cap reached (12/12)
2019-11-07,AXON,12.729999542236328,NORMAL,12,12,False,Cap reached (12/12)
2019-11-14,AMAT,13.050000190734863,NORMAL,12,12,False,Cap reached (12/12)
2020-01-15,UNH,12.420000076293944,NORMAL,12,0,True,Accepted
2020-01-29,NOW,16.389999389648438,NORMAL,12,1,True,Accepted
2020-01-31,VRTX,18.84000015258789,NORMAL,12,2,True,Accepted
2020-01-31,CHTR,18.84000015258789,NORMAL,12,3,True,Accepted
2020-02-13,ZTS,14.149999618530272,NORMAL,12,4,True,Accepted
2020-02-13,GDDY,14.149999618530272,NORMAL,12,5,True,Accepted
2020-02-13,FIS,14.149999618530272,NORMAL,12,6,True,Accepted
2020-02-14,RSG,13.68000030517578,NORMAL,12,7,True,Accepted
2020-02-26,TJX,27.559999465942383,RISK_OFF,6,8,False,Cap reached (8/6)
2020-02-27,PWR,39.15999984741211,STRESS,0,8,False,Cap reached (8/0)
2020-03-24,NKE,61.66999816894531,STRESS,0,8,False,Cap reached (8/0)
2020-04-21,EFX,45.40999984741211,STRESS,0,0,False,Cap reached (0/0)
2020-04-23,WST,41.380001068115234,STRESS,0,0,False,Cap reached (0/0)
2020-04-23,LLY,41.380001068115234,STRESS,0,0,False,Cap reached (0/0)
2020-04-29,MSFT,31.229999542236328,STRESS,0,0,False,Cap reached (0/0)
2020-04-29,NOW,31.229999542236328,STRESS,0,0,False,Cap reached (0/0)
2020-05-06,TMUS,34.119998931884766,STRESS,0,0,False,Cap reached (0/0)
2020-05-07,AWK,31.440000534057617,STRESS,0,0,False,Cap reached (0/0)
2020-05-08,KIM,27.979999542236328,RISK_OFF,6,0,True,Accepted
2020-05-20,SNPS,27.989999771118164,RISK_OFF,6,1,True,Accepted
2020-06-30,CAG,30.43000030517578,STRESS,0,2,False,Cap reached (2/0)
2020-07-21,LMT,24.84000015258789,NORMAL,12,0,True,Accepted
2020-07-22,NDAQ,24.31999969482422,NORMAL,12,1,True,Accepted
2020-07-27,ARE,24.739999771118164,NORMAL,12,2,True,Accepted
2020-07-28,CSGP,25.440000534057617,RISK_OFF,6,3,True,Accepted
2020-07-29,HOLX,24.100000381469727,NORMAL,12,4,True,Accepted
2020-07-29,QCOM,24.100000381469727,NORMAL,12,5,True,Accepted
2020-07-30,EA,24.760000228881836,NORMAL,12,6,True,Accepted
2020-07-31,CHD,24.459999084472656,NORMAL,12,7,True,Accepted
2020-08-04,KKR,23.760000228881836,NORMAL,12,8,True,Accepted
2020-08-06,GEN,22.649999618530273,NORMAL,12,9,True,Accepted
2020-08-06,BMY,22.649999618530273,NORMAL,12,10,True,Accepted
2020-08-19,SNPS,22.540000915527344,NORMAL,12,11,True,Accepted
2020-08-25,SJM,22.030000686645508,NORMAL,12,12,False,Cap reached (12/12)
2020-08-27,WDAY,24.469999313354492,NORMAL,12,12,False,Cap reached (12/12)
2020-09-24,JBL,28.510000228881836,RISK_OFF,6,12,False,Cap reached (12/6)
2020-09-24,DRI,28.510000228881836,RISK_OFF,6,12,False,Cap reached (12/6)
2020-09-25,COST,26.3799991607666,RISK_OFF,6,12,False,Cap reached (12/6)
2020-10-20,IQV,29.350000381469727,RISK_OFF,6,0,True,Accepted
2020-10-28,GNRC,40.279998779296875,STRESS,0,1,False,Cap reached (1/0)
2020-10-28,BG,40.279998779296875,STRESS,0,1,False,Cap reached (1/0)
2020-10-29,CBRE,37.59000015258789,STRESS,0,1,False,Cap reached (1/0)
2020-10-29,WAB,37.59000015258789,STRESS,0,1,False,Cap reached (1/0)
2020-10-30,ABBV,38.02000045776367,STRESS,0,1,False,Cap reached (1/0)
2020-10-30,CHTR,38.02000045776367,STRESS,0,1,False,Cap reached (1/0)
2020-11-02,ANET,37.130001068115234,STRESS,0,1,False,Cap reached (1/0)
2020-11-03,PYPL,35.54999923706055,STRESS,0,1,False,Cap reached (1/0)
2020-11-04,QCOM,29.56999969482422,RISK_OFF,6,1,True,Accepted
2020-11-05,GM,27.579999923706055,RISK_OFF,6,2,True,Accepted
2020-11-05,BALL,27.579999923706055,RISK_OFF,6,3,True,Accepted
2020-11-12,AMAT,25.350000381469727,RISK_OFF,6,4,True,Accepted
2020-11-18,TGT,23.84000015258789,NORMAL,12,5,True,Accepted
2020-12-10,ORCL,22.520000457763672,NORMAL,12,6,True,Accepted
2021-01-26,PLD,23.020000457763672,NORMAL,12,0,True,Accepted
2021-01-27,HOLX,37.209999084472656,STRESS,0,1,False,Cap reached (1/0)
2021-01-28,DHR,30.209999084472656,STRESS,0,1,False,Cap reached (1/0)
2021-02-01,ON,30.239999771118164,STRESS,0,1,False,Cap reached (1/0)
2021-02-01,TMO,30.239999771118164,STRESS,0,1,False,Cap reached (1/0)
2021-02-02,GOOGL,25.559999465942383,RISK_OFF,6,1,True,Accepted
2021-02-02,GOOG,25.559999465942383,RISK_OFF,6,2,True,Accepted
2021-02-03,CB,22.90999984741211,NORMAL,12,3,True,Accepted
2021-02-04,COR,21.770000457763672,NORMAL,12,4,True,Accepted
2021-02-04,SNA,21.770000457763672,NORMAL,12,5,True,Accepted
2021-02-05,LIN,20.8700008392334,NORMAL,12,6,True,Accepted
2021-02-09,J,21.6299991607666,NORMAL,12,7,True,Accepted
2021-02-10,IQV,21.989999771118164,NORMAL,12,8,True,Accepted
2021-02-11,ACGL,21.25,NORMAL,12,9,True,Accepted
2021-02-17,CRL,21.5,NORMAL,12,10,True,Accepted
2021-02-18,AMAT,22.489999771118164,NORMAL,12,11,True,Accepted
2021-02-18,TTD,22.489999771118164,NORMAL,12,12,False,Cap reached (12/12)
2021-02-23,NDSN,23.11000061035156,NORMAL,12,12,False,Cap reached (12/12)
2021-02-26,BLDR,27.950000762939453,RISK_OFF,6,12,False,Cap reached (12/6)
2021-03-17,LEN,19.229999542236328,NORMAL,12,12,False,Cap reached (12/12)
2021-03-17,WSM,19.229999542236328,NORMAL,12,12,False,Cap reached (12/12)
2021-04-15,BLK,16.56999969482422,NORMAL,12,0,True,Accepted
2021-04-20,JNJ,18.68000030517578,NORMAL,12,1,True,Accepted
2021-04-20,ISRG,18.68000030517578,NORMAL,12,2,True,Accepted
2021-04-22,POOL,18.709999084472656,NORMAL,12,3,True,Accepted
2021-04-22,ODFL,18.709999084472656,NORMAL,12,4,True,Accepted
2021-04-22,BX,18.709999084472656,NORMAL,12,5,True,Accepted
2021-04-22,NUE,18.709999084472656,NORMAL,12,6,True,Accepted
2021-04-22,STX,18.709999084472656,NORMAL,12,7,True,Accepted
2021-04-27,GOOGL,17.559999465942383,NORMAL,12,8,True,Accepted
2021-04-27,MMC,17.559999465942383,NORMAL,12,9,True,Accepted
2021-04-27,MDLZ,17.559999465942383,NORMAL,12,10,True,Accepted
2021-04-28,TDY,17.280000686645508,NORMAL,12,11,True,Accepted
2021-04-28,ROL,17.280000686645508,NORMAL,12,12,False,Cap reached (12/12)
2021-04-29,EQIX,17.610000610351562,NORMAL,12,12,False,Cap reached (12/12)
2021-04-29,COR,17.610000610351562,NORMAL,12,12,False,Cap reached (12/12)
2021-04-29,FTNT,17.610000610351562,NORMAL,12,12,False,Cap reached (12/12)
2021-04-30,WST,18.61000061035156,NORMAL,12,12,False,Cap reached (12/12)
2021-05-03,L,18.309999465942383,NORMAL,12,12,False,Cap reached (12/12)
2021-05-04,HSIC,19.479999542236328,NORMAL,12,12,False,Cap reached (12/12)
2021-05-04,CRL,19.479999542236328,NORMAL,12,12,False,Cap reached (12/12)
2021-05-04,AMCR,19.479999542236328,NORMAL,12,12,False,Cap reached (12/12)
2021-05-04,VMC,19.479999542236328,NORMAL,12,12,False,Cap reached (12/12)
2021-05-04,AKAM,19.479999542236328,NORMAL,12,12,False,Cap reached (12/12)
2021-05-06,MCK,18.38999938964844,NORMAL,12,12,False,Cap reached (12/12)
2021-05-06,FIS,18.38999938964844,NORMAL,12,12,False,Cap reached (12/12)
2021-05-06,MSI,18.38999938964844,NORMAL,12,12,False,Cap reached (12/12)
2021-05-06,APA,18.38999938964844,NORMAL,12,12,False,Cap reached (12/12)
2021-05-07,CI,16.690000534057617,NORMAL,12,12,False,Cap reached (12/12)
2021-05-07,AIG,16.690000534057617,NORMAL,12,12,False,Cap reached (12/12)
2021-05-18,WMT,21.34000015258789,NORMAL,12,12,False,Cap reached (12/12)
2021-05-28,DELL,16.760000228881836,NORMAL,12,12,False,Cap reached (12/12)
2021-06-24,ACN,15.970000267028809,NORMAL,12,12,False,Cap reached (12/12)
2021-07-16,STT,18.450000762939453,NORMAL,12,0,True,Accepted
2021-07-20,CMG,19.729999542236328,NORMAL,12,1,True,Accepted
2021-07-22,DGX,17.690000534057617,NORMAL,12,2,True,Accepted
2021-07-22,MMC,17.690000534057617,NORMAL,12,3,True,Accepted
2021-07-27,FISV,19.36000061035156,NORMAL,12,4,True,Accepted
2021-07-27,MPWR,19.36000061035156,NORMAL,12,5,True,Accepted
2021-07-27,PNR,19.36000061035156,NORMAL,12,6,True,Accepted
2021-07-27,PKG,19.36000061035156,NORMAL,12,7,True,Accepted
2021-07-28,GRMN,18.309999465942383,NORMAL,12,8,True,Accepted
2021-07-28,CTSH,18.309999465942383,NORMAL,12,9,True,Accepted
2021-07-28,BMY,18.309999465942383,NORMAL,12,10,True,Accepted
2021-07-28,BG,18.309999465942383,NORMAL,12,11,True,Accepted
2021-07-28,TDY,18.309999465942383,NORMAL,12,12,False,Cap reached (12/12)
2021-07-30,LIN,18.239999771118164,NORMAL,12,12,False,Cap reached (12/12)
2021-08-03,ETN,18.040000915527344,NORMAL,12,12,False,Cap reached (12/12)
2021-08-03,WTW,18.040000915527344,NORMAL,12,12,False,Cap reached (12/12)
2021-08-04,BKNG,17.969999313354492,NORMAL,12,12,False,Cap reached (12/12)
2021-08-04,MGM,17.969999313354492,NORMAL,12,12,False,Cap reached (12/12)
2021-08-04,WYNN,17.969999313354492,NORMAL,12,12,False,Cap reached (12/12)
2021-08-04,CDW,17.969999313354492,NORMAL,12,12,False,Cap reached (12/12)
2021-08-05,DUK,17.280000686645508,NORMAL,12,12,False,Cap reached (12/12)
2021-08-05,PSKY,17.280000686645508,NORMAL,12,12,False,Cap reached (12/12)
2021-08-23,PANW,17.149999618530273,NORMAL,12,12,False,Cap reached (12/12)
2021-08-24,MDT,17.219999313354492,NORMAL,12,12,False,Cap reached (12/12)
2021-08-25,WSM,16.790000915527344,NORMAL,12,12,False,Cap reached (12/12)
2021-09-23,ACN,18.6299991607666,NORMAL,12,12,False,Cap reached (12/12)
2021-09-23,DRI,18.6299991607666,NORMAL,12,12,False,Cap reached (12/12)
2021-09-30,PAYX,23.13999938964844,NORMAL,12,12,False,Cap reached (12/12)
2021-10-19,TRV,15.699999809265137,NORMAL,12,0,True,Accepted
2021-10-20,TSLA,15.489999771118164,NORMAL,12,1,True,Accepted
2021-10-21,CCI,15.010000228881836,NORMAL,12,2,True,Accepted
2021-10-21,WRB,15.010000228881836,NORMAL,12,3,True,Accepted
2021-10-21,POOL,15.010000228881836,NORMAL,12,4,True,Accepted
2021-10-26,GOOGL,15.979999542236328,NORMAL,12,5,True,Accepted
2021-10-26,GE,15.979999542236328,NORMAL,12,6,True,Accepted
2021-10-26,SPGI,15.979999542236328,NORMAL,12,7,True,Accepted
2021-10-26,MSFT,15.979999542236328,NORMAL,12,8,True,Accepted
2021-10-27,BG,16.979999542236328,NORMAL,12,9,True,Accepted
2021-10-27,KLAC,16.979999542236328,NORMAL,12,10,True,Accepted
2021-10-28,TXT,16.530000686645508,NORMAL,12,11,True,Accepted
2021-10-29,FE,16.260000228881836,NORMAL,12,12,False,Cap reached (12/12)
2021-11-01,MCK,16.40999984741211,NORMAL,12,12,False,Cap reached (12/12)
2021-11-02,AME,16.030000686645508,NORMAL,12,12,False,Cap reached (12/12)
2021-11-02,TMUS,16.030000686645508,NORMAL,12,12,False,Cap reached (12/12)
2021-11-02,AKAM,16.030000686645508,NORMAL,12,12,False,Cap reached (12/12)
2021-11-02,IT,16.030000686645508,NORMAL,12,12,False,Cap reached (12/12)
2021-11-03,GDDY,15.100000381469728,NORMAL,12,12,False,Cap reached (12/12)
2021-11-04,BLDR,15.4399995803833,NORMAL,12,12,False,Cap reached (12/12)
2021-11-04,FRT,15.4399995803833,NORMAL,12,12,False,Cap reached (12/12)
2021-11-04,PH,15.4399995803833,NORMAL,12,12,False,Cap reached (12/12)
2021-11-04,MCHP,15.4399995803833,NORMAL,12,12,False,Cap reached (12/12)
2021-11-05,REG,16.479999542236328,NORMAL,12,12,False,Cap reached (12/12)
2021-11-05,OXY,16.479999542236328,NORMAL,12,12,False,Cap reached (12/12)
2021-11-17,TJX,17.110000610351562,NORMAL,12,12,False,Cap reached (12/12)
2021-11-18,NVDA,17.59000015258789,NORMAL,12,12,False,Cap reached (12/12)
2022-01-25,AXP,31.15999984741211,STRESS,0,0,False,Cap reached (0/0)
2022-01-26,NOW,31.959999084472656,STRESS,0,0,False,Cap reached (0/0)
2022-01-27,BALL,30.489999771118164,STRESS,0,0,False,Cap reached (0/0)
2022-01-27,MA,30.489999771118164,STRESS,0,0,False,Cap reached (0/0)
2022-01-27,AJG,30.489999771118164,STRESS,0,0,False,Cap reached (0/0)
2022-01-27,BX,30.489999771118164,STRESS,0,0,False,Cap reached (0/0)
2022-01-28,CHTR,27.65999984741211,RISK_OFF,6,0,True,Accepted
2022-02-01,GOOG,21.959999084472656,NORMAL,12,1,True,Accepted
2022-02-01,GOOGL,21.959999084472656,NORMAL,12,2,True,Accepted
2022-02-02,TMUS,22.09000015258789,NORMAL,12,3,True,Accepted
2022-02-03,BDX,24.350000381469727,NORMAL,12,4,True,Accepted
2022-02-04,AON,23.219999313354492,NORMAL,12,5,True,Accepted
2022-02-07,ON,22.86000061035156,NORMAL,12,6,True,Accepted
2022-02-08,OMC,21.440000534057617,NORMAL,12,7,True,Accepted
2022-02-08,CMG,21.440000534057617,NORMAL,12,8,True,Accepted
2022-02-14,ANET,28.329999923706055,RISK_OFF,6,9,False,Cap reached (9/6)
2022-02-24,NRG,30.31999969482422,STRESS,0,9,False,Cap reached (9/0)
2022-02-25,SRE,27.59000015258789,RISK_OFF,6,9,False,Cap reached (9/6)
2022-03-01,TGT,33.31999969482422,STRESS,0,9,False,Cap reached (9/0)
2022-03-09,CRWD,32.45000076293945,STRESS,0,9,False,Cap reached (9/0)
2022-04-26,WRB,33.52000045776367,STRESS,0,0,False,Cap reached (0/0)
2022-04-26,ROP,33.52000045776367,STRESS,0,0,False,Cap reached (0/0)
2022-04-26,VLO,33.52000045776367,STRESS,0,0,False,Cap reached (0/0)
2022-04-27,NOW,31.600000381469727,STRESS,0,0,False,Cap reached (0/0)
2022-04-27,TMUS,31.600000381469727,STRESS,0,0,False,Cap reached (0/0)
2022-04-27,HUM,31.600000381469727,STRESS,0,0,False,Cap reached (0/0)
2022-04-28,KIM,29.989999771118164,RISK_OFF,6,0,True,Accepted
2022-04-28,TYL,29.989999771118164,RISK_OFF,6,1,True,Accepted
2022-04-28,MA,29.989999771118164,RISK_OFF,6,2,True,Accepted
2022-05-03,KKR,29.25,RISK_OFF,6,3,True,Accepted
2022-05-03,WMB,29.25,RISK_OFF,6,4,True,Accepted
2022-05-03,DVN,29.25,RISK_OFF,6,5,True,Accepted
2022-05-03,MPC,29.25,RISK_OFF,6,6,False,Cap reached (6/6)
2022-05-03,BXP,29.25,RISK_OFF,6,6,False,Cap reached (6/6)
2022-05-04,EXR,25.420000076293945,RISK_OFF,6,6,False,Cap reached (6/6)
2022-05-05,BDX,31.200000762939453,STRESS,0,6,False,Cap reached (6/0)
2022-05-08,VTRS,30.190000534057617,STRESS,0,6,False,Cap reached (6/0)
2022-05-10,SYY,32.9900016784668,STRESS,0,6,False,Cap reached (6/0)
2022-05-16,TTWO,27.469999313354492,RISK_OFF,6,6,False,Cap reached (6/6)
2022-05-17,KEYS,26.100000381469727,RISK_OFF,6,6,False,Cap reached (6/6)
2022-06-23,FDS,29.049999237060547,RISK_OFF,6,6,False,Cap reached (6/6)
2022-07-15,UNH,24.229999542236328,NORMAL,12,0,True,Accepted
2022-07-19,TFC,24.5,NORMAL,12,1,True,Accepted
2022-07-19,OMC,24.5,NORMAL,12,2,True,Accepted
2022-07-20,NDAQ,23.8799991607666,NORMAL,12,3,True,Accepted
2022-07-25,CDNS,23.36000061035156,NORMAL,12,4,True,Accepted
2022-07-26,CMG,24.690000534057617,NORMAL,12,5,True,Accepted
2022-07-26,CNC,24.690000534057617,NORMAL,12,6,True,Accepted
2022-07-27,WM,23.239999771118164,NORMAL,12,7,True,Accepted
2022-07-27,EQIX,23.239999771118164,NORMAL,12,8,True,Accepted
2022-07-27,TEL,23.239999771118164,NORMAL,12,9,True,Accepted
2022-07-27,F,23.239999771118164,NORMAL,12,10,True,Accepted
2022-07-27,BXP,23.239999771118164,NORMAL,12,11,True,Accepted
2022-07-28,MA,22.329999923706055,NORMAL,12,12,False,Cap reached (12/12)
2022-07-28,AVB,22.329999923706055,NORMAL,12,12,False,Cap reached (12/12)
2022-07-28,KIM,22.329999923706055,NORMAL,12,12,False,Cap reached (12/12)
2022-07-28,FTV,22.329999923706055,NORMAL,12,12,False,Cap reached (12/12)
2022-07-29,GWW,21.329999923706055,NORMAL,12,12,False,Cap reached (12/12)
2022-08-02,AFL,23.93000030517578,NORMAL,12,12,False,Cap reached (12/12)
2022-08-04,ICE,21.440000534057617,NORMAL,12,12,False,Cap reached (12/12)
2022-08-05,CTVA,21.149999618530273,NORMAL,12,12,False,Cap reached (12/12)
2022-08-09,AXON,21.770000457763672,NORMAL,12,12,False,Cap reached (12/12)
2022-08-17,KEYS,19.899999618530273,NORMAL,12,12,False,Cap reached (12/12)
2022-08-24,NTAP,22.81999969482422,NORMAL,12,12,False,Cap reached (12/12)
2022-09-01,AVGO,25.559999465942383,RISK_OFF,6,12,False,Cap reached (12/6)
2022-09-09,KR,22.790000915527344,NORMAL,12,12,False,Cap reached (12/12)
2022-09-28,CTAS,30.18000030517578,STRESS,0,12,False,Cap reached (12/0)
2022-10-14,USB,32.02000045776367,STRESS,0,0,False,Cap reached (0/0)
2022-10-18,ISRG,30.5,STRESS,0,0,False,Cap reached (0/0)
2022-10-19,ELV,30.760000228881836,STRESS,0,0,False,Cap reached (0/0)
2022-10-25,SHW,28.459999084472656,RISK_OFF,6,0,True,Accepted
2022-10-25,ITW,28.459999084472656,RISK_OFF,6,1,True,Accepted
2022-10-26,BMY,27.280000686645508,RISK_OFF,6,2,True,Accepted
2022-10-27,HON,27.38999938964844,RISK_OFF,6,3,True,Accepted
2022-10-27,EME,27.38999938964844,RISK_OFF,6,4,True,Accepted
2022-10-27,MAA,27.38999938964844,RISK_OFF,6,5,True,Accepted
2022-10-28,GWW,25.75,RISK_OFF,6,6,False,Cap reached (6/6)
2022-11-01,XYL,25.809999465942383,RISK_OFF,6,6,False,Cap reached (6/6)
2022-11-02,APO,25.86000061035156,RISK_OFF,6,6,False,Cap reached (6/6)
2022-11-02,EQIX,25.86000061035156,RISK_OFF,6,6,False,Cap reached (6/6)
2022-11-03,PODD,25.299999237060547,RISK_OFF,6,6,False,Cap reached (6/6)
2022-11-03,JCI,25.299999237060547,RISK_OFF,6,6,False,Cap reached (6/6)
2022-11-03,MSI,25.299999237060547,RISK_OFF,6,6,False,Cap reached (6/6)
2022-11-03,IR,25.299999237060547,RISK_OFF,6,6,False,Cap reached (6/6)
2022-11-04,CBOE,24.549999237060547,NORMAL,12,6,True,Accepted
2022-11-08,NCLH,25.540000915527344,RISK_OFF,6,7,False,Cap reached (7/6)
2022-11-08,AXON,25.540000915527344,RISK_OFF,6,7,False,Cap reached (7/6)
2022-11-17,PANW,23.93000030517578,NORMAL,12,7,True,Accepted
2023-01-17,IBKR,19.36000061035156,NORMAL,12,0,True,Accepted
2023-01-18,PLD,20.34000015258789,NORMAL,12,1,True,Accepted
2023-01-26,V,18.729999542236328,NORMAL,12,2,True,Accepted
2023-01-31,SYK,19.399999618530273,NORMAL,12,3,True,Accepted
2023-02-08,YUM,19.6299991607666,NORMAL,12,4,True,Accepted
2023-02-09,HLT,20.709999084472656,NORMAL,12,5,True,Accepted
2023-02-13,PLTR,20.34000015258789,NORMAL,12,6,True,Accepted
2023-02-14,MAR,18.90999984741211,NORMAL,12,7,True,Accepted
2023-02-17,DE,20.020000457763672,NORMAL,12,8,True,Accepted
2023-02-22,TRGP,22.290000915527344,NORMAL,12,9,True,Accepted
2023-02-28,AXON,20.700000762939453,NORMAL,12,10,True,Accepted
2023-03-01,CRM,20.579999923706055,NORMAL,12,11,True,Accepted
2023-03-15,ADBE,26.13999938964844,RISK_OFF,6,12,False,Cap reached (12/6)
2023-03-29,CTAS,19.1200008392334,NORMAL,12,12,False,Cap reached (12/12)
2023-04-20,MMC,17.170000076293945,NORMAL,12,0,True,Accepted
2023-04-20,SNA,17.170000076293945,NORMAL,12,1,True,Accepted
2023-04-27,ROK,17.030000686645508,NORMAL,12,2,True,Accepted
2023-04-27,HON,17.030000686645508,NORMAL,12,3,True,Accepted
2023-04-27,LKQ,17.030000686645508,NORMAL,12,4,True,Accepted
2023-04-27,CHD,17.030000686645508,NORMAL,12,5,True,Accepted
2023-04-27,AVB,17.030000686645508,NORMAL,12,6,True,Accepted
2023-04-27,MAA,17.030000686645508,NORMAL,12,7,True,Accepted
2023-04-27,ROP,17.030000686645508,NORMAL,12,8,True,Accepted
2023-04-28,CL,15.779999732971191,NORMAL,12,9,True,Accepted
2023-05-01,NCLH,16.079999923706055,NORMAL,12,10,True,Accepted
2023-05-02,AME,17.780000686645508,NORMAL,12,11,True,Accepted
2023-05-02,ETN,17.780000686645508,NORMAL,12,12,False,Cap reached (12/12)
2023-05-02,PAYC,17.780000686645508,NORMAL,12,12,False,Cap reached (12/12)
2023-05-04,ICE,20.09000015258789,NORMAL,12,12,False,Cap reached (12/12)
2023-05-04,PODD,20.09000015258789,NORMAL,12,12,False,Cap reached (12/12)
2023-05-04,MNST,20.09000015258789,NORMAL,12,12,False,Cap reached (12/12)
2023-05-04,FTNT,20.09000015258789,NORMAL,12,12,False,Cap reached (12/12)
2023-05-05,HST,17.190000534057617,NORMAL,12,12,False,Cap reached (12/12)
2023-05-09,TDG,17.709999084472656,NORMAL,12,12,False,Cap reached (12/12)
2023-05-10,TTD,16.940000534057617,NORMAL,12,12,False,Cap reached (12/12)
2023-05-11,TPR,16.93000030517578,NORMAL,12,12,False,Cap reached (12/12)
2023-05-17,SNPS,16.8700008392334,NORMAL,12,12,False,Cap reached (12/12)
2023-05-24,NVDA,20.030000686645508,NORMAL,12,12,False,Cap reached (12/12)
2023-06-15,LEN,14.5,NORMAL,12,12,False,Cap reached (12/12)
2023-07-18,BAC,13.300000190734863,NORMAL,12,0,True,Accepted
2023-07-20,UAL,13.989999771118164,NORMAL,12,1,True,Accepted
2023-07-20,JNJ,13.989999771118164,NORMAL,12,2,True,Accepted
2023-07-20,FCX,13.989999771118164,NORMAL,12,3,True,Accepted
2023-07-25,GE,13.859999656677246,NORMAL,12,4,True,Accepted
2023-07-26,LRCX,13.1899995803833,NORMAL,12,5,True,Accepted
2023-07-27,MDLZ,14.40999984741211,NORMAL,12,6,True,Accepted
2023-07-28,CINF,13.329999923706056,NORMAL,12,7,True,Accepted
2023-07-31,ANET,13.630000114440918,NORMAL,12,8,True,Accepted
2023-07-31,SBAC,13.630000114440918,NORMAL,12,9,True,Accepted
2023-08-02,AFL,16.09000015258789,NORMAL,12,10,True,Accepted
2023-08-02,VRSK,16.09000015258789,NORMAL,12,11,True,Accepted
2023-08-02,FICO,16.09000015258789,NORMAL,12,12,False,Cap reached (12/12)
2023-08-03,DVA,15.920000076293944,NORMAL,12,12,False,Cap reached (12/12)
2023-08-03,APTV,15.920000076293944,NORMAL,12,12,False,Cap reached (12/12)
2023-08-03,IR,15.920000076293944,NORMAL,12,12,False,Cap reached (12/12)
2023-08-03,PSA,15.920000076293944,NORMAL,12,12,False,Cap reached (12/12)
2023-08-03,AMGN,15.920000076293944,NORMAL,12,12,False,Cap reached (12/12)
2023-08-18,PANW,17.299999237060547,NORMAL,12,12,False,Cap reached (12/12)
2023-08-29,HPE,14.449999809265137,NORMAL,12,12,False,Cap reached (12/12)
2023-08-31,LULU,13.56999969482422,NORMAL,12,12,False,Cap reached (12/12)
2023-10-26,DXCM,20.68000030517578,NORMAL,12,0,True,Accepted
2023-10-26,AOS,20.68000030517578,NORMAL,12,1,True,Accepted
2023-10-26,GWW,20.68000030517578,NORMAL,12,2,True,Accepted
2023-10-26,ORLY,20.68000030517578,NORMAL,12,3,True,Accepted
2023-10-26,AVB,20.68000030517578,NORMAL,12,4,True,Accepted
2023-10-26,AMT,20.68000030517578,NORMAL,12,5,True,Accepted
2023-10-26,DECK,20.68000030517578,NORMAL,12,6,True,Accepted
2023-10-26,MAS,20.68000030517578,NORMAL,12,7,True,Accepted
2023-10-27,CMG,21.270000457763672,NORMAL,12,8,True,Accepted
2023-10-28,EG,21.270000457763672,NORMAL,12,9,True,Accepted
2023-10-30,SPG,19.75,NORMAL,12,10,True,Accepted
2023-10-30,ANET,19.75,NORMAL,12,11,True,Accepted
2023-10-31,WELL,18.13999938964844,NORMAL,12,12,False,Cap reached (12/12)
2023-11-02,EXPE,15.65999984741211,NORMAL,12,12,False,Cap reached (12/12)
2023-11-02,LYV,15.65999984741211,NORMAL,12,12,False,Cap reached (12/12)
2023-11-02,MSI,15.65999984741211,NORMAL,12,12,False,Cap reached (12/12)
2023-11-02,AIG,15.65999984741211,NORMAL,12,12,False,Cap reached (12/12)
2023-11-02,PWR,15.65999984741211,NORMAL,12,12,False,Cap reached (12/12)
2023-11-02,CI,15.65999984741211,NORMAL,12,12,False,Cap reached (12/12)
2023-11-06,CEG,14.890000343322754,NORMAL,12,12,False,Cap reached (12/12)
2023-11-07,AXON,14.8100004196167,NORMAL,12,12,False,Cap reached (12/12)
2023-11-28,INTU,12.6899995803833,NORMAL,12,12,False,Cap reached (12/12)
2023-12-21,CCL,13.649999618530272,NORMAL,12,12,False,Cap reached (12/12)
2024-01-23,PCAR,12.550000190734863,NORMAL,12,0,True,Accepted
2024-01-23,HAL,12.550000190734863,NORMAL,12,1,True,Accepted
2024-01-24,IBM,13.140000343322754,NORMAL,12,2,True,Accepted
2024-01-24,WRB,13.140000343322754,NORMAL,12,3,True,Accepted
2024-01-30,HCA,13.3100004196167,NORMAL,12,4,True,Accepted
2024-02-01,DECK,13.880000114440918,NORMAL,12,5,True,Accepted
2024-02-05,PLTR,13.670000076293944,NORMAL,12,6,True,Accepted
2024-02-06,J,13.0600004196167,NORMAL,12,7,True,Accepted
2024-02-06,WTW,13.0600004196167,NORMAL,12,8,True,Accepted
2024-02-07,JKHY,12.829999923706056,NORMAL,12,9,True,Accepted
2024-02-08,K,12.789999961853027,NORMAL,12,10,True,Accepted
2024-02-13,LDOS,15.850000381469728,NORMAL,12,11,True,Accepted
2024-02-13,DVA,15.850000381469728,NORMAL,12,12,False,Cap reached (12/12)
2024-02-14,CME,14.380000114440918,NORMAL,12,12,False,Cap reached (12/12)
2024-02-14,APP,14.380000114440918,NORMAL,12,12,False,Cap reached (12/12)
2024-02-14,WELL,14.380000114440918,NORMAL,12,12,False,Cap reached (12/12)
2024-02-20,CSGP,15.420000076293944,NORMAL,12,12,False,Cap reached (12/12)
2024-02-21,NVDA,15.34000015258789,NORMAL,12,12,False,Cap reached (12/12)
2024-02-27,AXON,13.43000030517578,NORMAL,12,12,False,Cap reached (12/12)
2024-03-05,CRWD,14.460000038146973,NORMAL,12,12,False,Cap reached (12/12)
2024-03-20,MU,13.039999961853027,NORMAL,12,12,False,Cap reached (12/12)
2024-04-11,STZ,14.90999984741211,NORMAL,12,0,True,Accepted
2024-04-12,STT,17.309999465942383,NORMAL,12,1,True,Accepted
2024-04-16,OMC,18.399999618530273,NORMAL,12,2,True,Accepted
2024-04-23,PHM,15.6899995803833,NORMAL,12,3,True,Accepted
2024-04-23,CSGP,15.6899995803833,NORMAL,12,4,True,Accepted
2024-04-24,EQR,15.970000267028809,NORMAL,12,5,True,Accepted
2024-04-24,CMG,15.970000267028809,NORMAL,12,6,True,Accepted
2024-04-25,GOOGL,15.369999885559082,NORMAL,12,7,True,Accepted
2024-04-30,LLY,15.649999618530272,NORMAL,12,8,True,Accepted
2024-05-01,VRSK,15.390000343322754,NORMAL,12,9,True,Accepted
2024-05-02,KIM,14.68000030517578,NORMAL,12,10,True,Accepted
2024-05-02,XYL,14.68000030517578,NORMAL,12,11,True,Accepted
2024-05-02,VTR,14.68000030517578,NORMAL,12,12,False,Cap reached (12/12)
2024-05-08,FOX,13.0,NORMAL,12,12,False,Cap reached (12/12)
2024-05-22,NVDA,12.289999961853027,NORMAL,12,12,False,Cap reached (12/12)
2024-06-04,CRWD,13.15999984741211,NORMAL,12,12,False,Cap reached (12/12)
2024-06-04,HPE,13.15999984741211,NORMAL,12,12,False,Cap reached (12/12)
2024-06-13,ADBE,11.9399995803833,NORMAL,12,12,False,Cap reached (12/12)
2024-06-25,CCL,12.84000015258789,NORMAL,12,12,False,Cap reached (12/12)
2024-07-25,NOC,18.459999084472656,NORMAL,12,0,True,Accepted
2024-07-25,AJG,18.459999084472656,NORMAL,12,1,True,Accepted
2024-07-25,CMS,18.459999084472656,NORMAL,12,2,True,Accepted
2024-07-25,CBRE,18.459999084472656,NORMAL,12,3,True,Accepted
2024-07-25,DOV,18.459999084472656,NORMAL,12,4,True,Accepted
2024-07-26,BKR,16.389999389648438,NORMAL,12,5,True,Accepted
2024-07-29,ON,16.600000381469727,NORMAL,12,6,True,Accepted
2024-07-30,ANET,17.690000534057617,NORMAL,12,7,True,Accepted
2024-07-31,KKR,16.360000610351562,NORMAL,12,8,True,Accepted
2024-08-01,AVB,18.59000015258789,NORMAL,12,9,True,Accepted
2024-08-01,CMI,18.59000015258789,NORMAL,12,10,True,Accepted
2024-08-01,IRM,18.59000015258789,NORMAL,12,11,True,Accepted
2024-08-02,CPT,23.38999938964844,NORMAL,12,12,False,Cap reached (12/12)
2024-08-02,REG,23.38999938964844,NORMAL,12,12,False,Cap reached (12/12)
2024-08-05,PLTR,38.56999969482422,STRESS,0,12,False,Cap reached (12/0)
2024-08-06,UBER,27.709999084472656,RISK_OFF,6,12,False,Cap reached (12/6)
2024-08-06,FTNT,27.709999084472656,RISK_OFF,6,12,False,Cap reached (12/6)
2024-08-06,AXON,27.709999084472656,RISK_OFF,6,12,False,Cap reached (12/6)
2024-08-06,TRMB,27.709999084472656,RISK_OFF,6,12,False,Cap reached (12/6)
2024-08-06,TDG,27.709999084472656,RISK_OFF,6,12,False,Cap reached (12/6)
2024-08-07,DVN,27.850000381469727,RISK_OFF,6,12,False,Cap reached (12/6)
2024-08-07,EQIX,27.850000381469727,RISK_OFF,6,12,False,Cap reached (12/6)
2024-08-07,GPN,27.850000381469727,RISK_OFF,6,12,False,Cap reached (12/6)
2024-08-08,CF,23.790000915527344,NORMAL,12,12,False,Cap reached (12/12)
2024-08-08,LLY,23.790000915527344,NORMAL,12,12,False,Cap reached (12/12)
2024-08-08,TTD,23.790000915527344,NORMAL,12,12,False,Cap reached (12/12)
2024-08-08,DDOG,23.790000915527344,NORMAL,12,12,False,Cap reached (12/12)
2024-09-09,ORCL,19.450000762939453,NORMAL,12,12,False,Cap reached (12/12)
2024-09-25,MU,15.40999984741211,NORMAL,12,12,False,Cap reached (12/12)
2024-10-08,PEP,21.420000076293945,NORMAL,12,0,True,Accepted
2024-10-11,BLK,20.459999084472656,NORMAL,12,1,True,Accepted
2024-10-17,BX,19.11000061035156,NORMAL,12,2,True,Accepted
2024-10-17,ISRG,19.11000061035156,NORMAL,12,3,True,Accepted
2024-10-22,PM,18.200000762939453,NORMAL,12,4,True,Accepted
2024-10-23,NEE,19.239999771118164,NORMAL,12,5,True,Accepted
2024-10-23,BKR,19.239999771118164,NORMAL,12,6,True,Accepted
2024-10-23,RJF,19.239999771118164,NORMAL,12,7,True,Accepted
2024-10-24,CBRE,19.079999923706055,NORMAL,12,8,True,Accepted
2024-10-24,TYL,19.079999923706055,NORMAL,12,9,True,Accepted
2024-10-28,FFIV,19.799999237060547,NORMAL,12,10,True,Accepted
2024-10-28,CDNS,19.799999237060547,NORMAL,12,11,True,Accepted
2024-10-29,GLW,19.34000015258789,NORMAL,12,12,False,Cap reached (12/12)
2024-10-29,V,19.34000015258789,NORMAL,12,12,False,Cap reached (12/12)
2024-10-29,RCL,19.34000015258789,NORMAL,12,12,False,Cap reached (12/12)
2024-10-30,GDDY,20.350000381469727,NORMAL,12,12,False,Cap reached (12/12)
2024-10-30,HUM,20.350000381469727,NORMAL,12,12,False,Cap reached (12/12)
2024-10-30,PAYC,20.350000381469727,NORMAL,12,12,False,Cap reached (12/12)
2024-10-30,EQT,20.350000381469727,NORMAL,12,12,False,Cap reached (12/12)
2024-10-31,WTW,23.15999984741211,NORMAL,12,12,False,Cap reached (12/12)
2024-11-04,PLTR,21.979999542236328,NORMAL,12,12,False,Cap reached (12/12)
2024-11-06,APP,16.270000457763672,NORMAL,12,12,False,Cap reached (12/12)
2024-11-06,TTWO,16.270000457763672,NORMAL,12,12,False,Cap reached (12/12)
2024-11-06,MCK,16.270000457763672,NORMAL,12,12,False,Cap reached (12/12)
2024-11-07,PODD,15.199999809265137,NORMAL,12,12,False,Cap reached (12/12)
2024-11-07,CPAY,15.199999809265137,NORMAL,12,12,False,Cap reached (12/12)
2024-11-07,VST,15.199999809265137,NORMAL,12,12,False,Cap reached (12/12)
2024-11-11,LYV,14.970000267028809,NORMAL,12,12,False,Cap reached (12/12)
2024-11-19,WMT,16.350000381469727,NORMAL,12,12,False,Cap reached (12/12)
2024-12-12,AVGO,13.920000076293944,NORMAL,12,12,False,Cap reached (12/12)
2025-02-05,TECH,15.770000457763672,NORMAL,12,0,True,Accepted
2025-02-11,DD,16.020000457763672,NORMAL,12,1,True,Accepted
2025-02-12,MGM,15.890000343322754,NORMAL,12,2,True,Accepted
2025-02-12,HOOD,15.890000343322754,NORMAL,12,3,True,Accepted
2025-02-12,PAYC,15.890000343322754,NORMAL,12,4,True,Accepted
2025-02-13,RSG,15.100000381469728,NORMAL,12,5,True,Accepted
2025-02-13,CBRE,15.100000381469728,NORMAL,12,6,True,Accepted
2025-02-19,OXY,15.270000457763672,NORMAL,12,7,True,Accepted
2025-02-25,INTU,19.43000030517578,NORMAL,12,8,True,Accepted
2025-02-26,NRG,19.100000381469727,NORMAL,12,9,True,Accepted
2025-03-06,AVGO,24.8700008392334,NORMAL,12,10,True,Accepted
2025-03-26,PAYX,18.329999923706055,NORMAL,12,11,True,Accepted
2025-03-26,CTAS,18.329999923706055,NORMAL,12,12,False,Cap reached (12/12)
2025-04-22,IVZ,30.56999969482422,STRESS,0,0,False,Cap reached (0/0)
2025-04-22,MMM,30.56999969482422,STRESS,0,0,False,Cap reached (0/0)
2025-04-23,TEL,28.450000762939453,RISK_OFF,6,0,True,Accepted
2025-04-23,PM,28.450000762939453,RISK_OFF,6,1,True,Accepted
2025-04-23,LRCX,28.450000762939453,RISK_OFF,6,2,True,Accepted
2025-04-23,TXN,28.450000762939453,RISK_OFF,6,3,True,Accepted
2025-04-29,WELL,24.170000076293945,NORMAL,12,4,True,Accepted
2025-04-29,STX,24.170000076293945,NORMAL,12,5,True,Accepted
2025-04-30,ESS,24.700000762939453,NORMAL,12,6,True,Accepted
2025-04-30,ADP,24.700000762939453,NORMAL,12,7,True,Accepted
2025-05-01,KIM,24.600000381469727,NORMAL,12,8,True,Accepted
2025-05-01,HWM,24.600000381469727,NORMAL,12,9,True,Accepted
2025-05-01,AMZN,24.600000381469727,NORMAL,12,10,True,Accepted
2025-05-01,GWW,24.600000381469727,NORMAL,12,11,True,Accepted
2025-05-02,CBOE,22.68000030517578,NORMAL,12,12,False,Cap reached (12/12)
2025-05-14,CSCO,18.6200008392334,NORMAL,12,12,False,Cap reached (12/12)
2025-05-22,INTU,20.280000686645508,NORMAL,12,12,False,Cap reached (12/12)
2025-07-17,CFG,16.520000457763672,NORMAL,12,0,True,Accepted
2025-07-17,IBKR,16.520000457763672,NORMAL,12,1,True,Accepted
2025-07-22,DGX,16.5,NORMAL,12,2,True,Accepted
2025-07-22,NOC,16.5,NORMAL,12,3,True,Accepted
2025-07-23,TEL,15.369999885559082,NORMAL,12,4,True,Accepted
2025-07-24,NDAQ,15.390000343322754,NORMAL,12,5,True,Accepted
2025-07-25,AON,14.93000030517578,NORMAL,12,6,True,Accepted
2025-07-29,HIG,15.979999542236328,NORMAL,12,7,True,Accepted
2025-07-29,CBRE,15.979999542236328,NORMAL,12,8,True,Accepted
2025-07-30,PTC,15.479999542236328,NORMAL,12,9,True,Accepted
2025-07-31,SPGI,16.719999313354492,NORMAL,12,10,True,Accepted
2025-07-31,CMS,16.719999313354492,NORMAL,12,11,True,Accepted
2025-08-04,AXON,17.520000457763672,NORMAL,12,12,False,Cap reached (12/12)
2025-08-04,TSN,17.520000457763672,NORMAL,12,12,False,Cap reached (12/12)
2025-08-04,PLTR,17.520000457763672,NORMAL,12,12,False,Cap reached (12/12)
2025-08-05,J,17.850000381469727,NORMAL,12,12,False,Cap reached (12/12)
2025-08-06,PAYC,16.770000457763672,NORMAL,12,12,False,Cap reached (12/12)
2025-08-06,DASH,16.770000457763672,NORMAL,12,12,False,Cap reached (12/12)
2025-08-07,BDX,16.56999969482422,NORMAL,12,12,False,Cap reached (12/12)
2025-08-07,MNST,16.56999969482422,NORMAL,12,12,False,Cap reached (12/12)
2025-08-07,TRGP,16.56999969482422,NORMAL,12,12,False,Cap reached (12/12)
2025-08-07,MSI,16.56999969482422,NORMAL,12,12,False,Cap reached (12/12)
2025-08-07,APA,16.56999969482422,NORMAL,12,12,False,Cap reached (12/12)
2025-08-20,ADI,15.6899995803833,NORMAL,12,12,False,Cap reached (12/12)
2025-09-04,AVGO,15.300000190734863,NORMAL,12,12,False,Cap reached (12/12)
2025-10-09,PEP,16.43000030517578,NORMAL,12,0,True,Accepted
2025-10-14,DPZ,20.809999465942383,NORMAL,12,1,True,Accepted
2025-10-17,TFC,20.780000686645508,NORMAL,12,2,True,Accepted
2025-10-22,APH,18.600000381469727,NORMAL,12,3,True,Accepted
2025-10-22,BSX,18.600000381469727,NORMAL,12,4,True,Accepted
2025-10-22,CB,18.600000381469727,NORMAL,12,5,True,Accepted
