symbol,reaction_date,entry_date,exit_date,entry_price,exit_price,shares,gross_ret,net_ret,invested_cash,ret_pct
GPN,2017-01-09,2017-01-10,2017-02-23,80.26,78.21,0.0010382922169615415,-0.02554198853725409,-0.0255419885372542,0.08333333333333333,-2.55419885372542
DHI,2017-01-24,2017-01-25,2017-03-09,30.91,33.05,0.0026925560783272327,0.06923325784535739,0.06923325784535717,0.08322690838109477,6.923325784535717
TEL,2017-01-25,2017-01-26,2017-03-10,75.29,74.61,0.0011059268132182743,-0.009031743923495927,-0.009031743923495927,0.08326522976720388,-0.9031743923495927
AAPL,2017-01-31,2017-02-01,2017-03-16,31.76,35.17,0.002605934513829508,0.10736775818639788,0.10736775818639788,0.08276448015922518,10.736775818639789
SNPS,2017-02-15,2017-02-16,2017-03-31,71.73,72.13,0.0011665175387464018,0.005576467307960353,0.005576467307960353,0.0836743030542794,0.5576467307960353
HPQ,2017-02-22,2017-02-23,2017-04-06,16.51,17.56,0.005068193035522175,0.0635978195033311,0.0635978195033311,0.08367586701647112,6.35978195033311
LRCX,2017-04-19,2017-04-20,2017-06-02,13.7,15.87,0.006189513303678931,0.15839416058394162,0.15839416058394162,0.08479633226040134,15.839416058394162
HON,2017-04-21,2017-04-24,2017-06-06,122.89,127.09,0.0006912773219382644,0.03417690617625513,0.03417690617625535,0.08495107009299331,3.417690617625535
ITW,2017-04-24,2017-04-25,2017-06-07,112.83807420064424,117.4357452392578,0.0007547054997359805,0.04074574181794488,0.04074574181794488,0.08515951517884286,4.074574181794488
TMUS,2017-04-24,2017-04-25,2017-06-07,66.0,65.92,0.001290295684527922,-0.00121212121212122,-0.00121212121212122,0.08515951517884286,-0.12121212121212199
AMD,2017-04-26,2017-04-27,2017-06-09,13.43,12.28,0.006367324864895562,-0.08562918838421452,-0.08562918838421463,0.0855131729355474,-8.562918838421464
ALGN,2017-04-27,2017-04-28,2017-06-12,139.79,143.41,0.0006131394917750649,0.02589598683739891,0.02589598683739891,0.08571076955523631,2.589598683739891
TRMB,2017-04-27,2017-04-28,2017-06-12,34.04,36.31,0.0025179427013876706,0.0666862514688602,0.0666862514688602,0.08571076955523631,6.66862514688602
AME,2017-05-02,2017-05-03,2017-06-15,55.57795387128703,58.78652572631836,0.0015128648242914862,0.057731017994330225,0.057731017994330225,0.08408193141796498,5.7731017994330225
CMI,2017-05-02,2017-05-03,2017-06-15,159.45,161.7,0.0005273247501910629,0.01411100658513642,0.01411100658513642,0.08408193141796498,1.411100658513642
HLT,2017-05-02,2017-05-03,2017-06-15,61.45,66.85,0.001368298314368836,0.08787632221318131,0.08787632221318131,0.08408193141796498,8.78763222131813
APTV,2017-05-03,2017-05-04,2017-06-16,69.7468031855,68.4562365305,0.001202241169938924,-0.018503595807360385,-0.018503595807360274,0.08385247826123539,-1.8503595807360274
MTD,2017-05-04,2017-05-05,2017-06-19,549.9,594.78,0.00015323006206735155,0.08161483906164757,0.08161483906164757,0.08426121113083662,8.161483906164758
TXN,2017-07-25,2017-07-26,2017-09-07,83.0,82.0,0.0010608684246077747,-0.012048192771084376,-0.012048192771084487,0.0880520792424453,-1.2048192771084487
BA,2017-07-26,2017-07-27,2017-09-08,237.13,238.78,0.0003711488574304453,0.006958208577573455,0.006958208577573455,0.0880105285624815,0.6958208577573455
LH,2017-07-26,2017-07-27,2017-09-08,138.74,135.35,0.0006343558351050994,-0.024434193455384223,-0.024434193455384223,0.0880105285624815,-2.4434193455384223
META,2017-07-26,2017-07-27,2017-09-08,174.7,170.95,0.0005037809305236491,-0.02146536920435027,-0.02146536920435027,0.0880105285624815,-2.146536920435027
NDAQ,2017-07-26,2017-07-27,2017-09-08,24.83,24.78,0.003544523905053625,-0.002013693113169457,-0.002013693113169346,0.0880105285624815,-0.20136931131693458
APD,2017-08-01,2017-08-02,2017-09-14,148.34,150.07,0.0005918078740819467,0.011662397195631558,0.01166239719563178,0.08778878004131596,1.166239719563178
XYL,2017-08-01,2017-08-02,2017-09-14,59.46,63.01,0.0014764342422017485,0.059704002690884606,0.059704002690884606,0.08778878004131596,5.9704002690884606
HUM,2017-08-02,2017-08-03,2017-09-15,241.83,249.28,0.0003626069754231106,0.03080676508290936,0.030806765082909582,0.08768924486657083,3.080676508290958
HII,2017-08-03,2017-08-04,2017-09-18,213.97,215.57,0.00041059764594067905,0.007477683787446843,0.007477683787446621,0.0878555783019271,0.7477683787446621
TDY,2017-08-03,2017-08-04,2017-09-18,148.62,158.25,0.000591142365105148,0.06479612434396453,0.06479612434396431,0.0878555783019271,6.479612434396431
TSN,2017-08-07,2017-08-08,2017-09-20,66.61,65.78,0.0013215486293257491,-0.01246059150277734,-0.01246059150277734,0.08802835419938815,-1.246059150277734
GDDY,2017-08-12,2017-08-15,2017-09-27,42.28,42.93,0.002079121184154784,0.015373699148533593,0.015373699148533593,0.08790524366606427,1.5373699148533593
STZ,2017-10-05,2017-10-06,2017-11-17,209.28,216.29,0.0004250805933436391,0.0334957951070336,0.0334957951070336,0.08896086657495679,3.34957951070336
IBKR,2017-10-17,2017-10-18,2017-11-30,12.25,14.27,0.007274719389703809,0.16489795918367345,0.16489795918367345,0.08911531252387166,16.489795918367346
BX,2017-10-19,2017-10-20,2017-12-04,34.25,32.11,0.0026021370696700167,-0.06248175182481752,-0.06248175182481741,0.08912319463619807,-6.2481751824817415
TMUS,2017-10-22,2017-10-24,2017-12-06,61.74,62.12,0.0014477695304584222,0.006154842889536605,0.006154842889536605,0.08938529081050299,0.6154842889536605
CAT,2017-10-24,2017-10-25,2017-12-07,137.21,142.89,0.0006525794062177975,0.041396399679323403,0.041396399679323403,0.089540420327144,4.13963996793234
AVY,2017-10-25,2017-10-26,2017-12-08,103.5,113.73,0.0008641114602936476,0.09884057971014504,0.09884057971014482,0.08943553614039253,9.884057971014482
HLT,2017-10-26,2017-10-27,2017-12-11,71.8,77.47,0.0012473460328222153,0.07896935933147642,0.07896935933147642,0.08955944515663505,7.896935933147642
INTC,2017-10-26,2017-10-27,2017-12-11,43.3,43.66,0.0020683474632017334,0.008314087759815125,0.008314087759815125,0.08955944515663505,0.8314087759815125
ODFL,2017-10-26,2017-10-27,2017-12-11,39.33,42.87,0.002277128023306256,0.09000762776506477,0.09000762776506477,0.08955944515663505,9.000762776506477
SYK,2017-10-26,2017-10-27,2017-12-11,155.0,152.71,0.0005778028719782907,-0.014774193548387049,-0.014774193548387049,0.08955944515663505,-1.477419354838705
WY,2017-10-27,2017-10-30,2017-12-12,35.61,35.63,0.002548555391202511,0.0005616399887673484,0.0005616399887671264,0.09075405748072142,0.05616399887671264
XYL,2017-10-31,2017-11-01,2017-12-14,67.02,66.7,0.001238107128904115,-0.004774694121157719,-0.004774694121157719,0.08297793977915378,-0.4774694121157719
LW,2018-01-04,2018-01-05,2018-02-20,57.24,54.29,0.001611552142921219,-0.05153738644304684,-0.05153738644304684,0.09224524466081058,-5.153738644304684
DAL,2018-01-11,2018-01-12,2018-02-27,59.11,53.62,0.0015622958827586238,-0.09287768567078336,-0.09287768567078325,0.09234730962986225,-9.287768567078325
PTC,2018-01-17,2018-01-18,2018-03-02,72.54,75.3,0.0012766292113757286,0.038047973531844415,0.038047973531844415,0.09260668299319536,3.8047973531844415
HAL,2018-01-22,2018-01-23,2018-03-07,56.63,45.83,0.0016390952709738743,-0.19071163694155047,-0.19071163694155047,0.0928219651952505,-19.071163694155047
MKC,2018-01-25,2018-01-26,2018-03-12,52.38,55.35,0.001753088494936832,0.05670103092783507,0.05670103092783507,0.09182677536479127,5.670103092783507
MMM,2018-01-25,2018-01-26,2018-03-12,211.89,200.49,0.00043337002862235723,-0.053801500778705824,-0.05380150077870571,0.09182677536479127,-5.380150077870571
HON,2018-01-26,2018-01-29,2018-03-13,157.84,145.06,0.0005854318996694423,-0.08096806893056263,-0.08096806893056263,0.09240457104382478,-8.096806893056263
AVY,2018-01-31,2018-02-01,2018-03-16,119.6,111.63,0.0007667316489035825,-0.06663879598662203,-0.06663879598662215,0.09170110520886847,-6.663879598662215
AME,2018-02-01,2018-02-02,2018-03-19,73.75069723757508,73.91144561767578,0.0012397327597455578,0.00217961844595016,0.00217961844595016,0.09143115541949805,0.217961844595016
ETN,2018-02-01,2018-02-02,2018-03-19,87.12,80.46,0.0010494852550447433,-0.07644628099173567,-0.07644628099173567,0.09143115541949805,-7.644628099173567
MA,2018-02-01,2018-02-02,2018-03-19,171.9,180.58,0.000531885720881315,0.0504944735311228,0.0504944735311228,0.09143115541949805,5.04944735311228
A,2018-02-14,2018-02-15,2018-04-02,74.94,64.43,0.001167216543167095,-0.1402455297571389,-0.140245529757139,0.0874712077449421,-14.024552975713899
BLK,2018-04-12,2018-04-13,2018-05-25,539.35,539.61,0.00016248968502450891,0.00048206174098441856,0.00048206174098441856,0.08763881161796888,0.048206174098441856
BK,2018-04-19,2018-04-20,2018-06-04,55.42,55.77,0.001577865634874032,0.006315409599422672,0.00631540959942245,0.08744531348471886,0.631540959942245
HON,2018-04-20,2018-04-23,2018-06-05,144.3,143.5,0.0006059365721980889,-0.005544005544005581,-0.005544005544005581,0.08743664736818423,-0.5544005544005581
AMD,2018-04-25,2018-04-26,2018-06-08,10.87,15.25,0.008012151632517025,0.4029438822447102,0.4029438822447102,0.08709208824546007,40.29438822447102
BA,2018-04-25,2018-04-26,2018-06-08,344.01,369.5,0.0002531673156171625,0.07409668323595242,0.07409668323595264,0.08709208824546007,7.409668323595264
BSX,2018-04-25,2018-04-26,2018-06-08,29.57,31.95,0.002945285365081504,0.08048698004734534,0.08048698004734534,0.08709208824546007,8.048698004734533
CMG,2018-04-25,2018-04-26,2018-06-08,7.77,9.07,0.011208762965953677,0.16731016731016735,0.16731016731016735,0.08709208824546007,16.731016731016734
NSC,2018-04-25,2018-04-26,2018-06-08,144.58,154.23,0.0006023799159320795,0.06674505464102909,0.06674505464102909,0.08709208824546007,6.674505464102909
TT,2018-04-25,2018-04-26,2018-06-08,66.19,70.36,0.0013157892165804512,0.06300045324067072,0.06300045324067072,0.08709208824546007,6.300045324067072
COP,2018-04-26,2018-04-27,2018-06-11,66.43,70.49,0.001323198716807959,0.06111696522655419,0.06111696522655419,0.08790009075755272,6.111696522655419
DLR,2018-04-26,2018-04-27,2018-06-11,102.51,109.29,0.000857478204639086,0.06613988879133736,0.06613988879133736,0.08790009075755272,6.6139888791337365
UPS,2018-04-26,2018-04-27,2018-06-11,113.07,116.85,0.0007773953370262026,0.03343061820111437,0.03343061820111437,0.08790009075755272,3.343061820111437
PEP,2018-07-10,2018-07-11,2018-08-22,112.64,112.24,0.0008436370820844115,-0.0035511363636364646,-0.0035511363636364646,0.09502728092598811,-0.35511363636364646
JNJ,2018-07-17,2018-07-18,2018-08-29,128.81,134.86,0.000738954738358646,0.04696840307429562,0.04696840307429562,0.0951847598479772,4.696840307429562
UAL,2018-07-18,2018-07-19,2018-08-30,80.0,86.92,0.0011889881167040416,0.08650000000000002,0.08650000000000002,0.09511904933632333,8.650000000000002
SNA,2018-07-19,2018-07-20,2018-08-31,172.58,176.78,0.0005512171447389362,0.024336539575848803,0.024336539575848803,0.09512905483904562,2.4336539575848803
HUBB,2018-07-24,2018-07-25,2018-09-06,120.51,127.75,0.000787459283917791,0.060078001825574656,0.060078001825574656,0.094896718304933,6.007800182557466
AMP,2018-07-25,2018-07-26,2018-09-07,146.25,142.48,0.000650343664097389,-0.0257777777777779,-0.0257777777777779,0.09511276087424314,-2.57777777777779
APH,2018-07-25,2018-07-26,2018-09-07,23.39,23.84,0.0040663856722634945,0.019238991021804264,0.01923899102180404,0.09511276087424314,1.9238991021804042
IEX,2018-07-25,2018-07-26,2018-09-07,150.0,152.35,0.0006340850724949543,0.015666666666666718,0.015666666666666718,0.09511276087424314,1.5666666666666718
NSC,2018-07-25,2018-07-26,2018-09-07,170.5,177.1,0.0005578461048342706,0.038709677419354716,0.038709677419354716,0.09511276087424314,3.8709677419354716
TT,2018-07-25,2018-07-26,2018-09-07,74.72,77.8,0.001272922388573918,0.04122055674518199,0.04122055674518199,0.09511276087424314,4.122055674518199
EXPE,2018-07-26,2018-07-27,2018-09-10,138.07,129.05,0.0006935723053927488,-0.06532918085029316,-0.06532918085029316,0.09576152820557682,-6.532918085029316
XEL,2018-07-26,2018-07-27,2018-09-10,46.96,49.01,0.001994147684855143,0.04365417376490632,0.0436541737649061,0.09364517528079752,4.36541737649061
PLD,2018-10-16,2018-10-17,2018-11-29,63.55,67.18,0.0015303006177608347,0.05712037765538969,0.05712037765538969,0.09725060425870104,5.712037765538969
AXP,2018-10-18,2018-10-19,2018-12-03,104.06,112.36,0.0009339745553910302,0.079761675956179,0.07976167595617922,0.0971893922339906,7.976167595617922
PYPL,2018-10-18,2018-10-19,2018-12-03,83.75,87.98,0.0011604703550327235,0.05050746268656714,0.05050746268656714,0.0971893922339906,5.050746268656714
CFG,2018-10-19,2018-10-22,2018-12-04,37.1,34.44,0.0026297337368771352,-0.07169811320754726,-0.07169811320754726,0.09756312163814172,-7.169811320754727
CDNS,2018-10-22,2018-10-23,2018-12-06,43.9,44.0,0.002212292704634769,0.002277904328018332,0.002277904328018332,0.09711964973346636,0.2277904328018332
NSC,2018-10-24,2018-10-25,2018-12-10,165.55,155.88,0.0005859424944915653,-0.058411356085774746,-0.058411356085774746,0.09700277996307864,-5.841135608577474
EME,2018-10-25,2018-10-26,2018-12-11,68.66,64.79,0.0014256140560526501,-0.05636469560151458,-0.05636469560151458,0.09788266108857495,-5.636469560151458
EXPE,2018-10-25,2018-10-26,2018-12-11,122.66,118.35,0.0007979998458223948,-0.035137779227131904,-0.035137779227132016,0.09788266108857495,-3.5137779227132016
VRSN,2018-10-25,2018-10-26,2018-12-11,135.37,155.42,0.0007230749877267854,0.1481125803353769,0.1481125803353769,0.09788266108857495,14.811258033537689
AON,2018-10-26,2018-10-29,2018-12-12,155.0,155.4,0.0006270184843064873,0.002580645161290418,0.002580645161290418,0.09718786506750553,0.2580645161290418
ROP,2018-10-26,2018-10-29,2018-12-12,289.33,284.35,0.000335906629341947,-0.017212179863823174,-0.017212179863823285,0.09718786506750553,-1.7212179863823285
AKAM,2018-10-29,2018-10-30,2018-12-13,69.97,67.25,0.0013672802292740828,-0.03887380305845356,-0.03887380305845367,0.09566859764230758,-3.887380305845367
UNH,2019-01-15,2019-01-16,2019-03-01,258.73,246.15,0.00037786599682247034,-0.048622115719089476,-0.048622115719089476,0.09776526935787776,-4.862211571908947
UAL,2019-01-16,2019-01-17,2019-03-04,86.65,84.31,0.0011292698658067497,-0.027005193306405162,-0.027005193306405162,0.09785123387215487,-2.700519330640516
HCA,2019-01-29,2019-01-30,2019-03-14,138.23,131.77,0.000708559390182235,-0.04673370469507332,-0.04673370469507321,0.09794416450489034,-4.67337046950732
LHX,2019-01-29,2019-01-30,2019-03-14,155.82,160.44,0.0006285724843081141,0.029649595687331498,0.029649595687331498,0.09794416450489034,2.96495956873315
PNR,2019-01-29,2019-01-30,2019-03-14,41.45,42.56,0.0023629472739418655,0.026779252110977092,0.02677925211097687,0.09794416450489034,2.677925211097687
FICO,2019-01-30,2019-01-31,2019-03-15,218.87,263.38,0.0004484789468271011,0.2033627267327638,0.2033627267327638,0.09815858709204761,20.33627267327638
META,2019-01-30,2019-01-31,2019-03-15,165.6,165.98,0.0005927450911355532,0.002294685990338108,0.002294685990338108,0.09815858709204761,0.22946859903381078
COP,2019-01-31,2019-02-01,2019-03-18,68.34,67.61,0.0014392241489806616,-0.010681884694176191,-0.010681884694176302,0.09835657834133842,-1.0681884694176302
DECK,2019-01-31,2019-02-01,2019-03-18,24.17,24.1,0.0040693660877674145,-0.002896152254861395,-0.002896152254861395,0.09835657834133842,-0.2896152254861395
UPS,2019-01-31,2019-02-01,2019-03-18,105.72,110.69,0.0009303497762139464,0.047010972379871285,0.047010972379871285,0.09835657834133842,4.7010972379871285
HON,2019-02-02,2019-02-05,2019-03-20,148.4,156.29,0.0006661078526677283,0.05316711590296497,0.053167115902964746,0.09885040533589089,5.3167115902964746
AKAM,2019-02-12,2019-02-13,2019-03-28,70.35,71.09,0.001329025174212199,0.010518834399431576,0.010518834399431576,0.0934969210058282,1.0518834399431576
DHR,2019-04-18,2019-04-22,2019-06-04,111.27,117.4,0.0008960570601815219,0.05509121955603491,0.05509121955603491,0.09970426908639794,5.509121955603491
TRV,2019-04-18,2019-04-22,2019-06-04,138.38,147.55,0.0007205106885850408,0.06626680156091935,0.06626680156091935,0.09970426908639794,6.626680156091935
EBAY,2019-04-23,2019-04-24,2019-06-06,38.0,36.81,0.0026271223544556146,-0.031315789473684186,-0.031315789473683964,0.09983064946931335,-3.1315789473683964
EW,2019-04-23,2019-04-24,2019-06-06,59.63,59.93,0.0016741681950245403,0.005031024652020655,0.005031024652020655,0.09983064946931335,0.5031024652020655
MSFT,2019-04-24,2019-04-25,2019-06-07,130.06,131.4,0.0007693495123737447,0.010302937105951093,0.010302937105951093,0.10006159757932924,1.0302937105951093
NOW,2019-04-24,2019-04-25,2019-06-07,261.02,274.55,0.00038334839314738047,0.05183510842081085,0.05183510842081085,0.10006159757932924,5.183510842081085
COF,2019-04-25,2019-04-26,2019-06-10,90.7,90.43,0.0011020095641517207,-0.0029768467475193017,-0.0029768467475193017,0.09995226746856108,-0.29768467475193017
CTRA,2019-04-26,2019-04-29,2019-06-11,26.8,23.99,0.003753155745067476,-0.10485074626865676,-0.10485074626865676,0.10058457396780836,-10.485074626865675
FIS,2019-04-30,2019-05-01,2019-06-13,115.77,120.84,0.0008706699679895024,0.04379372894532274,0.04379372894532274,0.10079746219414469,4.379372894532274
MA,2019-04-30,2019-05-01,2019-06-13,254.9,261.2,0.00039543923967887287,0.02471557473519015,0.02471557473519037,0.10079746219414469,2.471557473519037
MLM,2019-04-30,2019-05-01,2019-06-13,223.5,222.57,0.0004509953565733543,-0.0041610738255033475,-0.0041610738255034585,0.10079746219414469,-0.41610738255034585
JCI,2019-05-01,2019-05-02,2019-06-14,39.25,39.95,0.002403285827971744,0.017834394904458595,0.017834394904458595,0.09432896874789094,1.7834394904458595
CMG,2019-07-23,2019-07-24,2019-09-05,15.21,16.76,0.00662650272250862,0.10190664036817898,0.10190664036817876,0.10078910640935612,10.190664036817875
LMT,2019-07-24,2019-07-25,2019-09-06,368.76,386.56,0.00027384309416810193,0.04826987742705291,0.04826987742705291,0.10098237940542927,4.826987742705291
ESS,2019-07-25,2019-07-26,2019-09-09,299.4,325.67,0.0003373829556515332,0.08774215096860405,0.08774215096860383,0.10101245692206905,8.774215096860383
IR,2019-07-30,2019-07-31,2019-09-12,33.07,30.74,0.0030668895950045445,-0.0704566071968552,-0.07045660719685531,0.1014220389068003,-7.045660719685531
CDW,2019-07-31,2019-08-01,2019-09-13,118.5,111.71,0.0008529872952200412,-0.05729957805907182,-0.05729957805907182,0.10107899448357488,-5.729957805907182
GRMN,2019-07-31,2019-08-01,2019-09-13,78.32,85.34,0.0012905898172060125,0.0896322778345251,0.08963227783452532,0.10107899448357488,8.963227783452531
LHX,2019-07-31,2019-08-01,2019-09-13,202.23,207.45,0.0004998219575907377,0.02581219403649304,0.025812194036493263,0.10107899448357488,2.5812194036493263
ICE,2019-08-01,2019-08-02,2019-09-16,89.15,91.88,0.001128551498892984,0.030622546270330897,0.030622546270330897,0.10061036612630953,3.0622546270330897
WMB,2019-08-01,2019-08-02,2019-09-16,25.59,24.99,0.0039316282190820446,-0.023446658851113744,-0.023446658851113855,0.10061036612630953,-2.3446658851113855
NVDA,2019-08-16,2019-08-19,2019-10-01,4.1,4.35,0.024505956070145336,0.060975609756097615,0.060975609756097615,0.10047441988759587,6.0975609756097615
MDT,2019-08-20,2019-08-21,2019-10-03,106.61,106.93,0.0009500705851473671,0.0030015945971297864,0.0030015945971297864,0.10128702508256081,0.30015945971297864
DG,2019-08-29,2019-08-30,2019-10-14,156.62,161.21,0.0006323849737908219,0.029306601966543333,0.029306601966543333,0.09904413459511853,2.9306601966543333
MKC,2019-10-01,2019-10-02,2019-11-13,82.83,81.83,0.0012496656113470876,-0.012072920439454293,-0.012072920439454404,0.10350980258787927,-1.2072920439454404
UAL,2019-10-16,2019-10-17,2019-11-29,90.2,92.8,0.00114468097574577,0.02882483370288247,0.02882483370288247,0.10325022401226845,2.882483370288247
ISRG,2019-10-17,2019-10-18,2019-12-02,182.33,195.79,0.0005663690591613136,0.07382219053364758,0.0738221905336478,0.1032660705568823,7.38221905336478
PG,2019-10-22,2019-10-23,2019-12-05,121.99,124.62,0.0008445742823630295,0.021559144192146995,0.021559144192146995,0.10302961670546597,2.1559144192146995
FFIV,2019-10-23,2019-10-24,2019-12-06,150.0,138.0,0.0006878760234305522,-0.07999999999999996,-0.08000000000000007,0.10318140351458284,-8.000000000000007
MSFT,2019-10-23,2019-10-24,2019-12-06,139.39,151.75,0.0007402353362119438,0.08867207116722864,0.08867207116722864,0.10318140351458284,8.867207116722863
PTC,2019-10-23,2019-10-24,2019-12-06,77.0,75.71,0.0013400182274621148,-0.016753246753246853,-0.016753246753246853,0.10318140351458284,-1.6753246753246853
TER,2019-10-23,2019-10-24,2019-12-06,61.4,63.94,0.0016804788846023265,0.04136807817589583,0.04136807817589583,0.10318140351458284,4.136807817589583
CMS,2019-10-24,2019-10-25,2019-12-09,53.90616494890664,51.19839859008789,0.0019043403578517303,-0.05023110735822567,-0.05023110735822567,0.10265568544921527,-5.023110735822566
RTX,2019-10-24,2019-10-25,2019-12-09,84.55,86.24,0.0012141417557565378,0.019988172678888194,0.019988172678888194,0.10265568544921527,1.9988172678888194
TSLA,2019-10-24,2019-10-25,2019-12-09,19.85,22.64,0.005171571055376084,0.14055415617128464,0.14055415617128464,0.10265568544921527,14.055415617128464
AAPL,2019-10-30,2019-10-31,2019-12-13,61.81,68.79,0.0016711384572020572,0.11292671088820594,0.11292671088820594,0.10329306803965917,11.292671088820594
UNH,2020-01-15,2020-01-16,2020-03-02,298.0,273.11,0.0003580141465412468,-0.08352348993288583,-0.08352348993288583,0.10668821566929154,-8.352348993288583
NOW,2020-01-29,2020-01-30,2020-03-13,333.73,287.67,0.0003183343257570306,-0.13801576124411952,-0.1380157612441194,0.10623771453489382,-13.801576124411941
CHTR,2020-01-31,2020-02-03,2020-03-17,522.840027,393.019989,0.00020282555615130766,-0.2482978182540717,-0.2482978182540717,0.1060453192544397,-24.82978182540717
VRTX,2020-01-31,2020-02-03,2020-03-17,230.76,210.44,0.0004595480986931865,-0.0880568556075576,-0.0880568556075575,0.1060453192544397,-8.80568556075575
FIS,2020-02-13,2020-02-14,2020-03-30,154.35,125.29,0.0006987457629561086,-0.18827340459993513,-0.18827340459993502,0.10785140851227536,-18.8273404599935
GDDY,2020-02-13,2020-02-14,2020-03-30,75.13,59.16,0.0014355305272497718,-0.21256488752828429,-0.21256488752828429,0.10785140851227536,-21.256488752828428
ZTS,2020-02-13,2020-02-14,2020-03-30,144.94,116.68,0.0007441107252123317,-0.1949772319580515,-0.1949772319580515,0.10785140851227536,-19.49772319580515
RSG,2020-02-14,2020-02-18,2020-03-31,92.31217313145,69.33860778808594,0.0011757115070950327,-0.24886821059504616,-0.24886821059504605,0.10853248419559465,-24.886821059504605
KIM,2020-05-08,2020-05-11,2020-06-23,10.58,13.05,0.008898444151606509,0.23345935727788292,0.23345935727788292,0.09414553912399685,23.34593572778829
SNPS,2020-05-20,2020-05-21,2020-07-06,167.0,199.39,0.0005654330729868127,0.19395209580838313,0.19395209580838313,0.09442732318879772,19.395209580838312
LMT,2020-07-21,2020-07-22,2020-09-02,376.71,398.07,0.0002588286311699701,0.05670144142709255,0.05670144142709255,0.09750333364803943,5.670144142709255
NDAQ,2020-07-22,2020-07-23,2020-09-03,44.73,44.42,0.002188195575489782,-0.006930471719204023,-0.006930471719203912,0.09787798809165794,-0.6930471719203912
ARE,2020-07-27,2020-07-28,2020-09-09,172.24,162.88,0.0005654720657271201,-0.05434277751973993,-0.05434277751973993,0.09739690860083916,-5.434277751973992
CSGP,2020-07-28,2020-07-29,2020-09-10,93.9,79.28,0.0010375342183632915,-0.15569755058572954,-0.15569755058572943,0.09742446310431307,-15.569755058572943
HOLX,2020-07-29,2020-07-30,2020-09-11,69.52,62.04,0.0013919484967177419,-0.10759493670886067,-0.10759493670886067,0.0967682594918174,-10.759493670886066
QCOM,2020-07-29,2020-07-30,2020-09-11,102.42,113.42,0.0009448179993342843,0.10740089826205823,0.10740089826205823,0.0967682594918174,10.740089826205823
EA,2020-07-30,2020-07-31,2020-09-14,142.04,126.18,0.0006829939718925196,-0.11165868769360732,-0.11165868769360732,0.09701246376761348,-11.165868769360731
CHD,2020-07-31,2020-08-03,2020-09-15,95.19,92.33,0.0010202062180292796,-0.03004517281227015,-0.03004517281227026,0.09711342989420713,-3.004517281227026
KKR,2020-08-04,2020-08-05,2020-09-17,36.8,35.4,0.0026574192268351542,-0.03804347826086951,-0.03804347826086962,0.09779302754753368,-3.8043478260869623
BMY,2020-08-06,2020-08-07,2020-09-21,61.56,57.77,0.0015843334603664301,-0.06156595191682912,-0.06156595191682901,0.09753156782015744,-6.156595191682901
GEN,2020-08-06,2020-08-07,2020-09-21,23.04,20.59,0.004233140964416556,-0.10633680555555558,-0.10633680555555547,0.09753156782015744,-10.633680555555546
SNPS,2020-08-19,2020-08-20,2020-10-02,206.5,212.05,0.0004689973092384362,0.02687651331719132,0.02687651331719132,0.09684794435773708,2.687651331719132
IQV,2020-10-20,2020-10-21,2020-12-03,173.9,167.63,0.0005382243396265712,-0.036055204140310604,-0.03605520414031038,0.09359721266106073,-3.605520414031038
QCOM,2020-11-04,2020-11-05,2020-12-18,145.82,147.42,0.000640945388672021,0.010972431765190027,0.010972431765190027,0.09346265657615409,1.0972431765190027
BALL,2020-11-05,2020-11-06,2020-12-21,97.67,92.73,0.0009570706230329946,-0.05057847855022013,-0.05057847855022013,0.09347708775163259,-5.057847855022013
GM,2020-11-05,2020-11-06,2020-12-21,37.5,41.21,0.0024927223400435356,0.09893333333333332,0.09893333333333332,0.09347708775163259,9.89333333333333
AMAT,2020-11-12,2020-11-13,2020-12-29,72.27,84.27,0.0012913090924837394,0.1660440016604401,0.1660440016604401,0.09332290811379984,16.60440016604401
TGT,2020-11-18,2020-11-19,2021-01-05,168.71,180.37,0.0005619836093009719,0.06911267856084402,0.06911267856084402,0.09481225472516698,6.911267856084402
ORCL,2020-12-10,2020-12-11,2021-01-27,60.94,62.55,0.0015829308583499597,0.02641942894650473,0.02641942894650473,0.09646380650784654,2.641942894650473
PLD,2021-01-26,2021-01-27,2021-03-11,105.72,99.56,0.0009064308437579785,-0.058267120696178565,-0.058267120696178565,0.09582786880209349,-5.826712069617857
GOOG,2021-02-02,2021-02-03,2021-03-18,103.65,101.81,0.0009253785861102115,-0.01775205016883752,-0.017752050168837408,0.09591549045032342,-1.7752050168837408
GOOGL,2021-02-02,2021-02-03,2021-03-18,103.28,101.07,0.0009286937495190106,-0.02139814097598769,-0.02139814097598769,0.09591549045032342,-2.139814097598769
CB,2021-02-03,2021-02-04,2021-03-19,157.17,159.23,0.0006096211749657332,0.013106827002608679,0.013106827002608679,0.09581416006936427,1.3106827002608679
COR,2021-02-04,2021-02-05,2021-03-22,112.2,116.35,0.0008562846774656673,0.03698752228163982,0.03698752228163982,0.09607514081164788,3.6987522281639817
SNA,2021-02-04,2021-02-05,2021-03-22,190.0,220.05,0.0005056586358507783,0.15815789473684227,0.15815789473684205,0.09607514081164788,15.815789473684205
LIN,2021-02-05,2021-02-08,2021-03-23,241.8294512745226,251.080078125,0.0003967466738188043,0.03825268924741576,0.03825268924741576,0.09594503042459344,3.825268924741576
J,2021-02-09,2021-02-10,2021-03-25,92.97,104.35,0.001031909071918453,0.12240507690652902,0.12240507690652902,0.09593658641625857,12.240507690652901
IQV,2021-02-10,2021-02-11,2021-03-26,191.66,192.86,0.0004994882248593994,0.006261087342168459,0.006261087342168459,0.0957319131765525,0.6261087342168459
ACGL,2021-02-11,2021-02-12,2021-03-29,35.54,38.85,0.0027039289330703206,0.09313449634214965,0.09313449634214965,0.09609763428131919,9.313449634214965
CRL,2021-02-17,2021-02-18,2021-04-01,297.67,294.17,0.0003216738642843883,-0.011757987032619988,-0.011757987032619988,0.09575265918153386,-1.1757987032619988
AMAT,2021-02-18,2021-02-19,2021-04-05,121.61,143.05,0.0007799301928251278,0.17630129101225234,0.17630129101225234,0.09484731074946379,17.630129101225233
BLK,2021-04-15,2021-04-16,2021-05-28,823.82,877.04,0.00012150294370549067,0.06460149061688214,0.06460149061688214,0.10009655508345733,6.460149061688214
ISRG,2021-04-20,2021-04-21,2021-06-03,280.31,272.22,0.0003564110911381453,-0.02886090399914376,-0.02886090399914376,0.09990559295693352,-2.886090399914376
JNJ,2021-04-20,2021-04-21,2021-06-03,166.37,166.04,0.0006005024521063504,-0.0019835306846186507,-0.0019835306846186507,0.09990559295693352,-0.19835306846186507
BX,2021-04-22,2021-04-23,2021-06-07,83.15,94.4,0.001201849302862875,0.13529765484064948,0.13529765484064948,0.09993376953304807,13.52976548406495
NUE,2021-04-22,2021-04-23,2021-06-07,76.89,107.37,0.0012996978740154516,0.39641045649629336,0.3964104564962938,0.09993376953304807,39.64104564962938
ODFL,2021-04-22,2021-04-23,2021-06-07,126.36,127.15,0.0007908655391979113,0.006251978474200781,0.006251978474200781,0.09993376953304807,0.6251978474200781
POOL,2021-04-22,2021-04-23,2021-06-07,411.28,435.55,0.00024298232234256,0.059010892822408234,0.059010892822408234,0.09993376953304807,5.901089282240823
STX,2021-04-22,2021-04-23,2021-06-07,83.49,98.65,0.0011969549590735186,0.1815786321715176,0.1815786321715176,0.09993376953304807,18.15786321715176
GOOGL,2021-04-27,2021-04-28,2021-06-10,119.62,121.76,0.0008571333544157694,0.01788998495234906,0.01788998495234906,0.10253029185521434,1.7889984952349058
MDLZ,2021-04-27,2021-04-28,2021-06-10,60.44,63.63,0.00169639794598303,0.05277961614824633,0.05277961614824633,0.10253029185521434,5.277961614824633
MMC,2021-04-27,2021-04-28,2021-06-10,132.94,138.49,0.0007712523834452711,0.0417481570633369,0.0417481570633369,0.10253029185521434,4.17481570633369
TDY,2021-04-28,2021-04-29,2021-06-11,453.87,424.08,0.00020708836621340936,-0.06563553440412462,-0.06563553440412462,0.0939911967732801,-6.563553440412462
STT,2021-07-16,2021-07-19,2021-08-30,82.23,92.51,0.0013049819378873522,0.1250152012647452,0.1250152012647452,0.10730866475247698,12.501520126474519
CMG,2021-07-20,2021-07-21,2021-09-01,33.14,37.97,0.003239943840660075,0.1457453228726613,0.1457453228726615,0.10737173887947488,14.574532287266152
DGX,2021-07-22,2021-07-23,2021-09-03,138.22,155.84,0.0007839822204056168,0.1274779337288381,0.1274779337288381,0.10836202250446436,12.747793372883809
MMC,2021-07-22,2021-07-23,2021-09-03,146.65,159.5,0.0007389159393417276,0.08762359359018057,0.08762359359018057,0.10836202250446436,8.762359359018056
FISV,2021-07-27,2021-07-28,2021-09-09,115.14,115.01,0.0009446289505868284,-0.001129060274448479,-0.001129060274448368,0.10876457737056743,-0.1129060274448368
MPWR,2021-07-27,2021-07-28,2021-09-09,410.0,488.33,0.00026527945700138394,0.19104878048780494,0.19104878048780471,0.10876457737056743,19.10487804878047
PKG,2021-07-27,2021-07-28,2021-09-09,138.14,151.71,0.0007873503501561274,0.09823367598088906,0.09823367598088906,0.10876457737056743,9.823367598088906
PNR,2021-07-27,2021-07-28,2021-09-09,72.39,76.2,0.001502480693059365,0.05263157894736836,0.052631578947368585,0.10876457737056743,5.2631578947368585
BG,2021-07-28,2021-07-29,2021-09-10,79.28,76.14,0.0013734612420077139,-0.039606458123107924,-0.039606458123107924,0.10888800726637156,-3.9606458123107924
BMY,2021-07-28,2021-07-29,2021-09-10,69.0,63.13,0.001578087061831472,-0.08507246376811595,-0.08507246376811584,0.10888800726637156,-8.507246376811583
CTSH,2021-07-28,2021-07-29,2021-09-10,74.97,76.26,0.0014524210653110786,0.017206882753101338,0.017206882753101338,0.10888800726637156,1.7206882753101338
GRMN,2021-07-28,2021-07-29,2021-09-10,157.44,172.59,0.0006007189856927012,0.09622713414634143,0.09622713414634143,0.09457719710745886,9.622713414634143
TRV,2021-10-19,2021-10-20,2021-12-02,155.81,150.16,0.0007351586156728495,-0.036262114113343236,-0.036262114113343236,0.11454506390798667,-3.6262114113343236
TSLA,2021-10-20,2021-10-21,2021-12-03,285.33,338.32,0.0004020660357331797,0.18571478638769157,0.18571478638769134,0.11472150197574815,18.571478638769136
CCI,2021-10-21,2021-10-22,2021-12-06,178.0,187.82,0.0006474039973339076,0.05516853932584276,0.055168539325842536,0.11523791152543555,5.516853932584254
POOL,2021-10-21,2021-10-22,2021-12-06,501.3,547.95,0.00022987813988716447,0.09305804907241177,0.09305804907241177,0.11523791152543555,9.305804907241178
WRB,2021-10-21,2021-10-22,2021-12-06,35.8,34.98,0.003218936076129485,-0.022905027932960897,-0.022905027932960897,0.11523791152543555,-2.2905027932960897
GE,2021-10-26,2021-10-27,2021-12-09,67.14,60.88,0.0017419521100912867,-0.09323801012809052,-0.09323801012809063,0.116954664671529,-9.323801012809064
GOOGL,2021-10-26,2021-10-27,2021-12-09,139.41,147.64,0.0008389259355249193,0.0590345025464456,0.0590345025464456,0.116954664671529,5.90345025464456
MSFT,2021-10-26,2021-10-27,2021-12-09,316.0,333.1,0.0003701096983276234,0.05411392405063298,0.05411392405063298,0.116954664671529,5.411392405063298
SPGI,2021-10-26,2021-10-27,2021-12-09,465.28,467.66,0.0002513640488985751,0.0051151994497937725,0.0051151994497939945,0.116954664671529,0.5115199449793995
BG,2021-10-27,2021-10-28,2021-12-10,91.29,86.91,0.0012821296426530572,-0.04797896812356239,-0.04797896812356239,0.11704561507779761,-4.797896812356239
KLAC,2021-10-27,2021-10-28,2021-12-10,366.44,410.69,0.000319412769014839,0.12075646763453762,0.12075646763453762,0.11704561507779761,12.075646763453761
TXT,2021-10-28,2021-10-29,2021-12-13,72.09,73.13,0.0013545648161199504,0.01442641143015666,0.01442641143015666,0.09765057759408723,1.442641143015666
CHTR,2022-01-28,2022-01-31,2022-03-15,588.98999,569.159973,0.00020076576230222367,-0.03366783364179071,-0.03366783364179082,0.1182490243307291,-3.3667833641790823
GOOG,2022-02-01,2022-02-02,2022-03-17,151.86,134.6,0.0007795416537765491,-0.11365731594890038,-0.1136573159489005,0.11838119554250676,-11.36573159489005
GOOGL,2022-02-01,2022-02-02,2022-03-17,151.25,133.84,0.000782685590363681,-0.1151074380165289,-0.1151074380165289,0.11838119554250676,-11.51074380165289
TMUS,2022-02-02,2022-02-03,2022-03-18,120.0,127.18,0.0009831425899364868,0.059833333333333405,0.059833333333333405,0.11797711079237842,5.9833333333333405
BDX,2022-02-03,2022-02-04,2022-03-21,260.31,260.89,0.00045154408455818794,0.0022281126349352753,0.0022281126349352753,0.11754144065134191,0.22281126349352753
AON,2022-02-04,2022-02-07,2022-03-22,289.03,315.24,0.0004069949947739387,0.09068262810088923,0.09068262810088945,0.11763376333951149,9.068262810088946
ON,2022-02-07,2022-02-08,2022-03-23,62.125,60.39,0.0018855572323740837,-0.02792756539235408,-0.02792756539235408,0.11714024306123995,-2.792756539235408
CMG,2022-02-08,2022-02-09,2022-03-24,31.51,31.32,0.003755984590176104,-0.006029831799428842,-0.006029831799428731,0.11835107443644904,-0.6029831799428731
OMC,2022-02-08,2022-02-09,2022-03-24,89.3,83.99,0.0013253199824910307,-0.05946248600223969,-0.05946248600223969,0.11835107443644904,-5.946248600223969
KIM,2022-04-28,2022-04-29,2022-06-13,26.15,19.48,0.004445160384376502,-0.25506692160611844,-0.25506692160611855,0.11624094405144553,-25.506692160611856
MA,2022-04-28,2022-04-29,2022-06-13,372.05,319.74,0.00031243366228046103,-0.14059938180352105,-0.14059938180352094,0.11624094405144553,-14.059938180352095
TYL,2022-04-28,2022-04-29,2022-06-13,400.28,315.92,0.0002903990807720734,-0.21075247326871183,-0.21075247326871183,0.11624094405144553,-21.07524732687118
DVN,2022-05-03,2022-05-04,2022-06-16,65.48,63.27,0.001758522918069119,-0.03375076359193652,-0.03375076359193652,0.11514808067516592,-3.3750763591936517
KKR,2022-05-03,2022-05-04,2022-06-16,54.39,45.06,0.002117081828923808,-0.17153888582460008,-0.1715388858246002,0.11514808067516592,-17.15388858246002
WMB,2022-05-03,2022-05-04,2022-06-16,35.95,30.45,0.00320300641655538,-0.1529902642559111,-0.152990264255911,0.11514808067516592,-15.2990264255911
UNH,2022-07-15,2022-07-18,2022-08-29,531.0,529.77,0.00020137247224135047,-0.0023163841807909424,-0.0023163841807909424,0.1069287827601571,-0.23163841807909424
OMC,2022-07-19,2022-07-20,2022-08-31,68.72,66.9,0.0015566050102819129,-0.026484284051222273,-0.026484284051222273,0.10696989630657305,-2.6484284051222273
TFC,2022-07-19,2022-07-20,2022-08-31,47.94,46.84,0.002231328667220965,-0.02294534835210671,-0.02294534835210671,0.10696989630657305,-2.294534835210671
NDAQ,2022-07-20,2022-07-21,2022-09-01,56.53,59.99,0.0018914557543547644,0.06120643905890688,0.06120643905890688,0.10692399379367483,6.120643905890688
CDNS,2022-07-25,2022-07-26,2022-09-07,170.54,170.89,0.0006293829423158205,0.0020523044447049443,0.0020523044447051664,0.10733496698254001,0.20523044447051664
CMG,2022-07-26,2022-07-27,2022-09-08,28.67,34.14,0.003735776253610678,0.19079176839902323,0.19079176839902323,0.10710470519101815,19.079176839902324
CNC,2022-07-26,2022-07-27,2022-09-08,92.41,91.26,0.0011590163963966903,-0.012444540634130363,-0.012444540634130474,0.10710470519101815,-1.2444540634130474
BXP,2022-07-27,2022-07-28,2022-09-09,89.44,85.8,0.0012116000130533834,-0.04069767441860461,-0.04069767441860461,0.10836550516749462,-4.069767441860462
EQIX,2022-07-27,2022-07-28,2022-09-09,632.0000866647566,615.0186767578125,0.0001714643833980626,-0.026869315788483283,-0.026869315788483283,0.10836550516749462,-2.6869315788483283
F,2022-07-27,2022-07-28,2022-09-09,13.94,15.42,0.0077737091224888534,0.10616929698708755,0.10616929698708755,0.10836550516749462,10.616929698708756
TEL,2022-07-27,2022-07-28,2022-09-09,129.58,129.04,0.000836282645219128,-0.004167309770026439,-0.004167309770026439,0.10836550516749462,-0.41673097700264394
WM,2022-07-27,2022-07-28,2022-09-09,160.09,173.4,0.0006268125799259959,0.08314073333749761,0.08314073333749761,0.10034642592035269,8.31407333374976
ITW,2022-10-25,2022-10-26,2022-12-08,192.86336287334188,205.1844482421875,0.0005684297215246809,0.06388504890344149,0.06388504890344149,0.10962926765040722,6.388504890344149
SHW,2022-10-25,2022-10-26,2022-12-08,219.45,254.45,0.0004995637623623023,0.1594896331738438,0.1594896331738438,0.10962926765040722,15.94896331738438
BMY,2022-10-26,2022-10-27,2022-12-09,74.28,78.83,0.001476415705308988,0.06125471190091547,0.06125471190091547,0.10966815859035163,6.125471190091547
EME,2022-10-27,2022-10-28,2022-12-12,135.59,149.43,0.0008091833457713425,0.10207242422007523,0.10207242422007523,0.10971716985313634,10.207242422007523
HON,2022-10-27,2022-10-28,2022-12-12,199.0,214.5,0.000551342562076062,0.07788944723618085,0.07788944723618108,0.10971716985313634,7.7889447236181075
MAA,2022-10-27,2022-10-28,2022-12-12,136.1071664872441,144.93887329101562,0.0008061086912967144,0.06488788968066017,0.06488788968066017,0.10971716985313634,6.488788968066017
CBOE,2022-11-04,2022-11-07,2022-12-20,130.16,123.18,0.0008555857573466844,-0.053626306084818554,-0.053626306084818554,0.11136304217624443,-5.362630608481855
PANW,2022-11-17,2022-11-18,2023-01-04,85.64,69.27,0.001320340667183751,-0.1911489957963569,-0.1911489957963569,0.11307397473761645,-19.11489957963569
IBKR,2023-01-17,2023-01-18,2023-03-02,20.2,22.17,0.005552951995028463,0.09752475247524761,0.09752475247524761,0.11216963029957494,9.75247524752476
PLD,2023-01-18,2023-01-19,2023-03-03,122.99,126.95,0.000912135236031893,0.032197739653630375,0.0321977396536306,0.11218351267956252,3.2197739653630597
V,2023-01-26,2023-01-27,2023-03-13,228.0,214.47,0.0004927084070920752,-0.05934210526315786,-0.05934210526315786,0.11233751681699315,-5.934210526315786
SYK,2023-01-31,2023-02-01,2023-03-16,269.62,275.21,0.00041777800233979226,0.020732883317261308,0.020732883317261308,0.11264130499085478,2.073288331726131
YUM,2023-02-08,2023-02-09,2023-03-24,132.28,127.83,0.0008570613327271022,-0.03364076201995769,-0.03364076201995769,0.11337207309314108,-3.3640762019957693
HLT,2023-02-09,2023-02-10,2023-03-27,150.5,132.3,0.0007507575776160368,-0.1209302325581395,-0.1209302325581394,0.11298901543121354,-12.09302325581394
PLTR,2023-02-13,2023-02-14,2023-03-29,8.59,8.22,0.013175025155416749,-0.043073341094295614,-0.043073341094295725,0.11317346608502987,-4.307334109429572
MAR,2023-02-14,2023-02-15,2023-03-30,180.92,162.67,0.0006284294762736139,-0.10087331417200973,-0.10087331417200973,0.11369546084742221,-10.087331417200973
DE,2023-02-17,2023-02-21,2023-04-04,431.92,397.66,0.0002606427594474016,-0.0793202444897203,-0.0793202444897203,0.11257682066052171,-7.93202444897203
TRGP,2023-02-22,2023-02-23,2023-04-06,76.99,74.93,0.0014370116847803878,-0.026756721652162474,-0.026756721652162474,0.11063552961124205,-2.6756721652162474
AXON,2023-02-28,2023-03-01,2023-04-13,208.74,223.31,0.0005243538535484326,0.06979975088627,0.06979975088626977,0.10945362338969984,6.979975088626977
CRM,2023-03-01,2023-03-02,2023-04-14,193.12,194.65,0.0005699144468959188,0.007922535211267512,0.007922535211267734,0.11006187798453985,0.7922535211267734
MMC,2023-04-20,2023-04-21,2023-06-05,180.0,177.16,0.0006106743520800027,-0.01577777777777778,-0.01577777777777778,0.1099213833744005,-1.577777777777778
SNA,2023-04-20,2023-04-21,2023-06-05,260.0,259.38,0.0004227745514400019,-0.0023846153846154294,-0.0023846153846154294,0.1099213833744005,-0.23846153846154294
AVB,2023-04-27,2023-04-28,2023-06-12,178.85,187.53,0.0006143262812730862,0.048532289628180125,0.048532289628180125,0.10987225540569147,4.8532289628180125
CHD,2023-04-27,2023-04-28,2023-06-12,97.73,94.19,0.0011242428671410158,-0.036222244960605776,-0.036222244960605665,0.10987225540569147,-3.6222244960605665
HON,2023-04-27,2023-04-28,2023-06-12,199.0,198.5,0.0005521218864607612,-0.002512562814070307,-0.002512562814070307,0.10987225540569147,-0.2512562814070307
LKQ,2023-04-27,2023-04-28,2023-06-12,57.42,54.57,0.0019134840718511227,-0.04963427377220486,-0.04963427377220475,0.10987225540569147,-4.963427377220475
MAA,2023-04-27,2023-04-28,2023-06-12,137.0986493861388,137.77520751953125,0.000801410195488038,0.004934827122088814,0.004934827122088814,0.10987225540569147,0.4934827122088814
ROK,2023-04-27,2023-04-28,2023-06-12,285.0,309.78,0.00038551668563400516,0.08694736842105244,0.08694736842105244,0.10987225540569147,8.694736842105243
ROP,2023-04-27,2023-04-28,2023-06-12,452.0,454.01,0.00024308021107453864,0.004446902654867246,0.004446902654867246,0.10987225540569147,0.44469026548672463
CL,2023-04-28,2023-05-01,2023-06-13,79.84,75.24,0.0013794324977903533,-0.057615230460921985,-0.057615230460921985,0.11013389062358181,-5.761523046092199
NCLH,2023-05-01,2023-05-02,2023-06-14,14.46,19.3,0.007649731609761114,0.3347164591977869,0.3347164591977869,0.11061511907714572,33.471645919778695
AME,2023-05-02,2023-05-03,2023-06-15,143.56644584554465,154.17568969726562,0.0007617311660768594,0.07389779547189512,0.07389779547189534,0.10935903620343701,7.3897795471895344
BAC,2023-07-18,2023-07-19,2023-08-30,30.89,29.04,0.0036744032734616267,-0.05988993201683401,-0.0598899320168339,0.11350231711722965,-5.988993201683391
FCX,2023-07-20,2023-07-21,2023-09-01,42.32,41.49,0.002687790107170615,-0.019612476370510334,-0.019612476370510445,0.11374727733546043,-1.9612476370510445
JNJ,2023-07-20,2023-07-21,2023-09-01,168.18,160.48,0.0006763424743457036,-0.04578427874895952,-0.04578427874895952,0.11374727733546043,-4.578427874895952
UAL,2023-07-20,2023-07-21,2023-09-01,57.24,49.72,0.0019871991148752697,-0.1313766596785465,-0.1313766596785464,0.11374727733546043,-13.13766596785464
GE,2023-07-25,2023-07-26,2023-09-07,93.42,89.16,0.0012195692272070696,-0.0456005138086063,-0.04560051380860641,0.11393215720568445,-4.560051380860641
LRCX,2023-07-26,2023-07-27,2023-09-08,67.5,66.89,0.0016863624619599215,-0.009037037037037066,-0.009037037037037066,0.11382946618229471,-0.9037037037037066
MDLZ,2023-07-27,2023-07-28,2023-09-11,75.88,71.37,0.0015015077853391546,-0.05943595150237202,-0.05943595150237202,0.11393441075153504,-5.943595150237202
CINF,2023-07-28,2023-07-31,2023-09-12,109.92,107.19,0.0010396166523461477,-0.024836244541484698,-0.02483624454148481,0.11427466242588856,-2.483624454148481
ANET,2023-07-31,2023-08-01,2023-09-13,44.38,47.02,0.0025641523174458098,0.05948625506985139,0.05948625506985117,0.11379707984824505,5.948625506985117
SBAC,2023-07-31,2023-08-01,2023-09-13,225.85,212.33,0.0005038613232156079,-0.0598627407571396,-0.05986274075713971,0.11379707984824505,-5.986274075713971
AFL,2023-08-02,2023-08-03,2023-09-15,76.57,76.51,0.001472039718997391,-0.000783596708893719,-0.000783596708893608,0.11271408128363021,-0.0783596708893608
VRSK,2023-08-02,2023-08-03,2023-09-15,232.88,245.65,0.0004766605923120148,0.05483510821023718,0.05483510821023718,0.11100471873762201,5.483510821023718
AMT,2023-10-26,2023-10-27,2023-12-11,175.5,205.6,0.0006281906505184999,0.1715099715099715,0.17150997150997171,0.11024745916599672,17.15099715099717
AOS,2023-10-26,2023-10-27,2023-12-11,69.66,78.04,0.0015826508637093988,0.12029859316681035,0.12029859316681035,0.11024745916599672,12.029859316681035
AVB,2023-10-26,2023-10-27,2023-12-11,167.92,175.41,0.0006565475176631535,0.04460457360647929,0.04460457360647929,0.11024745916599672,4.460457360647929
DECK,2023-10-26,2023-10-27,2023-12-11,90.87,116.31,0.0012132437456365875,0.27996038296467485,0.2799603829646746,0.11024745916599672,27.99603829646746
DXCM,2023-10-26,2023-10-27,2023-12-11,92.73,117.9,0.0011889082191954784,0.27143319314137826,0.27143319314137826,0.11024745916599672,27.143319314137827
GWW,2023-10-26,2023-10-27,2023-12-11,702.25,817.44,0.0001569917538853638,0.16402990388038452,0.16402990388038452,0.11024745916599672,16.402990388038454
MAS,2023-10-26,2023-10-27,2023-12-11,51.87,63.98,0.0021254570882204885,0.23346828609986514,0.23346828609986514,0.11024745916599672,23.346828609986513
ORLY,2023-10-26,2023-10-27,2023-12-11,61.83,64.37,0.0017830738988516373,0.04108038169173556,0.04108038169173556,0.11024745916599672,4.108038169173556
CMG,2023-10-27,2023-10-30,2023-12-12,37.8,46.41,0.0028993590577457524,0.22777777777777786,0.22777777777777763,0.10959577238278943,22.777777777777764
ANET,2023-10-30,2023-10-31,2023-12-13,48.58,57.39,0.002266382091523647,0.18135034993824628,0.18135034993824628,0.11010084200621878,18.13503499382463
EG,2023-10-28,2023-10-31,2023-12-13,380.46338686797526,374.8471984863281,0.0002893861690939131,-0.014761442429139682,-0.014761442429139793,0.11010084200621878,-1.4761442429139793
SPG,2023-10-30,2023-10-31,2023-12-13,106.41,139.26,0.0010346851048418267,0.3087115872568367,0.30871158725683645,0.11010084200621878,30.871158725683646
HAL,2024-01-23,2024-01-24,2024-03-07,35.68,36.19,0.0036119548388973194,0.014293721973094087,0.014293721973094087,0.12887454865185635,1.4293721973094087
PCAR,2024-01-23,2024-01-24,2024-03-07,101.83,114.33,0.0012655852759683429,0.12275360895610321,0.12275360895610321,0.12887454865185635,12.275360895610321
IBM,2024-01-24,2024-01-25,2024-03-08,184.96,195.95,0.0006980710904209196,0.05941825259515565,0.05941825259515543,0.1291152288842533,5.941825259515543
WRB,2024-01-24,2024-01-25,2024-03-08,55.63,56.27,0.00232096402811888,0.011504583857630868,0.011504583857630868,0.1291152288842533,1.1504583857630868
HCA,2024-01-30,2024-01-31,2024-03-14,303.42,324.78,0.0004256960360578205,0.07039746885505216,0.07039746885505216,0.1291646912606639,7.039746885505216
DECK,2024-02-01,2024-02-02,2024-03-18,139.29,151.48,0.0009255712922537879,0.08751525594084275,0.08751525594084275,0.12892282529803012,8.751525594084274
PLTR,2024-02-05,2024-02-06,2024-03-20,20.3,24.57,0.006348491141809921,0.21034482758620676,0.21034482758620698,0.1288743701787414,21.034482758620697
J,2024-02-06,2024-02-07,2024-03-21,116.97,125.25,0.0011046882799558581,0.07078738137984097,0.07078738137984075,0.12921538810643673,7.078738137984075
WTW,2024-02-06,2024-02-07,2024-03-21,270.14,274.51,0.0004783274898439207,0.01617679721625831,0.016176797216258088,0.12921538810643673,1.6176797216258088
JKHY,2024-02-07,2024-02-08,2024-03-22,169.43,168.95,0.0007704857245746467,-0.0028330283893054364,-0.0028330283893054364,0.1305433963146824,-0.28330283893054364
K,2024-02-08,2024-02-09,2024-03-25,54.73,55.65,0.002398473695288373,0.016809793531883832,0.016809793531883832,0.13126846534313263,1.6809793531883832
LDOS,2024-02-13,2024-02-14,2024-03-28,121.93,131.09,0.0010113221040099483,0.07512507176248673,0.0751250717624865,0.12331050414193301,7.512507176248651
STZ,2024-04-11,2024-04-12,2024-05-24,269.51,248.51,0.0005080624518487225,-0.07791918667210862,-0.07791918667210862,0.13692791139774918,-7.791918667210862
STT,2024-04-12,2024-04-15,2024-05-28,76.47,73.91,0.0017865844151824786,-0.033477180593696865,-0.033477180593696865,0.13662011022900414,-3.3477180593696865
OMC,2024-04-16,2024-04-17,2024-05-30,93.35,90.72,0.0014560003999111097,-0.02817354043920728,-0.02817354043920728,0.1359176373317021,-2.817354043920728
CSGP,2024-04-23,2024-04-24,2024-06-06,92.53,77.05,0.001474023984374726,-0.16729709283475636,-0.16729709283475636,0.1363914392741934,-16.729709283475636
PHM,2024-04-23,2024-04-24,2024-06-06,113.4,114.49,0.0012027463780793068,0.00961199294532622,0.00961199294532622,0.1363914392741934,0.961199294532622
CMG,2024-04-24,2024-04-25,2024-06-07,60.24,63.38,0.0022642751520321417,0.05212483399734391,0.05212483399734391,0.13639993515841622,5.212483399734391
EQR,2024-04-24,2024-04-25,2024-06-07,64.07,65.07,0.0021289204800751713,0.015607928827844564,0.015607928827844342,0.13639993515841622,1.5607928827844342
GOOGL,2024-04-25,2024-04-26,2024-06-10,174.37,175.01,0.0007832741360841188,0.0036703561392441575,0.0036703561392439354,0.1365795111089878,0.36703561392439354
LLY,2024-04-30,2024-05-01,2024-06-13,774.76,883.33,0.00017441701458636332,0.14013371882905679,0.14013371882905679,0.13513132622093085,14.013371882905679
VRSK,2024-05-01,2024-05-02,2024-06-14,234.0,264.37,0.0005777578409518332,0.1297863247863249,0.12978632478632468,0.13519533478272897,12.978632478632468
KIM,2024-05-02,2024-05-03,2024-06-17,19.05,18.68,0.007105974107602631,-0.01942257217847776,-0.01942257217847776,0.13536880674983012,-1.942257217847776
XYL,2024-05-02,2024-05-03,2024-06-17,137.5,139.54,0.0009845004127260373,0.014836363636363537,0.014836363636363537,0.13536880674983012,1.4836363636363537
AJG,2024-07-25,2024-07-26,2024-09-09,269.13,298.94,0.0005103351421350172,0.11076431464348091,0.11076431464348091,0.13734649680279717,11.07643146434809
CBRE,2024-07-25,2024-07-26,2024-09-09,110.0,115.26,0.0012486045163890651,0.04781818181818176,0.04781818181818176,0.13734649680279717,4.781818181818176
CMS,2024-07-25,2024-07-26,2024-09-09,60.63474903898334,66.55924224853516,0.0022651449701637963,0.09770788703591138,0.09770788703591138,0.13734649680279717,9.770788703591137
DOV,2024-07-25,2024-07-26,2024-09-09,185.43,178.89,0.0007406918880590906,-0.035269373887720556,-0.03526937388772067,0.13734649680279717,-3.5269373887720668
NOC,2024-07-25,2024-07-26,2024-09-09,477.56,524.21,0.0002876005042356922,0.09768406064159474,0.09768406064159474,0.13734649680279717,9.768406064159475
BKR,2024-07-26,2024-07-29,2024-09-10,37.78,33.17,0.0036522339283608304,-0.12202223398623613,-0.12202223398623613,0.13798139781347218,-12.202223398623612
ON,2024-07-29,2024-07-30,2024-09-11,77.8,70.58,0.001775603691224961,-0.09280205655526996,-0.09280205655526996,0.13814196717730196,-9.280205655526997
ANET,2024-07-30,2024-07-31,2024-09-12,84.5,88.84,0.001636253070898764,0.05136094674556224,0.05136094674556202,0.13826338449094555,5.136094674556202
KKR,2024-07-31,2024-08-01,2024-09-13,123.77,122.8,0.0011247889483577281,-0.007837117233578383,-0.007837117233578383,0.139215128138236,-0.7837117233578383
AVB,2024-08-01,2024-08-02,2024-09-16,214.26,232.86,0.0006422504660040886,0.0868104172500701,0.0868104172500701,0.13760858484603603,8.68104172500701
CMI,2024-08-01,2024-08-02,2024-09-16,303.71,301.07,0.0004530920445360246,-0.008692502716407091,-0.008692502716407091,0.13760858484603603,-0.8692502716407091
IRM,2024-08-01,2024-08-02,2024-09-16,109.54,118.19,0.001210575409051969,0.07896658754792751,0.07896658754792774,0.13260643030755268,7.896658754792774
PEP,2024-10-08,2024-10-09,2024-11-20,169.38,158.74,0.0008312206259552971,-0.06281733380564403,-0.06281733380564403,0.14079214962430822,-6.281733380564402
BLK,2024-10-11,2024-10-14,2024-11-25,999.17,1031.49,0.000141285543959039,0.032346847883743646,0.032346847883743646,0.141168276957553,3.2346847883743646
BX,2024-10-17,2024-10-18,2024-12-02,171.59,187.05,0.0008228788747714444,0.09009849058802955,0.09009849058802955,0.14119778612203215,9.009849058802955
ISRG,2024-10-17,2024-10-18,2024-12-02,496.0,542.85,0.00028467295589119386,0.09445564516129035,0.09445564516129035,0.14119778612203215,9.445564516129036
PM,2024-10-22,2024-10-23,2024-12-05,129.98,132.49,0.0010882847794121695,0.019310663178950804,0.019310663178950804,0.14145525562799377,1.9310663178950804
BKR,2024-10-23,2024-10-24,2024-12-06,37.1,41.31,0.0038035736293473106,0.11347708894878705,0.11347708894878705,0.14111258164878523,11.347708894878705
NEE,2024-10-23,2024-10-24,2024-12-06,84.0,75.24,0.0016799116862950623,-0.10428571428571431,-0.10428571428571431,0.14111258164878523,-10.42857142857143
RJF,2024-10-23,2024-10-24,2024-12-06,144.76,163.4,0.0009748036864381407,0.1287648521691076,0.1287648521691076,0.14111258164878523,12.87648521691076
CBRE,2024-10-24,2024-10-25,2024-12-09,134.66,137.29,0.0010489137924800255,0.01953066983514029,0.01953066983514029,0.14124673129536022,1.953066983514029
TYL,2024-10-24,2024-10-25,2024-12-09,613.5,621.77,0.0002302310208563329,0.013480032599836989,0.013480032599836989,0.14124673129536022,1.3480032599836989
CDNS,2024-10-28,2024-10-29,2024-12-11,274.94,308.78,0.0005119289822544058,0.12308139957808972,0.1230813995780895,0.14074975438102633,12.308139957808951
FFIV,2024-10-28,2024-10-29,2024-12-11,242.03,260.07,0.0005665148085761132,0.07453621451886128,0.07453621451886128,0.1371135791196767,7.453621451886128
TECH,2025-02-05,2025-02-06,2025-03-21,77.03,60.61,0.0019101776407912554,-0.2131637024535895,-0.2131637024535895,0.1471409836701504,-21.31637024535895
DD,2025-02-11,2025-02-12,2025-03-27,33.68,31.78,0.004327722585964293,-0.05641330166270775,-0.05641330166270775,0.14575769669527738,-5.641330166270775
HOOD,2025-02-12,2025-02-13,2025-03-28,62.09,41.92,0.002348293999888841,-0.3248510227089708,-0.3248510227089708,0.14580557445309814,-32.48510227089708
MGM,2025-02-12,2025-02-13,2025-03-28,38.55,30.36,0.0037822457705083824,-0.2124513618677042,-0.2124513618677042,0.14580557445309814,-21.24513618677042
PAYC,2025-02-12,2025-02-13,2025-03-28,215.79,218.75,0.0006756827214101586,0.013717039714537416,0.013717039714537194,0.14580557445309814,1.3717039714537194
CBRE,2025-02-13,2025-02-14,2025-03-31,142.6,130.78,0.0010290244313779428,-0.08288920056100979,-0.08288920056100968,0.14673888391449463,-8.288920056100968
RSG,2025-02-13,2025-02-14,2025-03-31,226.15138575838327,239.63949584960935,0.000648852464124488,0.0596419519871374,0.059641951987137176,0.14673888391449463,5.964195198713718
OXY,2025-02-19,2025-02-20,2025-04-03,51.17,43.9,0.0028374849336534878,-0.14207543482509288,-0.14207543482509288,0.14519410405504898,-14.207543482509289
INTU,2025-02-25,2025-02-26,2025-04-09,635.5,596.48,0.00022150952072608093,-0.06140047206923682,-0.06140047206923693,0.14076930042142444,-6.140047206923693
NRG,2025-02-26,2025-02-27,2025-04-10,116.2,92.89,0.001213383894098423,-0.20060240963855425,-0.20060240963855425,0.14099520849423677,-20.060240963855424
AVGO,2025-03-06,2025-03-07,2025-04-21,187.73,166.21,0.0007111098307160599,-0.11463271720023427,-0.11463271720023427,0.13349664852032592,-11.463271720023426
PAYX,2025-03-26,2025-03-27,2025-05-09,149.48,151.65,0.0009052970004858756,0.014516992239764548,0.01451699223976477,0.13532379563262867,1.451699223976477
LRCX,2025-04-23,2025-04-24,2025-06-06,69.67,86.35,0.001875299074991797,0.2394143820869814,0.2394143820869814,0.1306520865546785,23.94143820869814
PM,2025-04-23,2025-04-24,2025-06-06,168.33,181.73,0.0007761663788669785,0.07960553674330173,0.07960553674330173,0.1306520865546785,7.960553674330173
TEL,2025-04-23,2025-04-24,2025-06-06,138.58,164.65,0.0009427917921394031,0.18812238418242155,0.18812238418242178,0.1306520865546785,18.812238418242178
TXN,2025-04-23,2025-04-24,2025-06-06,164.63,192.42,0.000793610438891323,0.16880276984753695,0.16880276984753695,0.1306520865546785,16.880276984753696
STX,2025-04-29,2025-04-30,2025-06-12,87.14,126.07,0.0015088197536728197,0.44675235253614853,0.44675235253614853,0.13147855333504951,44.67523525361485
WELL,2025-04-29,2025-04-30,2025-06-12,151.04,151.91,0.0008704883033305715,0.005760063559322015,0.005760063559322015,0.13147855333504951,0.5760063559322015
ADP,2025-04-30,2025-05-01,2025-06-13,299.21,306.82,0.000442385973373356,0.025433641923732653,0.02543364192373243,0.13236630709304184,2.543364192373243
ESS,2025-04-30,2025-05-01,2025-06-13,279.19,284.46,0.00047410833874079246,0.018876034241914086,0.018876034241914086,0.13236630709304184,1.8876034241914086
AMZN,2025-05-01,2025-05-02,2025-06-16,191.44,216.1,0.0006896665868858405,0.12881320518178008,0.12881320518178008,0.1320297713934253,12.881320518178008
GWW,2025-05-01,2025-05-02,2025-06-16,1057.33,1071.8,0.0001248709214657915,0.013685415149480296,0.013685415149480296,0.1320297713934253,1.3685415149480296
HWM,2025-05-01,2025-05-02,2025-06-16,150.21,171.6,0.0008242513307023986,0.14240063910525258,0.14240063910525258,0.1238107923848073,14.240063910525258
CFG,2025-07-17,2025-07-18,2025-08-29,49.68,52.28,0.0029615806307075904,0.052334943639291476,0.052334943639291476,0.1471313257335531,5.233494363929148
IBKR,2025-07-17,2025-07-18,2025-08-29,63.81,62.24,0.002305772225882355,-0.02460429399780595,-0.02460429399780606,0.1471313257335531,-2.460429399780606
DGX,2025-07-22,2025-07-23,2025-09-04,179.63,180.11,0.000816655548805587,0.0026721594388465775,0.0026721594388465775,0.1466958362319476,0.26721594388465775
NOC,2025-07-22,2025-07-23,2025-09-04,562.35,579.76,0.0002608621609886149,0.03095936694229562,0.03095936694229562,0.1466958362319476,3.095936694229562
TEL,2025-07-23,2025-07-24,2025-09-05,200.93,208.74,0.0007295950084426604,0.03886925795053009,0.03886925795053009,0.14659752504638376,3.886925795053009
NDAQ,2025-07-24,2025-07-25,2025-09-08,94.27,94.99,0.0015603558574444057,0.007637636575792861,0.007637636575793083,0.1470947466812841,0.7637636575793083
AON,2025-07-25,2025-07-28,2025-09-09,371.3,366.38,0.00039677722566712075,-0.013250740640991188,-0.013250740640991299,0.14732338389020194,-1.3250740640991299
CBRE,2025-07-29,2025-07-30,2025-09-11,157.62,165.9,0.0009315167156839899,0.05253140464408079,0.05253140464408057,0.1468256647261105,5.253140464408057
HIG,2025-07-29,2025-07-30,2025-09-11,125.15,133.22,0.0011731974808318858,0.06448262085497403,0.06448262085497403,0.1468256647261105,6.448262085497403
PTC,2025-07-30,2025-07-31,2025-09-12,212.5,205.11,0.0006908750606852244,-0.03477647058823519,-0.03477647058823519,0.14681095039561018,-3.4776470588235187
CMS,2025-07-31,2025-08-01,2025-09-15,73.05731808535879,71.04277801513672,0.002003989637415201,-0.02757478816657788,-0.02757478816657788,0.1464061083804052,-2.757478816657788
SPGI,2025-07-31,2025-08-01,2025-09-15,545.01,543.99,0.0002686301322551975,-0.0018715252931138515,-0.0018715252931137405,0.1464061083804052,-0.18715252931137405
PEP,2025-10-09,2025-10-10,2025-11-21,145.63,146.33,0.0010226962081044569,0.004806701915814227,0.0048067019158140045,0.14893524878625206,0.48067019158140045
DPZ,2025-10-14,2025-10-15,2025-11-26,421.48,415.59,0.0003545575748997426,-0.013974565815697115,-0.013974565815697115,0.1494389266687435,-1.3974565815697115
TFC,2025-10-17,2025-10-20,2025-12-02,43.11,46.48,0.0034671684455569703,0.07817211783808853,0.07817211783808853,0.14946963168796099,7.817211783808853
APH,2025-10-22,2025-10-23,2025-12-05,129.6,139.36,0.0011559118262689594,0.07530864197530884,0.07530864197530884,0.14980617268445715,7.530864197530884
BSX,2025-10-22,2025-10-23,2025-12-05,104.29,97.52,0.0014364385145695382,-0.0649151404736793,-0.06491514047367919,0.14980617268445715,-6.491514047367919
CB,2025-10-22,2025-10-23,2025-12-05,277.81,295.0,0.0005392396698623417,0.061876822288614575,0.061876822288614575,0.14980617268445715,6.1876822288614575
