,exposure
2017-02-01,0.1680317470308242
2017-02-02,0.16777109301932466
2017-02-03,0.33744026121259574
2017-02-06,0.33923857457349654
2017-02-07,0.339667113807606
2017-02-08,0.33966169190705003
2017-02-09,0.34094797127266185
2017-02-10,0.3407024343018826
2017-02-13,0.34131606400305886
2017-02-14,0.34267909984890343
2017-02-15,0.3435440342890068
2017-02-16,0.34365976775283535
2017-02-17,0.5105001728470933
2017-02-21,0.5129494489792529
2017-02-22,0.5130444003598498
2017-02-23,0.5128248226920166
2017-02-24,0.5138789861716927
2017-02-27,0.5139328790895751
2017-02-28,0.5133476252561714
2017-03-01,0.5172439497558667
2017-03-02,0.51557414321578
2017-03-03,0.5162042983640057
2017-03-06,0.5150529053195102
2017-03-07,0.5154350643192168
2017-03-08,0.5151154602151291
2017-03-09,0.5163259806208235
2017-03-10,0.6854753217706901
2017-03-13,0.685650268602669
2017-03-14,0.684685858049904
2017-03-15,0.6870153693906891
2017-03-16,0.5101258011186943
2017-03-17,0.6751493086450048
2017-03-20,0.5032117034148073
2017-03-21,0.499697734089485
2017-03-22,0.5017789638664445
2017-03-23,0.5014784036297534
2017-03-24,0.502184321157512
2017-03-27,0.5023015876429797
2017-03-28,0.5036949841916621
2017-03-29,0.5039179731343105
2017-03-30,0.5040296548097171
2017-03-31,0.5041256961216706
2017-04-03,0.3390098619195367
2017-04-04,0.3392095642883164
2017-04-05,0.33911355388367337
2017-04-06,0.3406616750283087
2017-04-07,0.3405372644278289
2017-04-10,0.3413212183499036
2017-04-11,0.3411668959015029
2017-04-12,0.339533154754152
2017-04-13,0.3388094644287723
2017-04-17,0.3398088388073756
2017-04-18,0.3395309896184663
2017-04-19,0.3385152515572727
2017-04-20,0.33924780767512824
2017-04-21,0.3396421573539674
2017-04-24,0.17155275248036844
2017-04-25,0.3352501760883154
2017-04-26,0.3349101978007691
2017-04-27,0.5022511822179906
2017-04-28,0.8344932002961151
2017-05-01,0.6609436746515549
2017-05-02,0.6620992278016276
2017-05-03,0.8279106812781036
2017-05-04,0.9945420773442327
2017-05-05,1.3229473269154386
2017-05-08,1.325362673823906
2017-05-09,1.3261138899267018
2017-05-10,1.4949742295470043
2017-05-11,1.4970180271473261
2017-05-12,1.498298933312895
2017-05-15,1.4915175786763504
2017-05-16,1.4942593532759372
2017-05-17,1.5031225077113213
2017-05-18,1.5028482705657538
2017-05-19,1.495178160164633
2017-05-22,1.6557542677012063
2017-05-23,1.65369088816013
2017-05-24,1.648902659490044
2017-05-25,1.639395773506873
2017-05-26,1.6417596806096537
2017-05-30,1.6415309169887813
2017-05-31,1.6397879736401515
2017-06-01,1.6311833911459173
2017-06-02,1.7808829065419818
2017-06-05,1.779178655421633
2017-06-06,1.7814826464245868
2017-06-07,1.6115361704774398
2017-06-08,1.6082352384341296
2017-06-09,1.4595416617316697
2017-06-12,1.1397766936273408
2017-06-13,1.1390677389117334
2017-06-14,1.1392933085448886
2017-06-15,0.9739080013952968
2017-06-16,0.8112032155471532
2017-06-19,0.49173314285022635
2017-06-20,0.49076568348026245
2017-06-21,0.49021957949857153
2017-06-22,0.329767501538688
2017-06-23,0.33009942122519353
2017-06-26,0.3301546300674959
2017-06-27,0.3273333138649199
2017-06-28,0.328160406330601
2017-06-29,0.3243125352205376
2017-06-30,0.326864758582309
2017-07-03,0.3265644252865002
2017-07-05,0.16937551131443854
2017-07-06,0.16828660078109126
2017-07-07,0.17213232525380456
2017-07-10,0.1729768978882449
2017-07-11,0.1731877718609245
2017-07-12,0.17517406828646986
2017-07-13,0.17431061933289801
2017-07-14,0.17659365618338085
2017-07-17,0.0
2017-07-18,0.0
2017-07-19,0.33333666729968486
2017-07-20,0.33564048625813003
2017-07-21,0.3394655912203728
2017-07-24,0.3396581326040328
2017-07-25,0.33937613004608763
2017-07-26,0.5064479837788942
2017-07-27,0.5055511444280091
2017-07-28,0.839476159484274
2017-07-31,0.8395380272135657
2017-08-01,1.0056665428586147
2017-08-02,1.171693147748536
2017-08-03,1.1718994831053495
2017-08-04,1.5000543057106275
2017-08-07,1.4987704050744097
2017-08-08,1.5015693493510942
2017-08-09,1.6688397328673037
2017-08-10,1.6835409335335645
2017-08-11,1.8426021878504242
2017-08-14,1.8164931348229667
2017-08-15,1.811269617732574
2017-08-16,1.8020325660698873
2017-08-17,1.8202790099638684
2017-08-18,1.9882851716001837
2017-08-21,1.9948519335855983
2017-08-22,1.9695482213200493
2017-08-23,1.9747809501114502
2017-08-24,1.968237641084125
2017-08-25,1.961233485225552
2017-08-28,1.955751917447094
2017-08-29,1.9519606332448856
2017-08-30,1.6147406440502103
2017-08-31,1.6143410523569313
2017-09-01,1.7777310867047997
2017-09-05,1.781785362570573
2017-09-06,1.7823036976756421
2017-09-07,1.6269496017896339
2017-09-08,1.6252748583340022
2017-09-11,1.3139226433355602
2017-09-12,1.313535100950624
2017-09-13,1.1461883456468784
2017-09-14,0.9833787917332083
2017-09-15,0.9833993475646787
2017-09-18,0.6543128273144346
2017-09-19,0.6536572588353978
2017-09-20,0.6522691136947055
2017-09-21,0.4876226872065427
2017-09-22,0.48922750226147194
2017-09-25,0.3156395242105072
2017-09-26,0.31822890335055687
2017-09-27,0.3264899058170094
2017-09-28,0.3308294065342625
2017-09-29,0.3375924152366031
2017-10-02,0.16290399722658086
2017-10-03,0.1615779554555209
2017-10-04,0.15965755822006178
2017-10-05,0.16057520763832547
2017-10-06,0.15957005838808733
2017-10-09,0.16098967669283312
2017-10-10,0.16394449469887254
2017-10-11,0.1626000307723863
2017-10-12,0.15781622721292082
2017-10-13,0.1548842260991429
2017-10-16,0.0
2017-10-17,0.0
2017-10-18,0.0
2017-10-19,0.0
2017-10-20,0.0
2017-10-23,0.0
2017-10-24,0.16266445497239068
2017-10-25,0.16296066211021873
2017-10-26,0.3242325920711554
2017-10-27,0.4948553198613337
2017-10-30,0.495437286408308
2017-10-31,0.49697658492414226
2017-11-01,0.49953049394977567
2017-11-02,0.8326505500597524
2017-11-03,1.1599207398268927
2017-11-06,1.1575138769292426
2017-11-07,1.1565085626281006
2017-11-08,1.325771166363587
2017-11-09,1.3289240192655083
2017-11-10,1.3318539348313891
2017-11-13,1.3312995264511889
2017-11-14,1.3314379816005586
2017-11-15,1.3333311371265493
2017-11-16,1.3304067522483967
2017-11-17,1.3290887885783296
2017-11-20,1.3268702149198182
2017-11-21,1.324941262833119
2017-11-22,1.4906400367304873
2017-11-24,1.4899125188838511
2017-11-27,1.4917045113374696
2017-11-28,1.4859165875123985
2017-11-29,1.4912533507925896
2017-11-30,1.4884954365375715
2017-12-01,1.491262930376347
2017-12-04,1.493437043953854
2017-12-05,1.4968555297225434
2017-12-06,1.3362234368454409
2017-12-07,1.3335815353093265
2017-12-08,1.1776055045089147
2017-12-11,1.0230906467819925
2017-12-12,1.023063286199647
2017-12-13,1.0231521693511723
2017-12-14,1.0233860623947848
2017-12-15,0.6785842892426747
2017-12-18,0.3618348606412784
2017-12-19,0.35895948784002346
2017-12-20,0.5213997011855471
2017-12-21,0.3284434346213891
2017-12-22,0.32736689781724765
2017-12-26,0.32240661354373074
2017-12-27,0.32336927781675623
2017-12-28,0.32222635150073886
2017-12-29,0.31946841094838246
2018-01-02,0.32728906396321833
2018-01-03,0.3308380635274158
2018-01-04,0.33651197150301076
2018-01-05,0.5019563866945991
2018-01-08,0.3321604137119913
2018-01-09,0.3249446198321509
2018-01-10,0.32543266095767104
2018-01-11,0.3245009120434881
2018-01-12,0.3250319214258192
2018-01-16,0.3257736601477475
2018-01-17,0.3306050791113748
2018-01-18,0.32935404959696546
2018-01-19,0.32835753819197033
2018-01-22,0.3291790918786962
2018-01-23,0.33177314525169466
2018-01-24,0.3288166619290182
2018-01-25,0.3274112659377834
2018-01-26,0.4978425180427804
2018-01-29,0.496377911859175
2018-01-30,0.4923650639373963
2018-01-31,0.4972247129334227
2018-02-01,0.8283285673798134
2018-02-02,1.1638468491393894
2018-02-05,1.0194724515227125
2018-02-06,1.0193443304728729
2018-02-07,1.3538203723557223
2018-02-08,1.3751490491267966
2018-02-09,1.525225475772985
2018-02-12,1.5164157049252691
2018-02-13,1.5158515893988929
2018-02-14,1.5079813115405618
2018-02-15,1.4965219898672975
2018-02-16,1.822994942821408
2018-02-20,1.6578606871688208
2018-02-21,1.8407439385220357
2018-02-22,1.8418016768986796
2018-02-23,1.813336689128956
2018-02-26,1.801522173231862
2018-02-27,1.8088821969139326
2018-02-28,2.0008817016789693
2018-03-01,2.0270143989703424
2018-03-02,1.9851111440325326
2018-03-05,1.9591226131075505
2018-03-06,1.9558106322532085
2018-03-07,1.9553512207831611
2018-03-08,1.9401192734125827
2018-03-09,1.919131923536814
2018-03-12,1.7493788113636708
2018-03-13,1.7592210447934005
2018-03-14,1.7661292589402948
2018-03-15,1.9394938461394133
2018-03-16,1.5944079685771229
2018-03-19,1.2766768849350534
2018-03-20,1.2751269201858066
2018-03-21,1.2741315001531786
2018-03-22,0.9497306510152335
2018-03-23,0.9488820315314591
2018-03-26,0.7838344519562603
2018-03-27,0.7821220953947018
2018-03-28,0.7824210118949078
2018-03-29,0.78328157134143
2018-04-02,0.7748650332407219
2018-04-03,0.4637199998032865
2018-04-04,0.46915045576600484
2018-04-05,0.30416813924384345
2018-04-06,0.29735946691595133
2018-04-09,0.29436361533002303
2018-04-10,0.29917538258882564
2018-04-11,0.29764914300714906
2018-04-12,0.15773670030151474
2018-04-13,0.15550202711418765
2018-04-16,0.15648456165025879
2018-04-17,0.15741041396515737
2018-04-18,0.15968912384242
2018-04-19,0.1588224986928736
2018-04-20,0.15800841260650056
2018-04-23,0.1584427878427946
2018-04-24,0.1576823367954592
2018-04-25,0.1584427878427946
2018-04-26,0.15762796627121467
2018-04-27,0.16737895853506263
2018-04-30,0.16677945719744255
2018-05-01,0.16549189994323946
2018-05-02,0.4971687564430153
2018-05-03,0.8327408437989081
2018-05-04,0.8347996808123798
2018-05-07,0.8356215656562771
2018-05-08,0.8356257818939815
2018-05-09,0.836402429252501
2018-05-10,0.837903536841498
2018-05-11,0.8382999785297816
2018-05-14,0.83817082797545
2018-05-15,0.8382910719771338
2018-05-16,0.8376819315321101
2018-05-17,0.8380688142525659
2018-05-18,0.8382204630151737
2018-05-21,0.8391791554109947
2018-05-22,0.8379363309433336
2018-05-23,0.838128060391773
2018-05-24,1.004534566216672
2018-05-25,1.004529536528014
2018-05-29,1.0045628838158078
2018-05-30,1.0045163193002733
2018-05-31,1.0045222999273888
2018-06-01,1.0044616006542126
2018-06-04,1.004412711125673
2018-06-05,1.0043579741816167
2018-06-06,1.0043169439660204
2018-06-07,1.0044083127300107
2018-06-08,1.0043595506823093
2018-06-11,0.8503995939525804
2018-06-12,0.8528797372101926
2018-06-13,0.8533735146568133
2018-06-14,0.540274195427499
2018-06-15,0.18408056938560935
2018-06-18,0.18502664624412682
2018-06-19,0.1844476761277845
2018-06-20,0.1849687862267069
2018-06-21,0.18417720846153227
2018-06-22,0.1826476294831959
2018-06-25,0.18260883152080423
2018-06-26,0.18452491966790902
2018-06-27,0.18144317746650565
2018-06-28,0.1833259981120536
2018-06-29,0.18568181942554754
2018-07-02,0.18693142891921122
2018-07-03,0.18328726452586772
2018-07-05,0.18423518091959246
2018-07-06,0.18614366073712377
2018-07-09,0.0
2018-07-10,0.0
2018-07-11,0.0
2018-07-12,0.0
2018-07-13,0.0
2018-07-16,0.0
2018-07-17,0.0
2018-07-18,0.0
2018-07-19,0.0
2018-07-20,0.0
2018-07-23,0.0
2018-07-24,0.0
2018-07-25,0.0
2018-07-26,0.3318393892706014
2018-07-27,0.4925607645145881
2018-07-30,0.4901337683312951
2018-07-31,0.4906505696626335
2018-08-01,0.8243311675587852
2018-08-02,1.153905822767308
2018-08-03,1.1540207778614449
2018-08-06,1.1535662302333196
2018-08-07,1.1523861788360956
2018-08-08,1.3195568347883793
2018-08-09,1.6581878992848476
2018-08-10,1.659166904626533
2018-08-13,1.6635121235360315
2018-08-14,1.6531836870387207
2018-08-15,1.6881052007989699
2018-08-16,1.6866708364946734
2018-08-17,1.6855067011718656
2018-08-20,1.685827519996718
2018-08-21,1.6751294167484794
2018-08-22,1.6677594174220227
2018-08-23,1.666552463131607
2018-08-24,1.6651590635980122
2018-08-27,1.655951391872236
2018-08-28,1.6595384415009067
2018-08-29,1.6532663886429726
2018-08-30,1.6565761938015615
2018-08-31,1.6565519843666083
2018-09-04,1.6604677668119994
2018-09-05,1.6722297335577527
2018-09-06,1.6763202666966943
2018-09-07,1.351923377207538
2018-09-10,1.1927690827874786
2018-09-11,1.1900141384971803
2018-09-12,1.1880513437067575
2018-09-13,0.8739615289362509
2018-09-14,0.4949779660210386
2018-09-17,0.49232155458477816
2018-09-18,0.4946555771626997
2018-09-19,0.4971003915683298
2018-09-20,0.3282173727454898
2018-09-21,0.0
2018-09-24,0.0
2018-09-25,0.0
2018-09-26,0.0
2018-09-27,0.0
2018-09-28,0.0
2018-10-01,0.0
2018-10-02,0.0
2018-10-03,0.0
2018-10-04,0.0
2018-10-05,0.0
2018-10-08,0.0
2018-10-09,0.0
2018-10-10,0.0
2018-10-11,0.0
2018-10-12,0.0
2018-10-15,0.0
2018-10-16,0.0
2018-10-17,0.16202321239219694
2018-10-18,0.15802962162614637
2018-10-19,0.1566899523700138
2018-10-22,0.15738944168523927
2018-10-23,0.15446722095576318
2018-10-24,0.31465426125534146
2018-10-25,0.4878521148841932
2018-10-26,0.6460872669859665
2018-10-29,0.6427908430506045
2018-10-30,0.6464938485341436
2018-10-31,0.6520044213892594
2018-11-01,0.6607282048159538
2018-11-02,0.8272002806809309
2018-11-05,0.8255003144865561
2018-11-06,0.8275464800400468
2018-11-07,0.8318636230231528
2018-11-08,0.9978383061278184
2018-11-09,0.9978287345955872
2018-11-12,0.9977586234071044
2018-11-13,0.9977602495357578
2018-11-14,0.9977706367953986
2018-11-15,0.9978150358572334
2018-11-16,0.9978170719503509
2018-11-19,0.997733898022331
2018-11-20,0.9977152481454847
2018-11-21,0.9977107962624054
2018-11-23,0.9977284471721087
2018-11-26,0.9977789104260352
2018-11-27,0.9977948044151583
2018-11-28,0.9978564399195008
2018-11-29,0.8405924602613215
2018-11-30,0.8411257140655596
2018-12-03,0.8458202555558525
2018-12-04,0.8396581330322729
2018-12-06,0.8399801527930554
2018-12-07,1.1944154880577713
2018-12-10,1.0069697715636574
2018-12-11,0.8337017976328205
2018-12-12,0.837061120281912
2018-12-13,0.8359234224812441
2018-12-14,0.8336230522297907
2018-12-17,0.8311558473419628
2018-12-18,0.6615500667911609
2018-12-19,0.6575171503233805
2018-12-20,0.6532791009705793
2018-12-21,0.6511075920291367
2018-12-24,0.5007464316013099
2018-12-26,0.5169361830473771
2018-12-27,0.5184408314396138
2018-12-28,0.5172770591580199
2018-12-31,0.5193745610680487
2019-01-02,0.5211900161252435
2019-01-03,0.5120214305119543
2019-01-04,0.5193368685710743
2019-01-07,0.529515827542081
2019-01-08,0.5314423387840678
2019-01-09,0.5365868268684741
2019-01-10,0.5337917049422598
2019-01-11,0.5365862955359786
2019-01-14,0.5385696790557003
2019-01-15,0.5423169647475068
2019-01-16,0.5423750903428949
2019-01-17,0.5457992072432658
2019-01-18,0.5536298648415973
2019-01-22,0.5506388610789651
2019-01-23,0.0
2019-01-24,0.0
2019-01-25,0.0
2019-01-28,0.0
2019-01-29,0.0
2019-01-30,0.0
2019-01-31,0.0
2019-02-01,0.0
2019-02-04,0.0
2019-02-05,0.0
2019-02-06,0.0
2019-02-07,0.0
2019-02-08,0.0
2019-02-11,0.0
2019-02-12,0.0
2019-02-13,0.0
2019-02-14,0.0
2019-02-15,0.0
2019-02-19,0.0
2019-02-20,0.0
2019-02-21,0.0
2019-02-22,0.0
2019-02-25,0.0
2019-02-26,0.0
2019-02-27,0.0
2019-02-28,0.0
2019-03-01,0.0
2019-03-04,0.0
2019-03-05,0.0
2019-03-06,0.0
2019-03-07,0.0
2019-03-08,0.0
2019-03-11,0.0
2019-03-12,0.0
2019-03-13,0.0
2019-03-14,0.0
2019-03-15,0.0
2019-03-18,0.0
2019-03-19,0.0
2019-03-20,0.0
2019-03-21,0.0
2019-03-22,0.0
2019-03-25,0.0
2019-03-26,0.0
2019-03-27,0.0
2019-03-28,0.0
2019-03-29,0.0
2019-04-01,0.0
2019-04-02,0.0
2019-04-03,0.0
2019-04-04,0.0
2019-04-05,0.0
2019-04-08,0.0
2019-04-09,0.0
2019-04-10,0.0
2019-04-11,0.0
2019-04-12,0.0
2019-04-15,0.0
2019-04-16,0.0
2019-04-17,0.0
2019-04-18,0.0
2019-04-22,0.0
2019-04-23,0.0
2019-04-24,0.0
2019-04-25,0.0
2019-04-26,0.0
2019-04-29,0.0
2019-04-30,0.0
2019-05-01,0.0
2019-05-02,0.0
2019-05-03,0.0
2019-05-06,0.0
2019-05-07,0.0
2019-05-08,0.0
2019-05-09,0.0
2019-05-10,0.0
2019-05-13,0.0
2019-05-14,0.0
2019-05-15,0.0
2019-05-16,0.0
2019-05-17,0.0
2019-05-20,0.0
2019-05-21,0.0
2019-05-22,0.0
2019-05-23,0.0
2019-05-24,0.0
2019-05-28,0.0
2019-05-29,0.0
2019-05-30,0.0
2019-05-31,0.0
2019-06-03,0.0
2019-06-04,0.0
2019-06-05,0.0
2019-06-06,0.0
2019-06-07,0.0
2019-06-10,0.0
2019-06-11,0.0
2019-06-12,0.0
2019-06-13,0.0
2019-06-14,0.0
2019-06-17,0.0
2019-06-18,0.0
2019-06-19,0.0
2019-06-20,0.0
2019-06-21,0.0
2019-06-24,0.0
2019-06-25,0.0
2019-06-26,0.0
2019-06-27,0.0
2019-06-28,0.0
2019-07-01,0.0
2019-07-02,0.0
2019-07-03,0.0
2019-07-05,0.0
2019-07-08,0.0
2019-07-09,0.0
2019-07-10,0.0
2019-07-11,0.0
2019-07-12,0.0
2019-07-15,0.0
2019-07-16,0.0
2019-07-17,0.0
2019-07-18,0.0
2019-07-19,0.0
2019-07-22,0.0
2019-07-23,0.0
2019-07-24,0.0
2019-07-25,0.0
2019-07-26,0.0
2019-07-29,0.0
2019-07-30,0.0
2019-07-31,0.0
2019-08-01,0.0
2019-08-02,0.0
2019-08-05,0.0
2019-08-06,0.0
2019-08-07,0.0
2019-08-08,0.0
2019-08-09,0.0
2019-08-12,0.0
2019-08-13,0.0
2019-08-14,0.0
2019-08-15,0.0
2019-08-16,0.0
2019-08-19,0.0
2019-08-20,0.0
2019-08-21,0.0
2019-08-22,0.0
2019-08-23,0.0
2019-08-26,0.0
2019-08-27,0.0
2019-08-28,0.0
2019-08-29,0.0
2019-08-30,0.0
2019-09-03,0.0
2019-09-04,0.0
2019-09-05,0.0
2019-09-06,0.0
2019-09-09,0.0
2019-09-10,0.0
2019-09-11,0.0
2019-09-12,0.0
2019-09-13,0.0
2019-09-16,0.0
2019-09-17,0.0
2019-09-18,0.0
2019-09-19,0.0
2019-09-20,0.0
2019-09-23,0.0
2019-09-24,0.0
2019-09-25,0.0
2019-09-26,0.0
2019-09-27,0.0
2019-09-30,0.0
2019-10-01,0.0
2019-10-02,0.0
2019-10-03,0.16738898616139888
2019-10-04,0.1697168046036849
2019-10-07,0.16933764209277258
2019-10-08,0.16888693658072698
2019-10-09,0.1686020283835561
2019-10-10,0.16819807389978528
2019-10-11,0.16741280532503036
2019-10-14,0.16850701557178968
2019-10-15,0.17028489979496364
2019-10-16,0.337861548531476
2019-10-17,0.33867508040486405
2019-10-18,0.33854457323709136
2019-10-21,0.33934224313164557
2019-10-22,0.3396386375832088
2019-10-23,0.34137914211095005
2019-10-24,0.3413586565433442
2019-10-25,0.34229855405679843
2019-10-28,0.34106488997438195
2019-10-29,0.33947538490009144
2019-10-30,0.3410076332657638
2019-10-31,0.3386364034830256
2019-11-01,0.3428252887038133
2019-11-04,0.3416823401053552
2019-11-05,0.34134005775774334
2019-11-06,0.34463433665248466
2019-11-07,0.511232306910951
2019-11-08,0.5072731369062696
2019-11-11,0.508273439741884
2019-11-12,0.5065827114436299
2019-11-13,0.5076170538329946
2019-11-14,0.33847437977080086
2019-11-15,0.3406257509381445
2019-11-18,0.34121878666843103
2019-11-19,0.3412871452312477
2019-11-20,0.34206904890584994
2019-11-21,0.340197015432247
2019-11-22,0.3407479148881356
2019-11-25,0.34270758320313566
2019-11-26,0.3411386960342302
2019-11-27,0.157905478577336
2019-11-29,0.15750585574451154
2019-12-02,0.156023947548168
2019-12-03,0.15658528225613777
2019-12-04,0.15848425875602232
2019-12-05,0.16003703739903194
2019-12-06,0.15938079248414624
2019-12-09,0.15834462605129998
2019-12-10,0.15678557802110743
2019-12-11,0.1570458203352475
2019-12-12,0.15995754713712768
2019-12-13,0.15924145716924593
2019-12-16,0.16067241832829982
2019-12-17,0.15969909984811861
2019-12-18,0.1597189860546311
2019-12-19,0.16168307226582146
2019-12-20,0.0
2019-12-23,0.0
2019-12-24,0.0
2019-12-26,0.0
2019-12-27,0.0
2019-12-30,0.0
2019-12-31,0.0
2020-01-02,0.0
2020-01-03,0.0
2020-01-06,0.0
2020-01-07,0.0
2020-01-08,0.0
2020-01-09,0.0
2020-01-10,0.0
2020-01-13,0.0
2020-01-14,0.0
2020-01-15,0.0
2020-01-16,0.0
2020-01-17,0.0
2020-01-21,0.0
2020-01-22,0.0
2020-01-23,0.0
2020-01-24,0.0
2020-01-27,0.0
2020-01-28,0.0
2020-01-29,0.1662126832492564
2020-01-30,0.1660246232916353
2020-01-31,0.15984012105140064
2020-02-03,0.15947551259287257
2020-02-04,0.16386441506213487
2020-02-05,0.1649802037938612
2020-02-06,0.16658854883609275
2020-02-07,0.16437976478384278
2020-02-10,0.16503162984607728
2020-02-11,0.1641908769976315
2020-02-12,0.1674415298162226
2020-02-13,0.16645190965601353
2020-02-14,0.16648607365127718
2020-02-18,0.16393316508238662
2020-02-19,0.16592200937226534
2020-02-20,0.16449992165729407
2020-02-21,0.16136457023695197
2020-02-24,0.15489983957299164
2020-02-25,0.15043381550615895
2020-02-26,0.1524520029829446
2020-02-27,0.1439249457778997
2020-02-28,0.1438528656785226
2020-03-02,0.1551631496184433
2020-03-03,0.15098357171315321
2020-03-04,0.15689688922727055
2020-03-05,0.15257561435729872
2020-03-06,0.1508594954150916
2020-03-09,0.14059665054438097
2020-03-10,0.14920760496922766
2020-03-11,0.14478896123773605
2020-03-12,0.0
2020-03-13,0.0
2020-03-16,0.0
2020-03-17,0.0
2020-03-18,0.0
2020-03-19,0.0
2020-03-20,0.0
2020-03-23,0.0
2020-03-24,0.0
2020-03-25,0.0
2020-03-26,0.0
2020-03-27,0.0
2020-03-30,0.0
2020-03-31,0.0
2020-04-01,0.0
2020-04-02,0.0
2020-04-03,0.0
2020-04-06,0.0
2020-04-07,0.0
2020-04-08,0.0
2020-04-09,0.0
2020-04-13,0.0
2020-04-14,0.0
2020-04-15,0.0
2020-04-16,0.0
2020-04-17,0.0
2020-04-20,0.0
2020-04-21,0.0
2020-04-22,0.0
2020-04-23,0.0
2020-04-24,0.0
2020-04-27,0.0
2020-04-28,0.0
2020-04-29,0.0
2020-04-30,0.0
2020-05-01,0.0
2020-05-04,0.0
2020-05-05,0.0
2020-05-06,0.16160791690321624
2020-05-07,0.1636568170826831
2020-05-08,0.16929416449943385
2020-05-11,0.16357235016494157
2020-05-12,0.48757389289083053
2020-05-13,0.48337348215727866
2020-05-14,0.48446963472179155
2020-05-15,0.4860841425792485
2020-05-18,0.5006369705687818
2020-05-19,0.496424397982011
2020-05-20,0.4983854554935993
2020-05-21,0.5006349253930147
2020-05-22,0.5043375875137304
2020-05-26,0.5118201029248591
2020-05-27,0.5141968943311063
2020-05-28,0.5157017517099324
2020-05-29,0.5178782076779579
2020-06-01,0.5178417783914219
2020-06-02,0.5215696315899888
2020-06-03,0.5267949413515945
2020-06-04,0.5279462568546252
2020-06-05,0.5374702053629
2020-06-08,0.5345685967488798
2020-06-09,0.5285579311100632
2020-06-10,0.519747252197786
2020-06-11,0.5052898880093664
2020-06-12,0.5119805671811583
2020-06-15,0.5164349050922922
2020-06-16,0.5193985029893435
2020-06-17,0.5184418073914732
2020-06-18,0.3412991974015769
2020-06-19,0.34302304710981457
2020-06-22,0.34257658929470364
2020-06-23,0.3415588920766894
2020-06-24,0.0
2020-06-25,0.0
2020-06-26,0.0
2020-06-29,0.0
2020-06-30,0.0
2020-07-01,0.0
2020-07-02,0.0
2020-07-06,0.0
2020-07-07,0.0
2020-07-08,0.0
2020-07-09,0.0
2020-07-10,0.0
2020-07-13,0.0
2020-07-14,0.0
2020-07-15,0.0
2020-07-16,0.0
2020-07-17,0.0
2020-07-20,0.0
2020-07-21,0.0
2020-07-22,0.0
2020-07-23,0.0
2020-07-24,0.0
2020-07-27,0.0
2020-07-28,0.0
2020-07-29,0.0
2020-07-30,0.5048661013655742
2020-07-31,0.8372317439803088
2020-08-03,0.8387690429045324
2020-08-04,1.0048811632109627
2020-08-05,1.004793838512339
2020-08-06,1.1741581541447126
2020-08-07,1.1739000269291557
2020-08-10,1.1709864374011543
2020-08-11,1.1670248703664878
2020-08-12,1.1648671836351288
2020-08-13,1.1670562358398617
2020-08-14,1.166493061815465
2020-08-17,1.1673648573721256
2020-08-18,1.1677527150902014
2020-08-19,1.1680236011525278
2020-08-20,1.1694119706381607
2020-08-21,1.1683816537788732
2020-08-24,1.166633975733773
2020-08-25,1.1662233454328268
2020-08-26,1.165161724999948
2020-08-27,1.165423394898764
2020-08-28,1.1633393394546672
2020-08-31,1.1664511316711845
2020-09-01,1.1638383918950257
2020-09-02,1.1603425742362838
2020-09-03,1.167114651570139
2020-09-04,1.167433593912954
2020-09-08,1.1704127841044918
2020-09-09,1.167578247621625
2020-09-10,1.16943207599192
2020-09-11,0.6684235373431539
2020-09-14,0.334901217020822
2020-09-15,0.338379906411066
2020-09-16,0.17342709876507087
2020-09-17,0.17514001617385738
2020-09-18,0.0
2020-09-21,0.0
2020-09-22,0.0
2020-09-23,0.0
2020-09-24,0.0
2020-09-25,0.0
2020-09-28,0.0
2020-09-29,0.0
2020-09-30,0.0
2020-10-01,0.0
2020-10-02,0.0
2020-10-05,0.0
2020-10-06,0.0
2020-10-07,0.0
2020-10-08,0.0
2020-10-09,0.0
2020-10-12,0.0
2020-10-13,0.0
2020-10-14,0.0
2020-10-15,0.0
2020-10-16,0.0
2020-10-19,0.0
2020-10-20,0.0
2020-10-21,0.16595485782634897
2020-10-22,0.16790032818725872
2020-10-23,0.16713444862863522
2020-10-26,0.16563598286681788
2020-10-27,0.16125978054998147
2020-10-28,0.15880654394491567
2020-10-29,0.3340603674027882
2020-10-30,0.33190377960029704
2020-11-02,0.33690195291651687
2020-11-03,0.3442451393172232
2020-11-04,0.3441051802684539
2020-11-05,0.5105330664047808
2020-11-06,0.6831727276678492
2020-11-09,0.6777525856621414
2020-11-10,0.6759554634865631
2020-11-11,0.6821467934250774
2020-11-12,0.6798301805035556
2020-11-13,0.849746222656951
2020-11-16,0.8523515751112801
2020-11-17,0.8569391440150407
2020-11-18,0.8555920386435748
2020-11-19,0.8588192844871944
2020-11-20,0.8579954364250922
2020-11-23,0.8627412297129037
2020-11-24,0.8674513490897139
2020-11-25,0.8743552134379814
2020-11-27,0.8732487679470665
2020-11-30,0.873446499018613
2020-12-01,0.872368488600602
2020-12-02,0.8676168459020667
2020-12-03,0.7259417591779435
2020-12-04,0.7290474355204272
2020-12-07,0.7427801463497902
2020-12-08,0.742310252870257
2020-12-09,0.7356433788793438
2020-12-10,0.7385912344167325
2020-12-11,0.5538833664542615
2020-12-14,0.5545653538878355
2020-12-15,0.5529126198868443
2020-12-16,0.5518859308300315
2020-12-17,0.5574427206259973
2020-12-18,0.4172051346379453
2020-12-21,0.2612686504204553
2020-12-22,0.2580730749798031
2020-12-23,0.2624852098347131
2020-12-24,0.25608750802356656
2020-12-28,0.241243063817327
2020-12-29,0.0
2020-12-30,0.0
2020-12-31,0.0
2021-01-04,0.0
2021-01-05,0.0
2021-01-06,0.0
2021-01-07,0.0
2021-01-08,0.0
2021-01-11,0.0
2021-01-12,0.0
2021-01-13,0.0
2021-01-14,0.0
2021-01-15,0.0
2021-01-19,0.0
2021-01-20,0.0
2021-01-21,0.0
2021-01-22,0.0
2021-01-25,0.0
2021-01-26,0.0
2021-01-27,0.0
2021-01-28,0.0
2021-01-29,0.0
2021-02-01,0.0
2021-02-02,0.0
2021-02-03,0.0
2021-02-04,0.0
2021-02-05,0.0
2021-02-08,0.0
2021-02-09,0.0
2021-02-10,0.0
2021-02-11,0.0
2021-02-12,0.0
2021-02-16,0.0
2021-02-17,0.0
2021-02-18,0.0
2021-02-19,0.0
2021-02-22,0.0
2021-02-23,0.0
2021-02-24,0.0
2021-02-25,0.0
2021-02-26,0.0
2021-03-01,0.0
2021-03-02,0.0
2021-03-03,0.0
2021-03-04,0.0
2021-03-05,0.0
2021-03-08,0.0
2021-03-09,0.0
2021-03-10,0.0
2021-03-11,0.0
2021-03-12,0.0
2021-03-15,0.0
2021-03-16,0.0
2021-03-17,0.0
2021-03-18,0.0
2021-03-19,0.0
2021-03-22,0.0
2021-03-23,0.0
2021-03-24,0.0
2021-03-25,0.0
2021-03-26,0.0
2021-03-29,0.0
2021-03-30,0.0
2021-03-31,0.0
2021-04-01,0.0
2021-04-05,0.0
2021-04-06,0.0
2021-04-07,0.0
2021-04-08,0.0
2021-04-09,0.0
2021-04-12,0.0
2021-04-13,0.0
2021-04-14,0.0
2021-04-15,0.0
2021-04-16,0.0
2021-04-19,0.0
2021-04-20,0.0
2021-04-21,0.0
2021-04-22,0.0
2021-04-23,0.0
2021-04-26,0.0
2021-04-27,0.17062618216840508
2021-04-28,0.3369900632217376
2021-04-29,0.5063081358791226
2021-04-30,1.0049171764203808
2021-05-03,1.0048988777019703
2021-05-04,1.0048823799797733
2021-05-05,1.1703852261423917
2021-05-06,1.4980664293890547
2021-05-07,1.8128637468423314
2021-05-10,1.8289386588414613
2021-05-11,1.9801031769200022
2021-05-12,2.0402707758173175
2021-05-13,2.0087949843753257
2021-05-14,1.9684549903735251
2021-05-17,1.9773993321579875
2021-05-18,2.0013957944448357
2021-05-19,1.999291586346514
2021-05-20,1.9602706910350711
2021-05-21,1.9949124225709374
2021-05-24,1.9669163957708695
2021-05-25,1.9644446538598208
2021-05-26,1.9534274420837525
2021-05-27,1.947242978918625
2021-05-28,1.9413483651759578
2021-06-01,1.940335282479665
2021-06-02,1.9342240878741537
2021-06-03,1.9403823553930126
2021-06-04,1.918913713327375
2021-06-07,1.9112565797285397
2021-06-08,1.8978196155661842
2021-06-09,1.7573859238476963
2021-06-10,1.6002365052373444
2021-06-11,1.445667768484612
2021-06-14,0.9926646861189257
2021-06-15,0.9926367267920134
2021-06-16,0.9926071908838434
2021-06-17,0.8376863059383491
2021-06-18,0.6897415283921007
2021-06-21,0.37638272786409627
2021-06-22,0.38394698338154903
2021-06-23,0.19174235640990542
2021-06-24,0.1931120751204487
2021-06-25,0.19311255720288187
2021-06-28,0.19597491383795634
2021-06-29,0.19656835282376625
2021-06-30,0.19546600725397237
2021-07-01,0.1945619502978043
2021-07-02,0.19651792471044952
2021-07-06,0.1707679611152026
2021-07-07,0.17286691948295682
2021-07-08,0.172909403905471
2021-07-09,0.1725670442028883
2021-07-12,0.17155010202637377
2021-07-13,0.1726874926822103
2021-07-14,0.1735885616090363
2021-07-15,0.1729613233843186
2021-07-16,0.17294480425720618
2021-07-19,0.33486810038586073
2021-07-20,0.3403969544328521
2021-07-21,0.5144165870348048
2021-07-22,0.5177575746061049
2021-07-23,0.685325343318005
2021-07-26,0.684449623285922
2021-07-27,0.6848825580231711
2021-07-28,1.0174909949803534
2021-07-29,1.3448716368635434
2021-07-30,1.502625475086224
2021-08-02,1.5009322065517192
2021-08-03,1.4867805262833906
2021-08-04,1.4856129575498638
2021-08-05,1.6389637386471914
2021-08-06,1.8024714153043682
2021-08-09,1.8047197245923479
2021-08-10,1.8025739516803891
2021-08-11,1.798784590090285
2021-08-12,1.7954566107065058
2021-08-13,1.9515963598773598
2021-08-16,1.9498850567042554
2021-08-17,1.9660468541233762
2021-08-18,1.9831226199750613
2021-08-19,1.9868327076538923
2021-08-20,1.9668009493674083
2021-08-23,1.953357540922511
2021-08-24,1.9262619377166748
2021-08-25,1.9162278879591088
2021-08-26,2.025092620359687
2021-08-27,2.0053698191478353
2021-08-30,1.838849845259652
2021-08-31,1.841866465163309
2021-09-01,1.6759268916182175
2021-09-02,1.6683327461345132
2021-09-03,1.509773686184545
2021-09-07,1.5086147252698685
2021-09-08,1.5083544964444782
2021-09-09,1.2075361171078063
2021-09-10,0.8942526164264837
2021-09-13,0.7315676540004981
2021-09-14,0.5849360842813477
2021-09-15,0.5876178961397661
2021-09-16,0.5864162422628282
2021-09-17,0.4271417952086144
2021-09-20,0.2632130350543655
2021-09-21,0.2684812846723684
2021-09-22,0.4340814599484469
2021-09-23,0.43868929475046853
2021-09-24,0.6047619463021742
2021-09-27,0.42032639557655704
2021-09-28,0.4144382940849347
2021-09-29,0.4127922967533005
2021-09-30,0.41062699241108647
2021-10-01,0.41393625922059557
2021-10-04,0.40976230701630334
2021-10-05,0.4145709730013188
2021-10-06,0.4144772542564744
2021-10-07,0.41486025554589273
2021-10-08,0.32053130775151095
2021-10-11,0.3192120244648652
2021-10-12,0.32034272534800934
2021-10-13,0.3223449119306544
2021-10-14,0.3270707448812697
2021-10-15,0.32877825838306945
2021-10-18,0.32868445006184877
2021-10-19,0.331460774884916
2021-10-20,0.331108621975642
2021-10-21,0.33226115087213476
2021-10-22,0.3344851157873284
2021-10-25,0.5027705711388663
2021-10-26,0.502576351090244
2021-10-27,0.5011034450672937
2021-10-28,0.5032975686662284
2021-10-29,0.6714926824715073
2021-11-01,0.8391493149402067
2021-11-02,0.8413467859481061
2021-11-03,0.8467668757507528
2021-11-04,0.8480007980617693
2021-11-05,1.1762495713502117
2021-11-08,1.1759764952647416
2021-11-09,1.1763704596242783
2021-11-10,1.1792084182519127
2021-11-11,1.1767261556929594
2021-11-12,1.1722018416281133
2021-11-15,1.1735996200132475
2021-11-16,1.1731602069813294
2021-11-17,1.1757636546154344
2021-11-18,1.17484529767683
2021-11-19,1.1785138537710231
2021-11-22,1.1794137772966744
2021-11-23,1.1762169043886181
2021-11-24,1.1761224467626952
2021-11-26,1.182476001217081
2021-11-29,1.1781571205168675
2021-11-30,1.182994286672218
2021-12-01,1.1812415535389695
2021-12-02,1.1770512307477836
2021-12-03,1.1782383735350388
2021-12-06,1.1741732475625737
2021-12-07,0.9855564079201854
2021-12-08,0.9856163264488637
2021-12-09,0.985623481171596
2021-12-10,0.9857496001340008
2021-12-13,0.8058284515063491
2021-12-14,0.634922460211012
2021-12-15,0.6365657582348374
2021-12-16,0.4525224548628802
2021-12-17,0.4518228672947594
2021-12-20,0.0
2021-12-21,0.0
2021-12-22,0.0
2021-12-23,0.16634389486808143
2021-12-27,0.1677876286738421
2021-12-28,0.16800375755973684
2021-12-29,0.16957502887917147
2021-12-30,0.1686206505505285
2021-12-31,0.16867201700905282
2022-01-03,0.16662271899025652
2022-01-04,0.1663542250144723
2022-01-05,0.16370132479797853
2022-01-06,0.16277506768498032
2022-01-07,0.1607279681351783
2022-01-10,0.15835507551141395
2022-01-11,0.1606546722733633
2022-01-12,0.16014124255850726
2022-01-13,0.15840771827066624
2022-01-14,0.1566881654102219
2022-01-18,0.15460053132367976
2022-01-19,0.1527266755584381
2022-01-20,0.15242779596905187
2022-01-21,0.14994322956255604
2022-01-24,0.15146568179155162
2022-01-25,0.3253014131278669
2022-01-26,0.48807546507457483
2022-01-27,0.4871813324303167
2022-01-28,0.8230696964653248
2022-01-31,0.8239526615723535
2022-02-01,0.825739903315235
2022-02-02,0.8279137343515932
2022-02-03,0.9942458801001282
2022-02-04,0.994279637450522
2022-02-07,0.8515001056047747
2022-02-08,0.8526400259996006
2022-02-09,0.8550320192114268
2022-02-10,0.8536639039250268
2022-02-11,0.8537739077715769
2022-02-14,0.8520617763107985
2022-02-15,0.8541923614955319
2022-02-16,0.855734521785436
2022-02-17,0.8543076051389648
2022-02-18,0.8531522413805908
2022-02-22,0.851453996471808
2022-02-23,1.190323517736323
2022-02-24,1.3422963255394769
2022-02-25,1.6513205888550384
2022-02-28,1.647432378067255
2022-03-01,1.6661549292223456
2022-03-02,1.646212056184685
2022-03-03,1.6545923139580812
2022-03-04,1.6580219962187406
2022-03-07,1.6776249261442089
2022-03-08,1.6914917503812017
2022-03-09,1.4756910165229797
2022-03-10,1.308834531672061
2022-03-11,1.311665349827594
2022-03-14,0.9978972897998827
2022-03-15,0.9979239174157348
2022-03-16,0.998010124598565
2022-03-17,0.9980384359593015
2022-03-18,0.8398531230779716
2022-03-21,0.8389842945150253
2022-03-22,0.842434212578995
2022-03-23,0.8404076071565088
2022-03-24,0.8432774452217511
2022-03-25,0.841170239104852
2022-03-28,0.843665902591673
2022-03-29,0.8468441568695859
2022-03-30,0.8455428749777679
2022-03-31,1.0120419691244422
2022-04-01,1.0119086466290883
2022-04-04,1.0119123245087476
2022-04-05,1.012127485629401
2022-04-06,0.6747920117889563
2022-04-07,0.5032721722149783
2022-04-08,0.17095793896350284
2022-04-11,0.16845747913838122
2022-04-12,0.16820148183949135
2022-04-13,0.16953094931464505
2022-04-14,0.1683038996713351
2022-04-18,0.1673401751715093
2022-04-19,0.16909167299792777
2022-04-20,0.17130375380142476
2022-04-21,0.16996976141234812
2022-04-22,0.16279926765253427
2022-04-25,0.16373211439333585
2022-04-26,0.16088562274036045
2022-04-27,0.33188679635932616
2022-04-28,0.5026516046681936
2022-04-29,0.8306529886549099
2022-05-02,0.8317582989645484
2022-05-03,0.8343746385799248
2022-05-04,1.1609119899381577
2022-05-05,1.1702936211110186
2022-05-06,1.1721416084083456
2022-05-09,1.1836315648222304
2022-05-10,1.1841299672819305
2022-05-11,1.1875541307565898
2022-05-12,1.1859944250778474
2022-05-13,1.0220550616866941
2022-05-16,1.0222094559624255
2022-05-17,1.0214906090138118
2022-05-18,1.0224191497496977
2022-05-19,1.0223726356300147
2022-05-20,1.022508934635542
2022-05-23,1.0222830557399865
2022-05-24,1.02252145334364
2022-05-25,1.0220905153793243
2022-05-26,1.0216212594014809
2022-05-27,1.0209348703060044
2022-05-31,1.0211670303657314
2022-06-01,1.021523050809285
2022-06-02,1.1838954256152816
2022-06-03,1.1868451076497148
2022-06-06,1.1859344715789397
2022-06-07,1.182457204662072
2022-06-08,1.186455531968923
2022-06-09,0.9566915222385852
2022-06-10,0.7992841313614388
2022-06-13,0.46377996222315193
2022-06-14,0.4635736336417058
2022-06-15,0.46962076144290854
2022-06-16,0.16397589078700447
2022-06-17,0.1649926849424967
2022-06-21,0.1665885918051979
2022-06-22,0.1670188713500726
2022-06-23,0.16734128955263533
2022-06-24,0.1715313979301144
2022-06-27,0.17250868787339066
2022-06-28,0.16903524827845548
2022-06-29,0.168435646932836
2022-06-30,0.16817840995428265
2022-07-01,0.3309792648457809
2022-07-05,0.33981990943226076
2022-07-06,0.33962432451446933
2022-07-07,0.3450712720859715
2022-07-08,0.34606829024834207
2022-07-11,0.34232067627978874
2022-07-12,0.3449535924141922
2022-07-13,0.3442593879124063
2022-07-14,0.34640619138932766
2022-07-15,0.3523064840351565
2022-07-18,0.18436070777762248
2022-07-19,0.1891827350307851
2022-07-20,0.19138910839687875
2022-07-21,0.19221950542904856
2022-07-22,0.186444902626209
2022-07-25,0.3522201826117089
2022-07-26,0.34951693320140054
2022-07-27,0.5250488987057482
2022-07-28,1.023868047165874
2022-07-29,1.0236463791560928
2022-08-01,1.0237266333023616
2022-08-02,1.0238347160031638
2022-08-03,1.0236481191973077
2022-08-04,1.190522816540265
2022-08-05,1.1909880847389658
2022-08-08,1.1897017211406842
2022-08-09,1.1912248290124754
2022-08-10,1.1866952155096775
2022-08-11,1.185266851090839
2022-08-12,1.1817355295056786
2022-08-15,1.00104340971556
2022-08-16,1.0010388707171665
2022-08-17,1.1690570735087609
2022-08-18,1.3346181078452968
2022-08-19,1.3398712242746198
2022-08-22,1.346525622879414
2022-08-23,1.3453860788455752
2022-08-24,1.3439051159879642
2022-08-25,1.3391063871870643
2022-08-26,1.349939012249776
2022-08-29,1.3507182754698266
2022-08-30,1.3569044958535286
2022-08-31,1.3598246061358208
2022-09-01,1.359909649515141
2022-09-02,1.361145622574311
2022-09-06,1.1890093223924345
2022-09-07,1.183271436050465
2022-09-08,0.9932151530835615
2022-09-09,0.5050309638661019
2022-09-12,0.5030959685882977
2022-09-13,0.49580244215427455
2022-09-14,0.49489318117744907
2022-09-15,0.4941734170415689
2022-09-16,0.30217717984597686
2022-09-19,0.3041596080525681
2022-09-20,0.3016138587240121
2022-09-21,0.2998628004853242
2022-09-22,0.29705071702194746
2022-09-23,0.4615950255401859
2022-09-26,0.4599073130510711
2022-09-27,0.4608830662709696
2022-09-28,0.46393648344606125
2022-09-29,0.30537590407617315
2022-09-30,0.16942979781789788
2022-10-03,0.17223748460740537
2022-10-04,0.17716507848435417
2022-10-05,0.1776790917847318
2022-10-06,0.1761074362983408
2022-10-07,0.17417873275593077
2022-10-10,0.173862203404512
2022-10-11,0.17453323571716653
2022-10-12,0.1699745932669296
2022-10-13,0.17256573190034505
2022-10-14,0.3314166279146192
2022-10-17,0.3385048103047283
2022-10-18,0.34141913398508544
2022-10-19,0.5039044173817647
2022-10-20,0.5020368569912851
2022-10-21,0.6732430215290189
2022-10-24,0.676617099691151
2022-10-25,0.6852939356656679
2022-10-26,0.8520191881323302
2022-10-27,1.1826964639371005
2022-10-28,1.3384533486860741
2022-10-31,1.3405733441991083
2022-11-01,1.3385247850025956
2022-11-02,1.3500793729809861
2022-11-03,1.3500752146412405
2022-11-04,1.1838806713864731
2022-11-07,1.1795982247748709
2022-11-08,1.1782328015431303
2022-11-09,1.5171706015132078
2022-11-10,1.4732423620511756
2022-11-11,1.4674198822528093
2022-11-14,1.476456642933454
2022-11-15,1.470338151304951
2022-11-16,1.473583496168055
2022-11-17,1.4781825273935012
2022-11-18,1.648402608334694
2022-11-21,1.6373585771785948
2022-11-22,1.6285183380761914
2022-11-23,1.62301126506304
2022-11-25,1.6204586004129133
2022-11-28,1.4642892565455499
2022-11-29,1.466967983677022
2022-11-30,1.6084368428437272
2022-12-01,1.428342796278638
2022-12-02,1.4295855342587647
2022-12-05,1.2913312625736582
2022-12-06,1.3018404042574154
2022-12-07,1.302749958751478
2022-12-08,1.14809150368357
2022-12-09,0.8299106238759061
2022-12-12,0.6558717287314856
2022-12-13,0.6575267158576449
2022-12-14,0.657699557409805
2022-12-15,0.6492306949067955
2022-12-16,0.6459584259546136
2022-12-19,0.6405701226507788
2022-12-20,0.6432289541376774
2022-12-21,0.6423243664760758
2022-12-22,0.6406196365485276
2022-12-23,0.6388972544260055
2022-12-27,0.636555110944269
2022-12-28,0.6343242144606045
2022-12-29,0.6418877916982781
2022-12-30,0.6412034756816298
2023-01-03,0.6386304431279846
2023-01-04,0.5014063638164453
2023-01-05,0.4940592160178693
2023-01-06,0.49803812703537886
2023-01-09,0.5020804603125515
2023-01-10,0.5041129877996411
2023-01-11,0.5085046066253458
2023-01-12,0.5119154787757829
2023-01-13,0.3635302352844215
2023-01-17,0.36715635354379594
2023-01-18,0.5285765804319539
2023-01-19,0.5218027253109435
2023-01-20,0.5266968801845615
2023-01-23,0.5302568115467142
2023-01-24,0.5292533268216277
2023-01-25,0.5302431406798137
2023-01-26,0.528936641224068
2023-01-27,0.5304953927320124
2023-01-30,0.5269949252370358
2023-01-31,0.5321280099935487
2023-02-01,0.5393924108466648
2023-02-02,0.5439951170417667
2023-02-03,0.5445343305061414
2023-02-06,0.5449091561437776
2023-02-07,0.17111589048978884
2023-02-08,0.33604533703773803
2023-02-09,0.33271209257193635
2023-02-10,0.49947217813695216
2023-02-13,0.5015004003001664
2023-02-14,0.6711435636611119
2023-02-15,0.6744118104469045
2023-02-16,0.6696880295590033
2023-02-17,0.6677769261852103
2023-02-21,0.6657923325026672
2023-02-22,0.6659605274101726
2023-02-23,0.6675728136135356
2023-02-24,0.8337298389179635
2023-02-27,0.8338179112685082
2023-02-28,0.8327228628904662
2023-03-01,0.9993455894531835
2023-03-02,0.8246788920988559
2023-03-03,0.8286303751416974
2023-03-06,0.829948220274639
2023-03-07,0.8288141871806961
2023-03-08,0.8304617602587981
2023-03-09,0.8273090851951865
2023-03-10,0.8254273369136439
2023-03-13,0.8250341018075942
2023-03-14,0.8280887953335131
2023-03-15,0.8264752790795927
2023-03-16,0.9930681033791715
2023-03-17,0.9929902797924203
2023-03-20,0.9930757633008309
2023-03-21,0.9931617441522307
2023-03-22,0.9930022695185826
2023-03-23,0.8273574435694683
2023-03-24,0.8278876011240515
2023-03-27,0.6894465208883679
2023-03-28,0.6890667292630124
2023-03-29,0.5260567322748251
2023-03-30,0.5260554913130511
2023-03-31,0.5291636740912584
2023-04-03,0.5242795330917146
2023-04-04,0.5249793505645184
2023-04-05,0.5238152555480661
2023-04-06,0.5250286612142995
2023-04-10,0.3565773300867682
2023-04-11,0.35392754220575984
2023-04-12,0.35236457930858267
2023-04-13,0.17566526631439397
2023-04-14,0.1758869280475235
2023-04-17,0.17532872416186784
2023-04-18,0.17518714141186156
2023-04-19,0.1761657467082416
2023-04-20,0.17622301484945468
2023-04-21,0.17523306546798922
2023-04-24,0.17510676200635192
2023-04-25,0.1721293821627493
2023-04-26,0.33502580071068944
2023-04-27,0.33978131779433784
2023-04-28,0.16786442008375835
2023-05-01,0.1656876294222032
2023-05-02,0.3331772007954944
2023-05-03,0.49732186296520814
2023-05-04,0.49105460005223794
2023-05-05,0.9911654902814385
2023-05-08,0.9912379874716535
2023-05-09,0.9912602183784663
2023-05-10,0.9913812207209993
2023-05-11,0.9912324630830783
2023-05-12,0.991126429175023
2023-05-15,0.9913511819600234
2023-05-16,0.9912022938156554
2023-05-17,0.9914536811541281
2023-05-18,0.9915437453262756
2023-05-19,0.9914590982586929
2023-05-22,0.9915833809186612
2023-05-23,0.9914160875637971
2023-05-24,1.1587591070790775
2023-05-25,1.158670180663162
2023-05-26,1.323975531604449
2023-05-30,1.3195663240353597
2023-05-31,1.3185904711917749
2023-06-01,1.3115110005738566
2023-06-02,1.3047805764970284
2023-06-05,1.301369246768187
2023-06-06,1.3061429743371236
2023-06-07,1.3084394209473198
2023-06-08,1.140544110476585
2023-06-09,1.1409494986521012
2023-06-12,1.1369764863580536
2023-06-13,1.1327527787807175
2023-06-14,0.9459165941882509
2023-06-15,0.7956486547580038
2023-06-16,0.7951621968017918
2023-06-20,0.32911893353224114
2023-06-21,0.3258583873568138
2023-06-22,0.33030664846054436
2023-06-23,0.32546088701895026
2023-06-26,0.3247988652544074
2023-06-27,0.33157466333953206
2023-06-28,0.3322029304450438
2023-06-29,0.33210680420858124
2023-06-30,0.33242550742605204
2023-07-03,0.33156259186681497
2023-07-05,0.3332157048038058
2023-07-06,0.3296885695269033
2023-07-07,0.3270727157130854
2023-07-10,0.14814467666477174
2023-07-11,0.1510079941300048
2023-07-12,0.0
2023-07-13,0.0
2023-07-14,0.0
2023-07-17,0.0
2023-07-18,0.0
2023-07-19,0.0
2023-07-20,0.0
2023-07-21,0.0
2023-07-24,0.0
2023-07-25,0.0
2023-07-26,0.16550467724275608
2023-07-27,0.16564354694501396
2023-07-28,0.33399725644864375
2023-07-31,0.33610607169109574
2023-08-01,0.3353449496049179
2023-08-02,0.4965936907334498
2023-08-03,0.6621331379169608
2023-08-04,0.8262940866961459
2023-08-07,0.8299983425088581
2023-08-08,0.8283221455062206
2023-08-09,0.9943135015152865
2023-08-10,1.330170534497016
2023-08-11,1.3298602673489281
2023-08-14,1.3275703970794508
2023-08-15,1.331181800643904
2023-08-16,1.3339900736544374
2023-08-17,1.5143253973601125
2023-08-18,1.513796580398979
2023-08-21,1.5096836921961954
2023-08-22,1.5089472401844106
2023-08-23,1.4969581197546735
2023-08-24,1.5081247344749487
2023-08-25,1.5031475386633688
2023-08-28,1.4956030921182468
2023-08-29,1.4842560265224123
2023-08-30,1.4766842601819126
2023-08-31,1.4754189384356036
2023-09-01,1.472033100360898
2023-09-05,1.4765117319186074
2023-09-06,1.4791755356299967
2023-09-07,1.3110001394258364
2023-09-08,1.311463509020477
2023-09-11,1.1491964428431858
2023-09-12,1.1506261750090758
2023-09-13,1.1519363922621442
2023-09-14,0.9972646609166542
2023-09-15,0.8485093738042552
2023-09-18,0.689122268660811
2023-09-19,0.682810870076616
2023-09-20,0.6790758317191672
2023-09-21,0.5175352177700052
2023-09-22,0.1647587773082042
2023-09-25,0.1650604721575249
2023-09-26,0.16398815915494913
2023-09-27,0.1647156602449544
2023-09-28,0.1690054443031175
2023-09-29,0.0
2023-10-02,0.0
2023-10-03,0.0
2023-10-04,0.0
2023-10-05,0.0
2023-10-06,0.0
2023-10-09,0.0
2023-10-10,0.0
2023-10-11,0.0
2023-10-12,0.0
2023-10-13,0.0
2023-10-16,0.0
2023-10-17,0.0
2023-10-18,0.0
2023-10-19,0.0
2023-10-20,0.0
2023-10-23,0.0
2023-10-24,0.16593140607411336
2023-10-25,0.5012273803494535
2023-10-26,0.4980807320668954
2023-10-27,1.3296588597945858
2023-10-30,1.3231706423799336
2023-10-31,1.3162128969343676
2023-11-01,1.6305524551364505
2023-11-02,1.7792295151941193
2023-11-03,1.940079645703518
2023-11-06,1.9481839179724734
2023-11-07,1.9230142106949801
2023-11-08,2.009143572219727
2023-11-09,2.028888185259864
2023-11-10,1.9859781272007424
2023-11-13,1.986262687047702
2023-11-14,1.9284085084840998
2023-11-15,1.9154300868435903
2023-11-16,1.9871496635691919
2023-11-17,1.970563148606702
2023-11-20,1.9540525163687705
2023-11-21,1.9632629871217184
2023-11-22,1.9484112950099661
2023-11-24,1.9454982845188151
2023-11-27,1.9362862213827032
2023-11-28,1.9365138206129473
2023-11-29,1.9249822926895168
2023-11-30,1.919445956218722
2023-12-01,1.8999781042353157
2023-12-04,1.9082156341551206
2023-12-05,1.9150736343911225
2023-12-06,1.7962708864585828
2023-12-07,1.5088233121111077
2023-12-08,1.5049213890380617
2023-12-11,0.8137573006131282
2023-12-12,0.8142738864912388
2023-12-13,0.8156136012035009
2023-12-14,0.5165178273209646
2023-12-15,0.37366449733874824
2023-12-18,0.17037359566634028
2023-12-19,0.17036211745622773
2023-12-20,0.16689120374750355
2023-12-21,0.09497471054385616
2023-12-22,0.25974563330353195
2023-12-26,0.2582959783109901
2023-12-27,0.25705606800557823
2023-12-28,0.25744501785035345
2023-12-29,0.25643426062012403
2024-01-02,0.15329448455663236
2024-01-03,0.1461786407824965
2024-01-04,0.14997848755086643
2024-01-05,0.15359465638052158
2024-01-08,0.1537446624945139
2024-01-09,0.15396957199759168
2024-01-10,0.15695698218467075
2024-01-11,0.15509232866502204
2024-01-12,0.1508099194103503
2024-01-16,0.15133816608455786
2024-01-17,0.1500541395358234
2024-01-18,0.15321940833087613
2024-01-19,0.15359465638052158
2024-01-22,0.14838667910293016
2024-01-23,0.1454145910362281
2024-01-24,0.14411256342603634
2024-01-25,0.14709369901217154
2024-01-26,0.14219059339312146
2024-01-29,0.14770264895763893
2024-01-30,0.14709369901217154
2024-01-31,0.31298913666315586
2024-02-01,0.31604076786019286
2024-02-02,0.6497171099510534
2024-02-05,0.6476282845828244
2024-02-06,0.8155110759719931
2024-02-07,0.6763440622216566
2024-02-08,0.6760182866353328
2024-02-09,0.6791633901152129
2024-02-12,0.6779039259939049
2024-02-13,0.844040600680554
2024-02-14,1.0105426761602336
2024-02-15,1.0104557550589621
2024-02-16,1.0104122292971938
2024-02-20,1.0104258304151286
2024-02-21,1.1774250477261698
2024-02-22,1.1740295891726715
2024-02-23,1.171779443499525
2024-02-26,1.1704212505415168
2024-02-27,1.1691540228356785
2024-02-28,1.3290780049467557
2024-02-29,1.6634380133130198
2024-03-01,1.6545445279137383
2024-03-04,1.647363544084744
2024-03-05,1.6565870398964828
2024-03-06,1.6488975300719586
2024-03-07,1.6477967737421715
2024-03-08,1.6528455253941212
2024-03-11,1.6583822913955923
2024-03-12,1.6480679481269815
2024-03-13,1.6469246087494263
2024-03-14,1.4950030331739643
2024-03-15,1.4968147858878909
2024-03-18,1.1618221009122154
2024-03-19,1.1604976593069214
2024-03-20,0.996772399316473
2024-03-21,0.9967907359749643
2024-03-22,0.9967913961689886
2024-03-25,0.9967874590106043
2024-03-26,0.9967776139978877
2024-03-27,0.838350675146791
2024-03-28,0.6805447467678712
2024-04-01,0.6819178074760923
2024-04-02,0.6793901197305153
2024-04-03,0.6819566290233072
2024-04-04,0.5340608408090143
2024-04-05,0.5395363707867035
2024-04-08,0.5412011668273254
2024-04-09,0.5399948958546273
2024-04-10,0.5416381694794856
2024-04-11,0.3684300709046629
2024-04-12,0.0
2024-04-15,0.0
2024-04-16,0.0
2024-04-17,0.16627119371132942
2024-04-18,0.16654810565013287
2024-04-19,0.16716280743048928
2024-04-22,0.16935297072013691
2024-04-23,0.17189617711524272
2024-04-24,0.17203279396437332
2024-04-25,0.17007030157214345
2024-04-26,0.17048182522878333
2024-04-29,0.16938352069696372
2024-04-30,0.16743912750885276
2024-05-01,0.1685119648250199
2024-05-02,0.3361426814758196
2024-05-03,0.5042515700780436
2024-05-06,0.5090652977840097
2024-05-07,0.6773984713184424
2024-05-08,0.8452256734178587
2024-05-09,0.846616837914451
2024-05-10,0.8488234940984322
2024-05-13,0.8483135031998085
2024-05-14,0.8487668515801675
2024-05-15,0.8508964543227238
2024-05-16,0.8500996536684364
2024-05-17,0.850772236619708
2024-05-20,0.8510016081492825
2024-05-21,0.8507459587956065
2024-05-22,0.8510003230432386
2024-05-23,0.84813183188958
2024-05-24,0.8493348779477033
2024-05-28,0.8483140836463641
2024-05-29,0.8473143570708321
2024-05-30,0.6760852910452874
2024-05-31,0.6779610284518788
2024-06-03,0.6780799167978098
2024-06-04,0.679015146059019
2024-06-05,0.6824682861417101
2024-06-06,0.6815864124693869
2024-06-07,0.6822566422328216
2024-06-10,0.6832282164000779
2024-06-11,0.684260629587432
2024-06-12,0.6853929138432193
2024-06-13,0.6886870953126175
2024-06-14,0.6798011024618064
2024-06-17,0.5354569389253235
2024-06-18,0.5348991181415301
2024-06-20,0.3546622337205029
2024-06-21,0.1683622248898394
2024-06-24,0.1659219119413374
2024-06-25,0.16663679531137782
2024-06-26,0.16710568328357608
2024-06-27,0.17184379833634367
2024-06-28,0.17412281297346163
2024-07-01,0.17527827399306664
2024-07-02,0.17726110207757578
2024-07-03,0.17788743899567283
2024-07-05,0.17998282002221774
2024-07-08,0.17923186203500838
2024-07-09,0.17682672703283786
2024-07-10,0.17644852468923564
2024-07-11,0.17466346482757086
2024-07-12,0.17503039399325931
2024-07-15,0.17674699898180804
2024-07-16,0.1769604297369519
2024-07-17,0.17607255100590213
2024-07-18,0.17446177326455814
2024-07-19,0.1729459386393193
2024-07-22,0.17393639562581464
2024-07-23,0.17164853844876443
2024-07-24,0.3368799512088776
2024-07-25,0.508263660420168
2024-07-26,0.677600214247841
2024-07-29,0.6756330905735793
2024-07-30,0.5114524819911648
2024-07-31,0.8448364065579073
2024-08-01,0.8437586465933536
2024-08-02,0.8401986788145342
2024-08-05,0.8373115543490827
2024-08-06,0.8385418273493824
2024-08-07,1.0052250366008944
2024-08-08,1.326038047073393
2024-08-09,1.4916871619870269
2024-08-12,1.4918993199036412
2024-08-13,1.4842228234072539
2024-08-14,1.4784568235440922
2024-08-15,1.4710499799724504
2024-08-16,1.4717086545383866
2024-08-19,1.4668156081936563
2024-08-20,1.4744026173178426
2024-08-21,1.4722720031301237
2024-08-22,1.4747019850131773
2024-08-23,1.4679898110021485
2024-08-26,1.4689890718815755
2024-08-27,1.4688576401495816
2024-08-28,1.471550294906092
2024-08-29,1.4637845282815198
2024-08-30,1.4577917788224726
2024-09-03,1.4743471680302425
2024-09-04,1.4728039666612125
2024-09-05,1.3007142276149994
2024-09-06,1.1373818265472184
2024-09-09,0.9594327298486887
2024-09-10,1.1269635469957107
2024-09-11,1.1262520165226562
2024-09-12,0.827764165068429
2024-09-13,0.8306150703000893
2024-09-16,0.8323152065150126
2024-09-17,0.8335100851713149
2024-09-18,0.8332557571818152
2024-09-19,0.665845176313747
2024-09-20,0.3422641176254208
2024-09-23,0.17205045330371344
2024-09-24,0.17192167543286735
2024-09-25,0.17233362367928426
2024-09-26,0.17389187780109056
2024-09-27,0.174438441797174
2024-09-30,0.17585272722850187
2024-10-01,0.17308779858305273
2024-10-02,0.17355846034852127
2024-10-03,0.1728308479592506
2024-10-04,0.17624378061914034
2024-10-07,0.1754868414206618
2024-10-08,0.17921551271270714
2024-10-09,0.18250912755302764
2024-10-10,0.18009191265639357
2024-10-11,0.18039484597565736
2024-10-14,0.1806891499473846
2024-10-15,0.17897923867547139
2024-10-16,0.17955281124705605
2024-10-17,0.18031913363380517
2024-10-18,0.179485373719875
2024-10-21,0.17870059815189024
2024-10-22,0.0
2024-10-23,0.0
2024-10-24,0.33830835665279124
2024-10-25,0.6662508868758863
2024-10-28,0.6666122677945342
2024-10-29,0.6653269015233612
2024-10-30,0.9983478433265803
2024-10-31,1.4995569426110327
2024-11-01,1.4969574929747727
2024-11-04,1.4967894553468704
2024-11-05,1.4848057806274164
2024-11-06,1.4644842983835389
2024-11-07,1.4572167266381726
2024-11-08,1.4560959847715829
2024-11-11,1.4565831540500456
2024-11-12,1.4604914884011502
2024-11-13,1.4659618074994576
2024-11-14,1.4711820505975564
2024-11-15,1.4835483495025663
2024-11-18,1.4781529357676169
2024-11-19,1.4772855381620646
2024-11-20,1.4782790428859305
2024-11-21,1.4699151853355266
2024-11-22,1.464031829791651
2024-11-25,1.4563435032412668
2024-11-26,1.4504942106388365
2024-11-27,1.4535155437760188
2024-11-29,1.4504655878768917
2024-12-02,1.4437417989044097
2024-12-03,1.4461916773262073
2024-12-04,1.4411713295869812
2024-12-05,1.4455328648974304
2024-12-06,1.1138910577814582
2024-12-09,0.7806201707617468
2024-12-10,0.783956038344109
2024-12-11,0.7892502823191884
2024-12-12,0.4763836294137281
2024-12-13,0.0
