date,gross_exposure
2017-01-26,0.10322866906206694
2017-01-27,0.1029436637859791
2017-01-30,0.10264607376972501
2017-01-31,0.10275769316107349
2017-02-01,0.208223332893698
2017-02-02,0.2079477166572876
2017-02-03,0.20925945179816677
2017-02-06,0.2101747060852298
2017-02-07,0.21118946166051597
2017-02-08,0.2106230403697943
2017-02-09,0.2113209833710113
2017-02-10,0.21092416350531434
2017-02-13,0.2120263972874957
2017-02-14,0.21313142061118615
2017-02-15,0.2136106141982995
2017-02-16,0.3154980429951496
2017-02-17,0.31553156656052
2017-02-21,0.3170163170631801
2017-02-22,0.31710510640169937
2017-02-23,0.31573829076904203
2017-02-24,0.3167398302403976
2017-02-27,0.31752811558227967
2017-02-28,0.31646624509503996
2017-03-01,0.3203441998180028
2017-03-02,0.3181212474685835
2017-03-03,0.3185955378902232
2017-03-06,0.31680649530458727
2017-03-07,0.31740691241423247
2017-03-08,0.31756177925344636
2017-03-09,0.3171806507286037
2017-03-10,0.21610098613938175
2017-03-13,0.2164447941001732
2017-03-14,0.21481634712626374
2017-03-15,0.21518310377721445
2017-03-16,0.1018134459781555
2017-03-17,0.10230427481060501
2017-03-20,0.10279456749304709
2017-03-21,0.10161954997176041
2017-03-22,0.10221389928463075
2017-03-23,0.10240753884862984
2017-03-24,0.10231718411472214
2017-03-27,0.10258819376041724
2017-03-28,0.10336160614787404
2017-03-29,0.10373494445729291
2017-03-30,0.10368346800294667
2017-03-31,0.0
2017-04-03,0.0
2017-04-04,0.0
2017-04-05,0.0
2017-04-06,0.0
2017-04-07,0.0
2017-04-10,0.0
2017-04-11,0.0
2017-04-12,0.0
2017-04-13,0.0
2017-04-17,0.0
2017-04-18,0.0
2017-04-19,0.0
2017-04-20,0.10560287455212114
2017-04-21,0.10600922173723291
2017-04-24,0.2117169805230099
2017-04-25,0.4213626565989995
2017-04-26,0.42175988060707026
2017-04-27,0.4225736044425145
2017-04-28,0.6275496584947236
2017-05-01,0.6293499740721904
2017-05-02,0.6289105710746318
2017-05-03,0.8354339701939159
2017-05-04,0.8368069310599654
2017-05-05,0.9387544259790133
2017-05-08,1.0423839453657466
2017-05-09,1.0421725509619348
2017-05-10,1.2486483340178889
2017-05-11,1.248529670423945
2017-05-12,1.2492338880989575
2017-05-15,1.247306698905677
2017-05-16,1.2466888972060834
2017-05-17,1.2538084183843567
2017-05-18,1.2510587734295668
2017-05-19,1.247526561039821
2017-05-22,1.2452361663526348
2017-05-23,1.2440615389585339
2017-05-24,1.2432757416879372
2017-05-25,1.2419631653184857
2017-05-26,1.2417994124236535
2017-05-30,1.241119945134787
2017-05-31,1.2399078745793484
2017-06-01,1.2375570287259932
2017-06-02,1.123540633118437
2017-06-05,1.1240378297356128
2017-06-06,1.0250538423145046
2017-06-07,0.8278933774859076
2017-06-08,0.8278684662262729
2017-06-09,0.8259758785519419
2017-06-12,0.6190467789551499
2017-06-13,0.6208817339933294
2017-06-14,0.620105444209402
2017-06-15,0.4090726576057997
2017-06-16,0.4096884533110854
2017-06-19,0.3077126103774868
2017-06-20,0.1997751589825039
2017-06-21,0.20022414040447464
2017-06-22,0.0
2017-06-23,0.0
2017-06-26,0.0
2017-06-27,0.0
2017-06-28,0.0
2017-06-29,0.0
2017-06-30,0.0
2017-07-03,0.0
2017-07-05,0.0
2017-07-06,0.0
2017-07-07,0.0
2017-07-10,0.0
2017-07-11,0.0
2017-07-12,0.0
2017-07-13,0.0
2017-07-14,0.0
2017-07-17,0.0
2017-07-18,0.0
2017-07-19,0.0
2017-07-20,0.0
2017-07-21,0.0
2017-07-24,0.0
2017-07-25,0.0
2017-07-26,0.0
2017-07-27,0.10356011304007857
2017-07-28,0.10366410745715525
2017-07-31,0.1041221658461848
2017-08-01,0.10295878359590857
2017-08-02,0.20636415770200983
2017-08-03,0.3121108543022865
2017-08-04,0.4140151356048593
2017-08-07,0.4151370285944941
2017-08-08,0.5172688349164556
2017-08-09,0.5171460056177228
2017-08-10,0.5151794121555747
2017-08-11,0.5155498974578806
2017-08-14,0.5178011564259832
2017-08-15,0.6213243314873114
2017-08-16,0.6219203767157458
2017-08-17,0.6186406328211015
2017-08-18,0.723933727799318
2017-08-21,0.7230694649427704
2017-08-22,0.7254099264843895
2017-08-23,0.7246924215785837
2017-08-24,0.7246076192009506
2017-08-25,0.7239437116932508
2017-08-28,0.724384965567754
2017-08-29,0.7253103906462871
2017-08-30,0.7271946368786294
2017-08-31,0.7284617195684565
2017-09-01,0.8332048938158784
2017-09-05,0.8320777883757701
2017-09-06,0.8315284944462394
2017-09-07,0.8317741278153258
2017-09-08,0.7297798418908236
2017-09-11,0.7324042597255883
2017-09-12,0.7321665817004338
2017-09-13,0.7322626625419578
2017-09-14,0.6290723924879602
2017-09-15,0.5241877654351266
2017-09-18,0.42017661126067
2017-09-19,0.41981024307483983
2017-09-20,0.3165407181614653
2017-09-21,0.3155053093919896
2017-09-22,0.31754668349669585
2017-09-25,0.31071181244107093
2017-09-26,0.30991053658863094
2017-09-27,0.21113302137237544
2017-09-28,0.2147631757172864
2017-09-29,0.21926435561538513
2017-10-02,0.1017664492337161
2017-10-03,0.10161470569604786
2017-10-04,0.10142495416065973
2017-10-05,0.1023350312449507
2017-10-06,0.20674326009451396
2017-10-09,0.20545789312455115
2017-10-10,0.20767553539382688
2017-10-11,0.20672181844783688
2017-10-12,0.20618778599419357
2017-10-13,0.20754205511209015
2017-10-16,0.1033102345326992
2017-10-17,0.10471223368341732
2017-10-18,0.20916191206064108
2017-10-19,0.2086991713390721
2017-10-20,0.20834877672257335
2017-10-23,0.21046895628034973
2017-10-24,0.31572738913375475
2017-10-25,0.4186103849936047
2017-10-26,0.4195243390487983
2017-10-27,0.7336779806241405
2017-10-30,0.8356024710907006
2017-10-31,0.8369094372356893
2017-11-01,0.9387028932749302
2017-11-02,1.0416985371209577
2017-11-03,1.2460186225516738
2017-11-06,1.2458945460008928
2017-11-07,1.2454633440739398
2017-11-08,1.2443093950797424
2017-11-09,1.246299376024895
2017-11-10,1.2465264713664597
2017-11-13,1.245521122645141
2017-11-14,1.2450872012119087
2017-11-15,1.2467517376545214
2017-11-16,1.2431719985006284
2017-11-17,1.1420509925044962
2017-11-20,1.1413710464143885
2017-11-21,1.1404573232257136
2017-11-22,1.1400156557260601
2017-11-24,1.139514430227348
2017-11-27,1.1397457481898206
2017-11-28,1.1388173823312504
2017-11-29,1.1394023139463694
2017-11-30,1.025755635717514
2017-12-01,1.0258889661365618
2017-12-04,1.02602402846231
2017-12-05,1.0261316107240073
2017-12-06,0.9280750913584259
2017-12-07,0.8278273780845262
2017-12-08,0.8278794224503219
2017-12-11,0.5183730009875305
2017-12-12,0.4201092260670939
2017-12-13,0.41943706526181446
2017-12-14,0.32127562591556286
2017-12-15,0.2030181182186069
2017-12-18,0.0
2017-12-19,0.0
2017-12-20,0.0
2017-12-21,0.0
2017-12-22,0.0
2017-12-26,0.0
2017-12-27,0.0
2017-12-28,0.0
2017-12-29,0.0
2018-01-02,0.0
2018-01-03,0.0
2018-01-04,0.0
2018-01-05,0.0
2018-01-08,0.0
2018-01-09,0.0
2018-01-10,0.0
2018-01-11,0.0
2018-01-12,0.10465217278468139
2018-01-16,0.10389981043639648
2018-01-17,0.1044798680206124
2018-01-18,0.20459439872446009
2018-01-19,0.20708851447704693
2018-01-22,0.20882410418750844
2018-01-23,0.31430058129683525
2018-01-24,0.3075906823895909
2018-01-25,0.304734753687389
2018-01-26,0.5168255339814866
2018-01-29,0.6193435649452543
2018-01-30,0.6180333558327432
2018-01-31,0.6183345440676958
2018-02-01,0.7234383090187783
2018-02-02,0.9338057902508415
2018-02-05,0.8331917689258975
2018-02-06,0.7371876166916471
2018-02-07,0.7367191490049294
2018-02-08,0.6315638776888743
2018-02-09,0.5327309716742946
2018-02-12,0.5374076296826612
2018-02-13,0.5388932436895096
2018-02-14,0.542170459195403
2018-02-15,0.6434909022196905
2018-02-16,0.6438133354651856
2018-02-20,0.641798214670286
2018-02-21,0.6413785229505838
2018-02-22,0.6423758292031145
2018-02-23,0.6442728460518224
2018-02-26,0.6460893627741752
2018-02-27,0.643834918412883
2018-02-28,0.8380523314094409
2018-03-01,0.8383021438077016
2018-03-02,0.7262217966772941
2018-03-05,0.7270758929676094
2018-03-06,0.7287301469993951
2018-03-07,0.7305619120439187
2018-03-08,0.7313102970024766
2018-03-09,0.7339692536222285
2018-03-12,0.6207005250172621
2018-03-13,0.6196918204847879
2018-03-14,0.6182147528646739
2018-03-15,0.6176669420905825
2018-03-16,0.515096342352602
2018-03-19,0.3019737508869265
2018-03-20,0.30425267232080266
2018-03-21,0.3049661090810983
2018-03-22,0.30170569454356644
2018-03-23,0.2113976127655453
2018-03-26,0.2150424671233187
2018-03-27,0.2128428951130015
2018-03-28,0.21029721910502744
2018-03-29,0.21459439265486796
2018-04-02,0.21325946522723244
2018-04-03,0.2215686633252257
2018-04-04,0.2206868587555098
2018-04-05,0.2234728698835491
2018-04-06,0.2190454226475314
2018-04-09,0.21830871934281537
2018-04-10,0.2211771967902395
2018-04-11,0.22292349655743973
2018-04-12,0.0
2018-04-13,0.0
2018-04-16,0.0
2018-04-17,0.0
2018-04-18,0.0
2018-04-19,0.0
2018-04-20,0.0
2018-04-23,0.0
2018-04-24,0.0
2018-04-25,0.0
2018-04-26,0.5243570804817287
2018-04-27,0.8345129829187786
2018-04-30,0.8322424839946609
2018-05-01,0.8336125801750247
2018-05-02,0.9370533939575487
2018-05-03,1.14748431226825
2018-05-04,1.2508896147263682
2018-05-07,1.248783256128965
2018-05-08,1.2488719631930927
2018-05-09,1.24544821915509
2018-05-10,1.2430870669571819
2018-05-11,1.2437837487506067
2018-05-14,1.2429027977067597
2018-05-15,1.2423881285629228
2018-05-16,1.2403946596024966
2018-05-17,1.2395294090394071
2018-05-18,1.2395085687141167
2018-05-21,1.2364638720788073
2018-05-22,1.2387740013307842
2018-05-23,1.2379085387771798
2018-05-24,1.2383776944376916
2018-05-25,1.2402478895981313
2018-05-29,1.2416830715607083
2018-05-30,1.23721430786379
2018-05-31,1.240266311742369
2018-06-01,1.2356226245202462
2018-06-04,1.2344792956089692
2018-06-05,1.234200562829077
2018-06-06,1.2284712301504028
2018-06-07,1.2303729170596498
2018-06-08,0.6931020999557833
2018-06-11,0.4005941986431395
2018-06-12,0.40329729624196825
2018-06-13,0.4050602460763034
2018-06-14,0.30410981191663516
2018-06-15,0.09626313951937009
2018-06-18,0.0
2018-06-19,0.0
2018-06-20,0.0
2018-06-21,0.0
2018-06-22,0.0
2018-06-25,0.0
2018-06-26,0.0
2018-06-27,0.0
2018-06-28,0.0
2018-06-29,0.0
2018-07-02,0.0
2018-07-03,0.0
2018-07-05,0.0
2018-07-06,0.0
2018-07-09,0.0
2018-07-10,0.0
2018-07-11,0.0
2018-07-12,0.0
2018-07-13,0.0
2018-07-16,0.0
2018-07-17,0.0
2018-07-18,0.10295765937410496
2018-07-19,0.20604177680007424
2018-07-20,0.310513836800457
2018-07-23,0.3104948831589309
2018-07-24,0.308351979050807
2018-07-25,0.41393025246746223
2018-07-26,0.8309043877061268
2018-07-27,0.8301179885690393
2018-07-30,0.933935292494547
2018-07-31,0.934780982345493
2018-08-01,1.252266228329099
2018-08-02,1.2531118884826395
2018-08-03,1.2520397104845573
2018-08-06,1.2518058304395983
2018-08-07,1.2501685656834942
2018-08-08,1.2511526469322478
2018-08-09,1.2521104658221207
2018-08-10,1.254046532346342
2018-08-13,1.2550493227429946
2018-08-14,1.2535714803105062
2018-08-15,1.2544386159833802
2018-08-16,1.2524301021124593
2018-08-17,1.2503841271968537
2018-08-20,1.2475357620576928
2018-08-21,1.2452728943857967
2018-08-22,1.2480701274355215
2018-08-23,1.2486814120067122
2018-08-24,1.2475210714475382
2018-08-27,1.244818982066978
2018-08-28,1.2449822655395462
2018-08-29,1.1399915930922984
2018-08-30,1.0321492766974478
2018-08-31,0.9292258528396967
2018-09-04,0.929208050739761
2018-09-05,0.9297662819166659
2018-09-06,0.8237807173389854
2018-09-07,0.40968273568303987
2018-09-10,0.4117198348196197
2018-09-11,0.31481899562389976
2018-09-12,0.31575603067482894
2018-09-13,0.0
2018-09-14,0.0
2018-09-17,0.0
2018-09-18,0.0
2018-09-19,0.0
2018-09-20,0.0
2018-09-21,0.0
2018-09-24,0.0
2018-09-25,0.0
2018-09-26,0.0
2018-09-27,0.0
2018-09-28,0.0
2018-10-01,0.0
2018-10-02,0.0
2018-10-03,0.0
2018-10-04,0.0
2018-10-05,0.0
2018-10-08,0.0
2018-10-09,0.0
2018-10-10,0.0
2018-10-11,0.0
2018-10-12,0.0
2018-10-15,0.0
2018-10-16,0.0
2018-10-17,0.0
2018-10-18,0.0
2018-10-19,0.21007134220591625
2018-10-22,0.20896810600761298
2018-10-23,0.2109507584465887
2018-10-24,0.2045669569247796
2018-10-25,0.24641639781144692
2018-10-26,0.28195529444077533
2018-10-29,0.31600596620061727
2018-10-30,0.35997664778850597
2018-10-31,0.3629968345697811
2018-11-01,0.5108619863286056
2018-11-02,0.8021706005396635
2018-11-05,0.8026676806983998
2018-11-06,0.8039147982033463
2018-11-07,0.8081385909654144
2018-11-08,0.9564555414121897
2018-11-09,0.9561526718837486
2018-11-12,0.9550816163343042
2018-11-13,0.9552708901816458
2018-11-14,0.9549768645924623
2018-11-15,0.9554020710298927
2018-11-16,0.9555304601552135
2018-11-19,0.818320614024993
2018-11-20,0.8147226025841814
2018-11-21,0.8168555184857791
2018-11-23,0.8142652440389679
2018-11-26,0.8173591774373871
2018-11-27,0.8179925811222379
2018-11-28,0.8215425757146021
2018-11-29,0.820770051417332
2018-11-30,0.9649170867259302
2018-12-03,0.7484938128301404
2018-12-04,0.7412117339444363
2018-12-06,0.6076017387674489
2018-12-07,0.6003161781393621
2018-12-10,0.5625749947696224
2018-12-11,0.5242623259995879
2018-12-12,0.4902870583239591
2018-12-13,0.45021947642701415
2018-12-14,0.443685339239017
2018-12-17,0.4348783508811599
2018-12-18,0.14940894393250417
2018-12-19,0.1493926202088749
2018-12-20,0.14641945145052881
2018-12-21,0.140518666763524
2018-12-24,0.13841355515171383
2018-12-26,0.1478553876383652
2018-12-27,0.15167186163404503
2018-12-28,0.15253963501787465
2018-12-31,0.15263684469431332
2019-01-02,0.15268544117003605
2019-01-03,0.14802737538923
2019-01-04,0.15559910762317677
2019-01-07,0.1557197405478367
2019-01-08,0.15848481587005223
2019-01-09,0.1578692543195934
2019-01-10,0.1592908777253886
2019-01-11,0.15889203030113536
2019-01-14,0.15558302062856988
2019-01-15,0.15649900210042642
2019-01-16,0.10438707815710623
2019-01-17,0.10378237578878417
2019-01-18,0.10582933718706866
2019-01-22,0.1058970518433861
2019-01-23,0.10637076742378913
2019-01-24,0.10605382536266171
2019-01-25,0.10673728510676822
2019-01-28,0.10628176145523374
2019-01-29,0.10648466919766957
2019-01-30,0.3139896750501816
2019-01-31,0.41674486575378317
2019-02-01,0.728104846166719
2019-02-04,0.729265429383581
2019-02-05,0.7296527245004962
2019-02-06,0.7305296530384934
2019-02-07,0.7288537306798192
2019-02-08,0.728122689162484
2019-02-11,0.7282293726521224
2019-02-12,0.73014302917094
2019-02-13,0.730558179875509
2019-02-14,0.7312905760098405
2019-02-15,0.7333880292689265
2019-02-19,0.732684265786079
2019-02-20,0.7326828179412831
2019-02-21,0.7316906856310897
2019-02-22,0.7325365047857534
2019-02-25,0.7326362477280467
2019-02-26,0.7320090686606935
2019-02-27,0.9352369879869578
2019-02-28,0.9351369904803392
2019-03-01,0.839157601863243
2019-03-04,0.8385204722394866
2019-03-05,0.8384449977990398
2019-03-06,0.8367452913342048
2019-03-07,0.8357286539354394
2019-03-08,0.834801877475103
2019-03-11,0.8363389829365919
2019-03-12,0.8362427624352593
2019-03-13,0.8376829053530164
2019-03-14,0.6334045165081177
2019-03-15,0.5298713566098313
2019-03-18,0.21862287760708252
2019-03-19,0.21871540543829646
2019-03-20,0.2185014984405043
2019-03-21,0.2218530986293804
2019-03-22,0.21856349455447005
2019-03-25,0.21999281005358787
2019-03-26,0.21973287967038316
2019-03-27,0.21947147720105684
2019-03-28,0.32124184095357294
2019-03-29,0.32188706900339353
2019-04-01,0.3250554207646353
2019-04-02,0.32582185451138773
2019-04-03,0.3271855009118447
2019-04-04,0.32794188521403983
2019-04-05,0.32870446535925235
2019-04-08,0.32853537502747027
2019-04-09,0.3260111485060301
2019-04-10,0.09993510559174416
2019-04-11,0.10022506328783237
2019-04-12,0.10123308986191122
2019-04-15,0.10237243688949801
2019-04-16,0.1009384222740897
2019-04-17,0.10195554659636727
2019-04-18,0.10306639458142998
2019-04-22,0.2074617645692301
2019-04-23,0.2098155759901201
2019-04-24,0.3159991144680712
2019-04-25,0.41898145735153763
2019-04-26,0.5254127886091423
2019-04-29,0.6276642776582056
2019-04-30,0.6283182642082118
2019-05-01,0.8326110028307777
2019-05-02,1.0406707977610583
2019-05-03,1.040244858197732
2019-05-06,1.0403310558249377
2019-05-07,1.0409141014883194
2019-05-08,1.0408181587180754
2019-05-09,1.0406828285146927
2019-05-10,0.9378730194762448
2019-05-13,0.9365540987399391
2019-05-14,0.9375761799986392
2019-05-15,1.0431130092794174
2019-05-16,1.0426644045294866
2019-05-17,1.0429659352986498
2019-05-20,1.0430416321621114
2019-05-21,1.0424552256787454
2019-05-22,1.042533166745177
2019-05-23,1.0432332394549766
2019-05-24,1.0431348357822003
2019-05-28,1.0433466733800045
2019-05-29,1.0435087312349731
2019-05-30,1.0433845150903418
2019-05-31,1.0436684979654103
2019-06-03,1.044028241290597
2019-06-04,0.9346899757136817
2019-06-05,0.9353110596802212
2019-06-06,0.8369583295105963
2019-06-07,0.7314221855832927
2019-06-10,0.6293652401992282
2019-06-11,0.5346424165551449
2019-06-12,0.5360397299960272
2019-06-13,0.325498677982784
2019-06-14,0.11139262036825316
2019-06-17,0.11295467173741433
2019-06-18,0.11314427646384423
2019-06-19,0.3232486643416062
2019-06-20,0.32714256606330877
2019-06-21,0.3257721661267267
2019-06-24,0.32605215064501225
2019-06-25,0.324079172811974
2019-06-26,0.3243787808877894
2019-06-27,0.21234689601644194
2019-06-28,0.21415408506706352
2019-07-01,0.21684553123865147
2019-07-02,0.2161879867823444
2019-07-03,0.2170573003660142
2019-07-05,0.216534524159316
2019-07-08,0.21478129855958694
2019-07-09,0.2145773321826661
2019-07-10,0.21541973149780874
2019-07-11,0.2141494432373478
2019-07-12,0.2158641329972566
2019-07-15,0.2154907889257938
2019-07-16,0.2142394135508783
2019-07-17,0.21491602940400567
2019-07-18,0.2149384800497747
2019-07-19,0.21375528289030135
2019-07-22,0.21482490698902318
2019-07-23,0.2156099799085343
2019-07-24,0.3214049044173347
2019-07-25,0.42397108961652785
2019-07-26,0.5272999441358032
2019-07-29,0.5292837091237946
2019-07-30,0.5280878500653902
2019-07-31,0.6280617454870189
2019-08-01,0.6236864064645578
2019-08-02,0.7267328200431652
2019-08-05,0.72221755353677
2019-08-06,0.7251446428728341
2019-08-07,0.7261186573293942
2019-08-08,0.7299345099486317
2019-08-09,0.729617926167016
2019-08-12,0.7285973461546214
2019-08-13,0.7299274891761942
2019-08-14,0.724822503092196
2019-08-15,0.7263971060476178
2019-08-16,0.72831874098116
2019-08-19,0.8331813834266056
2019-08-20,0.832616266721172
2019-08-21,0.9358322124801239
2019-08-22,0.935779409112499
2019-08-23,0.8419275021525905
2019-08-26,0.8436142130441234
2019-08-27,0.843698937361143
2019-08-28,0.8442308455519294
2019-08-29,0.8455546307344879
2019-08-30,0.945579110630284
2019-09-03,0.9453142847197328
2019-09-04,0.9459704539709016
2019-09-05,0.8351439196928618
2019-09-06,0.730639552599844
2019-09-09,0.6230032463359972
2019-09-10,0.6222284050576927
2019-09-11,0.6227886839549578
2019-09-12,0.6236395741570299
2019-09-13,0.4087726319900645
2019-09-16,0.3083949590523273
2019-09-17,0.3105001205129727
2019-09-18,0.310372756541609
2019-09-19,0.3097339565482858
2019-09-20,0.30791232137961955
2019-09-23,0.30960890861901463
2019-09-24,0.3079434085845258
2019-09-25,0.30922374760609234
2019-09-26,0.3087291860633866
2019-09-27,0.30654346221132384
2019-09-30,0.3079322953575503
2019-10-01,0.20185055013859365
2019-10-02,0.30365216780564547
2019-10-03,0.20471417645236997
2019-10-04,0.20729248382780033
2019-10-07,0.20644489004531777
2019-10-08,0.20557047163717307
2019-10-09,0.20595545303344864
2019-10-10,0.20544039359812538
2019-10-11,0.20583549886291372
2019-10-14,0.10281324223931759
2019-10-15,0.10166879435199087
2019-10-16,0.10135100457839037
2019-10-17,0.10229237036208066
2019-10-18,0.20783053487253061
2019-10-21,0.20769343579057523
2019-10-22,0.20271798897549953
2019-10-23,0.30839895318096744
2019-10-24,0.6169611208612713
2019-10-25,0.6252752857186309
2019-10-28,0.6270835193609673
2019-10-29,0.6269369696592726
2019-10-30,0.62858384234024
2019-10-31,0.8342363218045226
2019-11-01,0.8354987243714281
2019-11-04,0.9384762658030232
2019-11-05,0.9383987291038421
2019-11-06,0.9386230353393982
2019-11-07,0.9387485661317903
2019-11-08,1.042278767985339
2019-11-11,1.0423822867449073
2019-11-12,1.0422772405446774
2019-11-13,0.940290395700448
2019-11-14,0.9405024048371158
2019-11-15,1.0411131592936904
2019-11-18,1.0409214154353128
2019-11-19,1.0409053324110584
2019-11-20,1.0410445438225018
2019-11-21,1.0413969637979479
2019-11-22,1.0413692058781698
2019-11-25,1.0407139012421498
2019-11-26,1.0405273804098492
2019-11-27,1.0404095250634546
2019-11-29,1.0406056382972342
2019-12-02,0.9343048564539741
2019-12-03,0.9340525895508595
2019-12-04,0.9341521685906404
2019-12-05,0.8311346447477217
2019-12-06,0.6307306086869945
2019-12-09,0.5301198042306008
2019-12-10,0.5304693542347418
2019-12-11,0.532180326517743
2019-12-12,0.5322181737594547
2019-12-13,0.3288364780169131
2019-12-16,0.33086937885255097
2019-12-17,0.2139779170014719
2019-12-18,0.21152445223760014
2019-12-19,0.2125206500232891
2019-12-20,0.21514794264251663
2019-12-23,0.0996836365510651
2019-12-24,0.10030033335069936
2019-12-26,0.10002145614562874
2019-12-27,0.09981585702592354
2019-12-30,0.09946318275737437
2019-12-31,0.0
2020-01-02,0.0
2020-01-03,0.0
2020-01-06,0.0
2020-01-07,0.0
2020-01-08,0.0
2020-01-09,0.0
2020-01-10,0.0
2020-01-13,0.0
2020-01-14,0.0
2020-01-15,0.0
2020-01-16,0.10282965446567896
2020-01-17,0.1021327629731315
2020-01-21,0.10276522974101954
2020-01-22,0.10278363774932368
2020-01-23,0.10243682670068759
2020-01-24,0.10039041497554838
2020-01-27,0.0976928168914124
2020-01-28,0.09824478673313998
2020-01-29,0.09732342630920734
2020-01-30,0.09672679670640556
2020-01-31,0.09406658188536217
2020-02-03,0.3018503149033941
2020-02-04,0.3063115634438934
2020-02-05,0.3089031112133295
2020-02-06,0.30820481223377943
2020-02-07,0.30755081834482606
2020-02-10,0.3091687008550265
2020-02-11,0.3110749599118502
2020-02-12,0.3127254041452486
2020-02-13,0.31187282772981284
2020-02-14,0.5229313892455028
2020-02-18,0.5230960977839637
2020-02-19,0.5240808226646142
2020-02-20,0.5231445874296582
2020-02-21,0.522440267504472
2020-02-24,0.513039919031318
2020-02-25,0.4120233269746374
2020-02-26,0.4114886151588625
2020-02-27,0.40469720136978243
2020-02-28,0.3056701411808803
2020-03-02,0.3089262593925852
2020-03-03,0.3048067528940594
2020-03-04,0.3151475213601177
2020-03-05,0.3083877729697872
2020-03-06,0.20969641473796635
2020-03-09,0.19908191522062926
2020-03-10,0.20538709406203184
2020-03-11,0.10495142686894852
2020-03-12,0.0
2020-03-13,0.0
2020-03-16,0.0
2020-03-17,0.0
2020-03-18,0.0
2020-03-19,0.0
2020-03-20,0.0
2020-03-23,0.0
2020-03-24,0.0
2020-03-25,0.0
2020-03-26,0.0
2020-03-27,0.0
2020-03-30,0.0
2020-03-31,0.0
2020-04-01,0.0
2020-04-02,0.0
2020-04-03,0.0
2020-04-06,0.0
2020-04-07,0.0
2020-04-08,0.0
2020-04-09,0.0
2020-04-13,0.0
2020-04-14,0.0
2020-04-15,0.0
2020-04-16,0.0
2020-04-17,0.0
2020-04-20,0.0
2020-04-21,0.0
2020-04-22,0.0
2020-04-23,0.0
2020-04-24,0.0
2020-04-27,0.0
2020-04-28,0.0
2020-04-29,0.0
2020-04-30,0.0
2020-05-01,0.0
2020-05-04,0.0
2020-05-05,0.0
2020-05-06,0.0
2020-05-07,0.0
2020-05-08,0.0
2020-05-11,0.0476599675007753
2020-05-12,0.044455381765400946
2020-05-13,0.0
2020-05-14,0.0
2020-05-15,0.0
2020-05-18,0.0
2020-05-19,0.0
2020-05-20,0.0
2020-05-21,0.0
2020-05-22,0.0
2020-05-26,0.0
2020-05-27,0.0
2020-05-28,0.0
2020-05-29,0.0
2020-06-01,0.0
2020-06-02,0.0
2020-06-03,0.0
2020-06-04,0.0
2020-06-05,0.0
2020-06-08,0.0
2020-06-09,0.0
2020-06-10,0.0
2020-06-11,0.0
2020-06-12,0.0
2020-06-15,0.0
2020-06-16,0.0
2020-06-17,0.0
2020-06-18,0.0
2020-06-19,0.0
2020-06-22,0.0
2020-06-23,0.0
2020-06-24,0.0
2020-06-25,0.0
2020-06-26,0.0
2020-06-29,0.0
2020-06-30,0.0
2020-07-01,0.0
2020-07-02,0.0
2020-07-06,0.0
2020-07-07,0.0
2020-07-08,0.0
2020-07-09,0.0
2020-07-10,0.0
2020-07-13,0.0
2020-07-14,0.0
2020-07-15,0.0
2020-07-16,0.0
2020-07-17,0.0
2020-07-20,0.0
2020-07-21,0.0
2020-07-22,0.05129927380969704
2020-07-23,0.05050081238689933
2020-07-24,0.05032635647748948
2020-07-27,0.04981623125362676
2020-07-28,0.09963405675476514
2020-07-29,0.14494560026200728
2020-07-30,0.2019001831122591
2020-07-31,0.25048981828325323
2020-08-03,0.25250642579710064
2020-08-04,0.25453173866242795
2020-08-05,0.2554617236578852
2020-08-06,0.25349472006213175
2020-08-07,0.2516500635569303
2020-08-10,0.24889832490490932
2020-08-11,0.24807358144219643
2020-08-12,0.25318827202301875
2020-08-13,0.2520157229802542
2020-08-14,0.2511983336089935
2020-08-17,0.25175851040098973
2020-08-18,0.2523048112193451
2020-08-19,0.25083377733922496
2020-08-20,0.2509312192163265
2020-08-21,0.2510187799618847
2020-08-24,0.2522496080929395
2020-08-25,0.2525329187453611
2020-08-26,0.2528069517006935
2020-08-27,0.20610062994753892
2020-08-28,0.20656929181484054
2020-08-31,0.20567433826868434
2020-09-01,0.2056957986151315
2020-09-02,0.15649622470934949
2020-09-03,0.15155047931148455
2020-09-04,0.1497967930955562
2020-09-08,0.10071365544445925
2020-09-09,0.055915961101261784
2020-09-10,0.05518388009595332
2020-09-11,0.0
2020-09-14,0.0
2020-09-15,0.0
2020-09-16,0.0
2020-09-17,0.0
2020-09-18,0.0
2020-09-21,0.0
2020-09-22,0.0
2020-09-23,0.0
2020-09-24,0.0
2020-09-25,0.0
2020-09-28,0.0
2020-09-29,0.0
2020-09-30,0.0
2020-10-01,0.0
2020-10-02,0.0
2020-10-05,0.0
2020-10-06,0.0
2020-10-07,0.0
2020-10-08,0.0
2020-10-09,0.0
2020-10-12,0.0
2020-10-13,0.0
2020-10-14,0.0
2020-10-15,0.0
2020-10-16,0.0
2020-10-19,0.0
2020-10-20,0.0
2020-10-21,0.0
2020-10-22,0.0
2020-10-23,0.0
2020-10-26,0.0
2020-10-27,0.0
2020-10-28,0.0
2020-10-29,0.0
2020-10-30,0.0
2020-11-02,0.0
2020-11-03,0.0
2020-11-04,0.0
2020-11-05,0.0
2020-11-06,0.0
2020-11-09,0.0
2020-11-10,0.0
2020-11-11,0.0
2020-11-12,0.0
2020-11-13,0.04988229816616817
2020-11-16,0.05096810532917352
2020-11-17,0.050896661453206746
2020-11-18,0.051766245820143594
2020-11-19,0.10190987468006664
2020-11-20,0.10182725019510264
2020-11-23,0.10548330386287341
2020-11-24,0.10704721742773518
2020-11-25,0.10644934090743335
2020-11-27,0.10735803662131879
2020-11-30,0.10718788733969964
2020-12-01,0.10814901160964356
2020-12-02,0.10809460138077921
2020-12-03,0.10820554449887153
2020-12-04,0.10988650375920544
2020-12-07,0.10953026093941652
2020-12-08,0.10984961943646197
2020-12-09,0.10902840896390761
2020-12-10,0.10864684530658271
2020-12-11,0.10871923239043503
2020-12-14,0.1086572066433887
2020-12-15,0.1087457142057005
2020-12-16,0.1088650686589832
2020-12-17,0.1081165174103214
2020-12-18,0.10705437937512308
2020-12-21,0.10758940987955254
2020-12-22,0.10727338307140691
2020-12-23,0.10695003772962278
2020-12-24,0.10780856373210627
2020-12-28,0.10783551215352268
2020-12-29,0.049948435626957485
2020-12-30,0.049633853870584645
2020-12-31,0.05035220504203154
2021-01-04,0.05065006970289176
2021-01-05,0.0
2021-01-06,0.0
2021-01-07,0.0
2021-01-08,0.0
2021-01-11,0.0
2021-01-12,0.0
2021-01-13,0.0
2021-01-14,0.0
2021-01-15,0.0
2021-01-19,0.0
2021-01-20,0.0
2021-01-21,0.0
2021-01-22,0.0
2021-01-25,0.0
2021-01-26,0.0
2021-01-27,0.0
2021-01-28,0.0
2021-01-29,0.0
2021-02-01,0.0
2021-02-02,0.0
2021-02-03,0.09861447191287581
2021-02-04,0.09833881419791451
2021-02-05,0.3239792397379018
2021-02-08,0.4374293895132457
2021-02-09,0.43748438512775234
2021-02-10,0.5513846513297289
2021-02-11,0.5527626833368294
2021-02-12,0.55310424054461
2021-02-16,0.550987428379055
2021-02-17,0.5517508467080964
2021-02-18,0.5521919240024485
2021-02-19,0.5531779500034228
2021-02-22,0.553879993353953
2021-02-23,0.5567244545026816
2021-02-24,0.5599557275745286
2021-02-25,0.5543867711795043
2021-02-26,0.5517613187584207
2021-03-01,0.5565980710672269
2021-03-02,0.557499360251003
2021-03-03,0.5561814979273312
2021-03-04,0.5543583461308544
2021-03-05,0.5598014335969984
2021-03-08,0.5617942723027147
2021-03-09,0.566496912569164
2021-03-10,0.5694904142988411
2021-03-11,0.5693129931985487
2021-03-12,0.5710205043681066
2021-03-15,0.5727727774324274
2021-03-16,0.572045699625669
2021-03-17,0.5731404082444272
2021-03-18,0.47958315753144665
2021-03-19,0.47932779026753314
2021-03-22,0.23634310481043022
2021-03-23,0.12027016742566571
2021-03-24,0.12157046118203844
2021-03-25,0.0
2021-03-26,0.0
2021-03-29,0.0
2021-03-30,0.0
2021-03-31,0.0
2021-04-01,0.0
2021-04-05,0.0
2021-04-06,0.0
2021-04-07,0.0
2021-04-08,0.0
2021-04-09,0.0
2021-04-12,0.0
2021-04-13,0.0
2021-04-14,0.0
2021-04-15,0.0
2021-04-16,0.0
2021-04-19,0.0
2021-04-20,0.0
2021-04-21,0.2109386326490661
2021-04-22,0.20720863697171527
2021-04-23,0.5252684983234036
2021-04-26,0.5277241642069976
2021-04-27,0.5287941474614712
2021-04-28,0.8373775531207138
2021-04-29,0.8387213166296134
2021-04-30,1.0444521034978709
2021-05-03,1.0442558626083789
2021-05-04,1.0442536239016498
2021-05-05,1.2420018033495817
2021-05-06,1.2407377218288445
2021-05-07,1.2367344076980562
2021-05-10,1.2386385658284569
2021-05-11,1.2414613565865107
2021-05-12,1.2498662900774267
2021-05-13,1.2437823531187076
2021-05-14,1.2375019853284215
2021-05-17,1.2360847550245682
2021-05-18,1.239207264997338
2021-05-19,1.240030924012724
2021-05-20,1.2379231322263469
2021-05-21,1.238957780648042
2021-05-24,1.2359769130845288
2021-05-25,1.2380518170088823
2021-05-26,1.2372365810431596
2021-05-27,1.23680810872147
2021-05-28,1.2353124943581149
2021-06-01,1.2330965489015597
2021-06-02,1.23449579149994
2021-06-03,1.0468516505561296
2021-06-04,1.0462279246016395
2021-06-07,0.7014523236340839
2021-06-08,0.7027155621708767
2021-06-09,0.7025122602401342
2021-06-10,0.4109192964451454
2021-06-11,0.4107158476964011
2021-06-14,0.18916227346843265
2021-06-15,0.18807237550548112
2021-06-16,0.18656151000856633
2021-06-17,0.0
2021-06-18,0.0
2021-06-21,0.0
2021-06-22,0.0
2021-06-23,0.0
2021-06-24,0.0
2021-06-25,0.0
2021-06-28,0.0
2021-06-29,0.0
2021-06-30,0.0
2021-07-01,0.0
2021-07-02,0.0
2021-07-06,0.0
2021-07-07,0.0
2021-07-08,0.0
2021-07-09,0.0
2021-07-12,0.0
2021-07-13,0.0
2021-07-14,0.0
2021-07-15,0.0
2021-07-16,0.0
2021-07-19,0.048309517390401645
2021-07-20,0.050142008111795124
2021-07-21,0.16534722681794198
2021-07-22,0.16752794451934272
2021-07-23,0.2771354472468981
2021-07-26,0.2764840922968476
2021-07-27,0.2771040499967209
2021-07-28,0.49024672072839703
2021-07-29,0.921178101404034
2021-07-30,0.9211891754728623
2021-08-02,1.0280596893211853
2021-08-03,1.0277477545951754
2021-08-04,1.2545758287494937
2021-08-05,1.2533192620974059
2021-08-06,1.2523123293011647
2021-08-09,1.2528276831092475
2021-08-10,1.2514730348187664
2021-08-11,1.2488204459878767
2021-08-12,1.2484436002157506
2021-08-13,1.2475517289093456
2021-08-16,1.246473234480389
2021-08-17,1.2478988382465521
2021-08-18,1.2504355753698886
2021-08-19,1.250818211808826
2021-08-20,1.2486503954533337
2021-08-23,1.2468787720124872
2021-08-24,1.2462265223592908
2021-08-25,1.245647012149572
2021-08-26,1.2486230268997205
2021-08-27,1.2461632563776655
2021-08-30,1.1934687224084084
2021-08-31,1.1933177004670419
2021-09-01,1.0740959880636658
2021-09-02,1.073470200686439
2021-09-03,0.9608427423022052
2021-09-07,0.9605612992659789
2021-09-08,0.9605847995339363
2021-09-09,0.743404577754554
2021-09-10,0.3377942158736229
2021-09-13,0.3374815985724134
2021-09-14,0.22893152913210085
2021-09-15,0.23215729404606017
2021-09-16,0.0
2021-09-17,0.0
2021-09-20,0.0
2021-09-21,0.0
2021-09-22,0.0
2021-09-23,0.0
2021-09-24,0.0
2021-09-27,0.0
2021-09-28,0.0
2021-09-29,0.0
2021-09-30,0.0
2021-10-01,0.0
2021-10-04,0.0
2021-10-05,0.0
2021-10-06,0.0
2021-10-07,0.0
2021-10-08,0.0
2021-10-11,0.0
2021-10-12,0.0
2021-10-13,0.0
2021-10-14,0.0
2021-10-15,0.0
2021-10-18,0.0
2021-10-19,0.0
2021-10-20,0.0
2021-10-21,0.0
2021-10-22,0.1025381955269511
2021-10-25,0.10355043726943734
2021-10-26,0.1026369622296183
2021-10-27,0.3147493339524195
2021-10-28,0.5212004284840576
2021-10-29,0.6301986336930171
2021-11-01,0.732856705838369
2021-11-02,0.8362438607319845
2021-11-03,1.2453036561138326
2021-11-04,1.243664607840586
2021-11-05,1.2432319411716821
2021-11-08,1.24460622246409
2021-11-09,1.2438517275970171
2021-11-10,1.2464553497613458
2021-11-11,1.2435955791890907
2021-11-12,1.2405401861011576
2021-11-15,1.2413932600693907
2021-11-16,1.2401151163548816
2021-11-17,1.2408339604809744
2021-11-18,1.2399859563696263
2021-11-19,1.2411456326907109
2021-11-22,1.244420224038794
2021-11-23,1.2429548079309112
2021-11-24,1.2430760059849195
2021-11-26,1.2500890749342837
2021-11-29,1.2459749660350778
2021-11-30,1.2544028274108778
2021-12-01,1.1641883455891422
2021-12-02,1.1611228919216894
2021-12-03,1.162536943394125
2021-12-06,1.0505565734680076
2021-12-07,1.04957973626092
2021-12-08,1.049481492955491
2021-12-09,0.8355904211530643
2021-12-10,0.6291945554114092
2021-12-13,0.525703383178393
2021-12-14,0.41642266069655404
2021-12-15,0.31420362462559115
2021-12-16,0.0
2021-12-17,0.0
2021-12-20,0.0
2021-12-21,0.0
2021-12-22,0.0
2021-12-23,0.0
2021-12-27,0.0
2021-12-28,0.0
2021-12-29,0.0
2021-12-30,0.0
2021-12-31,0.0
2022-01-03,0.0
2022-01-04,0.0
2022-01-05,0.0
2022-01-06,0.0
2022-01-07,0.0
2022-01-10,0.0
2022-01-11,0.0
2022-01-12,0.0
2022-01-13,0.0
2022-01-14,0.0
2022-01-18,0.0
2022-01-19,0.0
2022-01-20,0.0
2022-01-21,0.0
2022-01-24,0.0
2022-01-25,0.0
2022-01-26,0.0
2022-01-27,0.0
2022-01-28,0.0
2022-01-31,0.0
2022-02-01,0.0
2022-02-02,0.0
2022-02-03,0.04994652230888767
2022-02-04,0.10000835406471476
2022-02-07,0.10049148753827705
2022-02-08,0.22270750561728417
2022-02-09,0.4538109361734906
2022-02-10,0.44506279272622556
2022-02-11,0.4383056068009945
2022-02-14,0.43816851224481823
2022-02-15,0.44381204201278984
2022-02-16,0.4450891812047662
2022-02-17,0.43681095606167136
2022-02-18,0.4367749070317702
2022-02-22,0.4329701651338046
2022-02-23,0.4290759187599574
2022-02-24,0.21440209276409064
2022-02-25,0.21820444733658298
2022-02-28,0.2168472808810741
2022-03-01,0.2144730102248961
2022-03-02,0.21767248209044635
2022-03-03,0.21661169855214993
2022-03-04,0.21312312463158292
2022-03-07,0.10636918076189945
2022-03-08,0.10329684871696383
2022-03-09,0.10428426953707177
2022-03-10,0.1036550775133437
2022-03-11,0.10349420849321257
2022-03-14,0.10369953761390856
2022-03-15,0.10488639209955898
2022-03-16,0.10582221172767475
2022-03-17,0.10654295477113217
2022-03-18,0.050912133218071025
2022-03-21,0.0
2022-03-22,0.0
2022-03-23,0.0
2022-03-24,0.0
2022-03-25,0.0
2022-03-28,0.0
2022-03-29,0.0
2022-03-30,0.0
2022-03-31,0.0
2022-04-01,0.0
2022-04-04,0.0
2022-04-05,0.0
2022-04-06,0.0
2022-04-07,0.0
2022-04-08,0.0
2022-04-11,0.0
2022-04-12,0.0
2022-04-13,0.0
2022-04-14,0.0
2022-04-18,0.0
2022-04-19,0.0
2022-04-20,0.0
2022-04-21,0.0
2022-04-22,0.0
2022-04-25,0.0
2022-04-26,0.0
2022-04-27,0.0
2022-04-28,0.0
2022-04-29,0.0
2022-05-02,0.0
2022-05-03,0.0
2022-05-04,0.0
2022-05-05,0.0
2022-05-06,0.0
2022-05-09,0.0
2022-05-10,0.0
2022-05-11,0.0
2022-05-12,0.0
2022-05-13,0.0
2022-05-16,0.0
2022-05-17,0.05058095251012336
2022-05-18,0.050569247169250604
2022-05-19,0.049283807616416035
2022-05-20,0.047857557231470345
2022-05-23,0.05079159930180747
2022-05-24,0.05042876056237295
2022-05-25,0.05019061887996328
2022-05-26,0.05065898074056059
2022-05-27,0.051633252576882296
2022-05-31,0.05114636675139317
2022-06-01,0.05118533601404741
2022-06-02,0.05290458575174475
2022-06-03,0.05209630383817467
2022-06-06,0.0521040823486469
2022-06-07,0.05391300176019241
2022-06-08,0.05381613200603247
2022-06-09,0.052974468423732234
2022-06-10,0.05247730078094417
2022-06-13,0.05062386962408279
2022-06-14,0.0499289157400689
2022-06-15,0.05178116684428557
2022-06-16,0.051290537036379154
2022-06-17,0.05164493169679983
2022-06-21,0.05279974240375513
2022-06-22,0.052729833941759195
2022-06-23,0.05329269236111154
2022-06-24,0.05467564201343117
2022-06-27,0.05296670419167699
2022-06-28,0.051788950527633125
2022-06-29,0.05153591538964906
2022-06-30,0.0
2022-07-01,0.0
2022-07-05,0.0
2022-07-06,0.0
2022-07-07,0.0
2022-07-08,0.0
2022-07-11,0.0
2022-07-12,0.0
2022-07-13,0.0
2022-07-14,0.0
2022-07-15,0.0
2022-07-18,0.04826882266907977
2022-07-19,0.04951258921044866
2022-07-20,0.048277667715287145
2022-07-21,0.048542058670118834
2022-07-22,0.04844922908504664
2022-07-25,0.04916134285995877
2022-07-26,0.09916982076642039
2022-07-27,0.15293471573666645
2022-07-28,0.3014401133121365
2022-07-29,0.30329414663486
2022-08-01,0.35124973590817615
2022-08-02,0.34928756248831927
2022-08-03,0.3511613262285054
2022-08-04,0.35086701954871474
2022-08-05,0.3522168629552856
2022-08-08,0.5310853031700555
2022-08-09,0.5316848432931202
2022-08-10,0.5343894659095383
2022-08-11,0.5339341322143136
2022-08-12,0.5389413514663891
2022-08-15,0.5399201457767284
2022-08-16,0.541240357401818
2022-08-17,0.5396058246388067
2022-08-18,0.7170429032673007
2022-08-19,0.7143013112154765
2022-08-22,0.7100339855678219
2022-08-23,0.7101085360148167
2022-08-24,0.7104241360602156
2022-08-25,0.7136008602777145
2022-08-26,0.7080877518970661
2022-08-29,0.6577414374197693
2022-08-30,0.6559129432824456
2022-08-31,0.6551765628766947
2022-09-01,0.6102580290836039
2022-09-02,0.6095037076543484
2022-09-06,0.6088285784234353
2022-09-07,0.5656942008837709
2022-09-08,0.509047836122937
2022-09-09,0.41741960122383726
2022-09-12,0.4172439037956204
2022-09-13,0.3629167674120461
2022-09-14,0.3649934465953711
2022-09-15,0.3601160220939886
2022-09-16,0.3584558742724397
2022-09-19,0.358943717538932
2022-09-20,0.16985237688218435
2022-09-21,0.16778096706946438
2022-09-22,0.164893066648155
2022-09-23,0.0
2022-09-26,0.0
2022-09-27,0.0
2022-09-28,0.0
2022-09-29,0.0
2022-09-30,0.0
2022-10-03,0.0
2022-10-04,0.0
2022-10-05,0.0
2022-10-06,0.0
2022-10-07,0.0
2022-10-10,0.0
2022-10-11,0.0
2022-10-12,0.0
2022-10-13,0.0
2022-10-14,0.0
2022-10-17,0.0
2022-10-18,0.0
2022-10-19,0.0
2022-10-20,0.0
2022-10-21,0.0
2022-10-24,0.0
2022-10-25,0.0
2022-10-26,0.0
2022-10-27,0.0
2022-10-28,0.15173451858746487
2022-10-31,0.19897218274242512
2022-11-01,0.2002891061930395
2022-11-02,0.24611201614358388
2022-11-03,0.2962853489225686
2022-11-04,0.29920250480514754
2022-11-07,0.299734127720607
2022-11-08,0.30002966963376887
2022-11-09,0.29804756705605423
2022-11-10,0.30887379579039287
2022-11-11,0.30676883186085224
2022-11-14,0.3035406411008923
2022-11-15,0.3069652318890404
2022-11-16,0.3071345376784091
2022-11-17,0.3059061169366046
2022-11-18,0.30832354425153585
2022-11-21,0.30919310294354146
2022-11-22,0.3102956813565065
2022-11-23,0.31113893390796377
2022-11-25,0.31203388617314487
2022-11-28,0.307533888288522
2022-11-29,0.3087048606673405
2022-11-30,0.3130163781439799
2022-12-01,0.3131733422529322
2022-12-02,0.31292330174022487
2022-12-05,0.3084081427946932
2022-12-06,0.30690573840648794
2022-12-07,0.30777026951554065
2022-12-08,0.309389240306966
2022-12-09,0.3074504122612232
2022-12-12,0.15338990576706743
2022-12-13,0.10931085013919835
2022-12-14,0.10895752642391736
2022-12-15,0.055504842113384294
2022-12-16,0.0
2022-12-19,0.0
2022-12-20,0.0
2022-12-21,0.0
2022-12-22,0.0
2022-12-23,0.0
2022-12-27,0.0
2022-12-28,0.0
2022-12-29,0.0
2022-12-30,0.0
2023-01-03,0.0
2023-01-04,0.0
2023-01-05,0.0
2023-01-06,0.0
2023-01-09,0.0
2023-01-10,0.0
2023-01-11,0.0
2023-01-12,0.0
2023-01-13,0.0
2023-01-17,0.0
2023-01-18,0.10408156923924665
2023-01-19,0.10167824032263416
2023-01-20,0.10177091445031078
2023-01-23,0.10302014628954125
2023-01-24,0.10177091445031078
2023-01-25,0.10144647131798659
2023-01-26,0.10177091445031078
2023-01-27,0.2055282019266131
2023-01-30,0.20488509074979597
2023-01-31,0.20757828644632603
2023-02-01,0.21018399144562938
2023-02-02,0.2083629637388207
2023-02-03,0.21184975853580448
2023-02-06,0.2119669125821043
2023-02-07,0.21404318526023786
2023-02-08,0.21404739804886566
2023-02-09,0.31615059253355576
2023-02-10,0.41773493218567453
2023-02-13,0.41966686783218243
2023-02-14,0.5272494030329387
2023-02-15,0.6343231306799579
2023-02-16,0.6301587064744208
2023-02-17,0.6260628088097269
2023-02-21,0.6209539250321032
2023-02-22,0.6194243386082141
2023-02-23,0.6192084602125691
2023-02-24,0.6176343517074893
2023-02-27,0.6172924677067543
2023-02-28,0.6161567509284263
2023-03-01,0.6157835440909379
2023-03-02,0.6081695927947296
2023-03-03,0.6118888147042931
2023-03-06,0.612258283518873
2023-03-07,0.6099854903542498
2023-03-08,0.6090579037134839
2023-03-09,0.6026191408232777
2023-03-10,0.5024100484404889
2023-03-13,0.30218426183855174
2023-03-14,0.30688750133592746
2023-03-15,0.30551651739338104
2023-03-16,0.30900330740314397
2023-03-17,0.30647266116860966
2023-03-20,0.30852020873026026
2023-03-21,0.3110655966787322
2023-03-22,0.3081162878708926
2023-03-23,0.3075188120321272
2023-03-24,0.1070776357103942
2023-03-27,0.10768090258980019
2023-03-28,0.1082030749088081
2023-03-29,0.11037555974386724
2023-03-30,0.21361479900494568
2023-03-31,0.21415709570353117
2023-04-03,0.21239064852988981
2023-04-04,0.2116663815946598
2023-04-05,0.2102740617631922
2023-04-06,0.20903632114605644
2023-04-10,0.20826003120060682
2023-04-11,0.20714426286613755
2023-04-12,0.20843336873829912
2023-04-13,0.21110666236979275
2023-04-14,0.1015883675002645
2023-04-17,0.10226450845602594
2023-04-18,0.10184303418995487
2023-04-19,0.10073577596616978
2023-04-20,0.10164408817829443
2023-04-21,0.10184303418995487
2023-04-24,0.10146097999090135
2023-04-25,0.09928185039879049
2023-04-26,0.09779913281358582
2023-04-27,0.1000413536352687
2023-04-28,0.7237767456523573
2023-05-01,0.8294097218550884
2023-05-02,0.9343476409490631
2023-05-03,1.2441835671532242
2023-05-04,1.2474252660520577
2023-05-05,1.244682129805447
2023-05-08,1.2454432793907673
2023-05-09,1.2471038213984047
2023-05-10,1.2464109030989174
2023-05-11,1.2481246114167335
2023-05-12,1.1406107354173403
2023-05-15,1.1401309272083808
2023-05-16,1.1424962409026478
2023-05-17,1.1402739100284427
2023-05-18,1.1388962240930718
2023-05-19,1.1391878616953033
2023-05-22,1.1391683213420225
2023-05-23,1.1409566385433343
2023-05-24,1.143352068812914
2023-05-25,1.1420916005822943
2023-05-26,1.14019871284567
2023-05-30,1.1402985657444116
2023-05-31,1.1415028019579532
2023-06-01,1.1397726912635298
2023-06-02,1.1357538725174747
2023-06-05,1.1353560604831643
2023-06-06,1.134986860605542
2023-06-07,1.1335754401807092
2023-06-08,1.1335003963890626
2023-06-09,1.1328475522082437
2023-06-12,0.5321906724730445
2023-06-13,0.4463040183574354
2023-06-14,0.31256959720135036
2023-06-15,0.0
2023-06-16,0.0
2023-06-20,0.0
2023-06-21,0.0
2023-06-22,0.0
2023-06-23,0.0
2023-06-26,0.0
2023-06-27,0.0
2023-06-28,0.0
2023-06-29,0.0
2023-06-30,0.0
2023-07-03,0.0
2023-07-05,0.0
2023-07-06,0.0
2023-07-07,0.0
2023-07-10,0.0
2023-07-11,0.0
2023-07-12,0.0
2023-07-13,0.0
2023-07-14,0.0
2023-07-17,0.0
2023-07-18,0.0
2023-07-19,0.0
2023-07-20,0.0
2023-07-21,0.10427096061044347
2023-07-24,0.10175099890887651
2023-07-25,0.09874109257360482
2023-07-26,0.20194111857470293
2023-07-27,0.3080253959824918
2023-07-28,0.41346480529519575
2023-07-31,0.5158011002263709
2023-08-01,0.7258050031752096
2023-08-02,0.7232566011934078
2023-08-03,0.828243096860436
2023-08-04,1.247015491592228
2023-08-07,1.2426351661145485
2023-08-08,1.2425673076736328
2023-08-09,1.2448447261296927
2023-08-10,1.2453435572744722
2023-08-11,1.2476508381734797
2023-08-14,1.155099719021658
2023-08-15,1.1564945640455
2023-08-16,1.1583219006309802
2023-08-17,1.0644863193669603
2023-08-18,1.0644706034481084
2023-08-21,1.0643090664639343
2023-08-22,1.0644528051563624
2023-08-23,1.0635856426448282
2023-08-24,1.0647030396069253
2023-08-25,1.064324413121148
2023-08-28,1.0639665428452587
2023-08-29,1.0629558342018357
2023-08-30,1.0627788118279988
2023-08-31,1.0625315819792238
2023-09-01,1.0626456682853238
2023-09-05,1.0634865948086196
2023-09-06,1.0634158369380375
2023-09-07,0.9617257204639612
2023-09-08,0.8557895441670089
2023-09-11,0.7558739852656204
2023-09-12,0.6502542588381245
2023-09-13,0.4343601162994288
2023-09-14,0.43548395624663233
2023-09-15,0.32024399284623567
2023-09-18,0.0
2023-09-19,0.0
2023-09-20,0.0
2023-09-21,0.0
2023-09-22,0.0
2023-09-25,0.0
2023-09-26,0.0
2023-09-27,0.0
2023-09-28,0.0
2023-09-29,0.0
2023-10-02,0.0
2023-10-03,0.0
2023-10-04,0.0
2023-10-05,0.0
2023-10-06,0.0
2023-10-09,0.0
2023-10-10,0.0
2023-10-11,0.0
2023-10-12,0.0
2023-10-13,0.0
2023-10-16,0.0
2023-10-17,0.0
2023-10-18,0.0
2023-10-19,0.0
2023-10-20,0.0
2023-10-23,0.0
2023-10-24,0.0
2023-10-25,0.0
2023-10-26,0.0
2023-10-27,0.5161898091910128
2023-10-30,0.5167317465729486
2023-10-31,0.7270244461902593
2023-11-01,0.8336194602726906
2023-11-02,0.834504585297039
2023-11-03,1.236496240824243
2023-11-06,1.2382646851553856
2023-11-07,1.2379687096344785
2023-11-08,1.237826934085751
2023-11-09,1.2403955648584237
2023-11-10,1.2363291532412704
2023-11-13,1.234899605064562
2023-11-14,1.2273076612415381
2023-11-15,1.2264419849807826
2023-11-16,1.2255628846900533
2023-11-17,1.1409490210829565
2023-11-20,1.139843753531635
2023-11-21,1.140400405537697
2023-11-22,1.1395574102045622
2023-11-24,1.1389258974073455
2023-11-27,1.1380662660504588
2023-11-28,1.139565839962972
2023-11-29,1.1384887551359768
2023-11-30,1.1373731555912616
2023-12-01,1.135740821101812
2023-12-04,1.1356855984583167
2023-12-05,1.1365739908898689
2023-12-06,1.1364252368178867
2023-12-07,1.1351961737375567
2023-12-08,1.1343288873892128
2023-12-11,0.5964776727698421
2023-12-12,0.5985724634482263
2023-12-13,0.4100278964403911
2023-12-14,0.31989606562908013
2023-12-15,0.31912065494346836
2023-12-18,0.0
2023-12-19,0.0
2023-12-20,0.0
2023-12-21,0.0
2023-12-22,0.0
2023-12-26,0.0
2023-12-27,0.0
2023-12-28,0.0
2023-12-29,0.0
2024-01-02,0.0
2024-01-03,0.0
2024-01-04,0.0
2024-01-05,0.0
2024-01-08,0.0
2024-01-09,0.0
2024-01-10,0.0
2024-01-11,0.0
2024-01-12,0.0
2024-01-16,0.0
2024-01-17,0.0
2024-01-18,0.0
2024-01-19,0.0
2024-01-22,0.0
2024-01-23,0.0
2024-01-24,0.0
2024-01-25,0.1036732303579979
2024-01-26,0.10165988887833342
2024-01-29,0.10135710728027167
2024-01-30,0.10184482165533328
2024-01-31,0.20656129305649396
2024-02-01,0.20762516094180325
2024-02-02,0.3148173820759118
2024-02-05,0.3129251368323591
2024-02-06,0.3090349266807942
2024-02-07,0.4146886600814435
2024-02-08,0.413740387041083
2024-02-09,0.416292611036094
2024-02-12,0.4171923271976822
2024-02-13,0.4145985494672042
2024-02-14,0.5203829146769106
2024-02-15,0.730233935300146
2024-02-16,0.7312488593250859
2024-02-20,0.7293403876812957
2024-02-21,0.7289719802450482
2024-02-22,0.8343420949007258
2024-02-23,0.8346411983247536
2024-02-26,0.8344456796009525
2024-02-27,0.8353818850575006
2024-02-28,0.8342521028483075
2024-02-29,0.8351426648578161
2024-03-01,0.836674557289846
2024-03-04,0.8379545027451989
2024-03-05,0.8384623035806555
2024-03-06,0.8398759368276388
2024-03-07,0.8412932120135325
2024-03-08,0.741596469643092
2024-03-11,0.7392498521392508
2024-03-12,0.7433762874972907
2024-03-13,0.7441975764344321
2024-03-14,0.6387768892862087
2024-03-15,0.6376732854239976
2024-03-18,0.5363281189555005
2024-03-19,0.5381695916504536
2024-03-20,0.5411678832917675
2024-03-21,0.5390100958908665
2024-03-22,0.5390328051423914
2024-03-25,0.5431881712053125
2024-03-26,0.5413041188428952
2024-03-27,0.539765114989268
2024-03-28,0.433637165236371
2024-04-01,0.2229369990076555
2024-04-02,0.22098390240663587
2024-04-03,0.22409863066577695
2024-04-04,0.21841496521949993
2024-04-05,0.10898343360139677
2024-04-08,0.10848812031268339
2024-04-09,0.108236321655729
2024-04-10,0.10789774314530111
2024-04-11,0.1120608626203427
2024-04-12,0.10814973301379563
2024-04-15,0.10724348027021609
2024-04-16,0.10755890743904656
2024-04-17,0.20618754175105744
2024-04-18,0.20222541530581165
2024-04-19,0.19953868566012434
2024-04-22,0.20224737203743165
2024-04-23,0.2050184335783625
2024-04-24,0.412876870226528
2024-04-25,0.5184892053613893
2024-04-26,0.6250139211488412
2024-04-29,0.6240599685366088
2024-04-30,0.6193873473572976
2024-05-01,0.7202251342567714
2024-05-02,0.8251498326745349
2024-05-03,0.931425700805351
2024-05-06,0.9321503166190771
2024-05-07,0.9327014131991996
2024-05-08,0.9323383551231583
2024-05-09,0.9327669333166787
2024-05-10,0.9326678788669605
2024-05-13,0.9323425154156194
2024-05-14,0.932428369969899
2024-05-15,0.9333367740168893
2024-05-16,0.9328769638615547
2024-05-17,0.9331131759749414
2024-05-20,0.9332224130821789
2024-05-21,0.9332247243733423
2024-05-22,0.9329633974318239
2024-05-23,0.9322294203618421
2024-05-24,0.9325468912177601
2024-05-28,0.9318403676312434
2024-05-29,0.8391323127919832
2024-05-30,0.7393969093646156
2024-05-31,0.7416311034474473
2024-06-03,0.7410779014882664
2024-06-04,0.7404972562644523
2024-06-05,0.9430185447998314
2024-06-06,0.839202396163971
2024-06-07,0.7313852522992993
2024-06-10,0.6336105387633989
2024-06-11,0.6342061454920815
2024-06-12,0.6360279874661197
2024-06-13,0.5273085680020331
2024-06-14,0.4142038241408319
2024-06-17,0.2175265089553897
2024-06-18,0.2179937689475276
2024-06-20,0.21495639087220503
2024-06-21,0.21248379515274343
2024-06-24,0.2101412878214076
2024-06-25,0.21465131535089385
2024-06-26,0.3181557388217624
2024-06-27,0.3208628638754638
2024-06-28,0.3209083539380684
2024-07-01,0.31868488999895556
2024-07-02,0.3165459056938548
2024-07-03,0.3150452873746852
2024-07-05,0.3141925021534314
2024-07-08,0.3169168751832439
2024-07-09,0.3184832994112605
2024-07-10,0.31590009746308123
2024-07-11,0.3161071524584025
2024-07-12,0.31662208873224573
2024-07-15,0.31907088464035194
2024-07-16,0.32076618150855585
2024-07-17,0.3128119427268777
2024-07-18,0.309323153258241
2024-07-19,0.10959445603145686
2024-07-22,0.10954150469428292
2024-07-23,0.11297029241254991
2024-07-24,0.10832188333714342
2024-07-25,0.10249620779173894
2024-07-26,0.31079502797965675
2024-07-29,0.4161824263647146
2024-07-30,0.516755681005855
2024-07-31,0.6230767163802209
2024-08-01,0.5183786305940349
2024-08-02,0.4589723246252805
2024-08-05,0.353688403289393
2024-08-06,0.3555296328751153
2024-08-07,0.35353195645134633
2024-08-08,0.35888984877889
2024-08-09,0.35880292703983346
2024-08-12,0.35732333744255274
2024-08-13,0.35908138688907937
2024-08-14,0.35922624625989863
2024-08-15,0.36105920182828344
2024-08-16,0.36190609279608454
2024-08-19,0.3636526217792508
2024-08-20,0.3606069259351317
2024-08-21,0.36283666585153873
2024-08-22,0.36346813525215205
2024-08-23,0.368538818920545
2024-08-26,0.3683163012695435
2024-08-27,0.36709068972863385
2024-08-28,0.36555744104135696
2024-08-29,0.3663414313413297
2024-08-30,0.3679462620899848
2024-09-03,0.36353305873340885
2024-09-04,0.361559614366639
2024-09-05,0.3599819476512549
2024-09-06,0.35929638843151773
2024-09-09,0.14329961434363309
2024-09-10,0.0469065802258418
2024-09-11,0.04681565206104511
2024-09-12,0.047500987306538525
2024-09-13,0.04799802913019004
2024-09-16,0.0
2024-09-17,0.0
2024-09-18,0.0
2024-09-19,0.0
2024-09-20,0.0
2024-09-23,0.0
2024-09-24,0.0
2024-09-25,0.0
2024-09-26,0.10105425394075904
2024-09-27,0.09908229427073274
2024-09-30,0.09592415216971324
2024-10-01,0.0
2024-10-02,0.0
2024-10-03,0.0
2024-10-04,0.0
2024-10-07,0.0
2024-10-08,0.0
2024-10-09,0.0
2024-10-10,0.0
2024-10-11,0.0
2024-10-14,0.0
2024-10-15,0.0
2024-10-16,0.0
2024-10-17,0.0
2024-10-18,0.1060682707496146
2024-10-21,0.10565143491893762
2024-10-22,0.10540369772414188
2024-10-23,0.20930742839179348
2024-10-24,0.4179500062984913
2024-10-25,0.6203652507708058
2024-10-28,0.6209806236635205
2024-10-29,0.8310947943490714
2024-10-30,1.1444251545160267
2024-10-31,1.1462654501250953
2024-11-01,1.1469419321653727
2024-11-04,1.146488316326715
2024-11-05,1.1444706902319788
2024-11-06,1.140026158773965
2024-11-07,1.1398663322751783
2024-11-08,1.138042356774868
2024-11-11,1.1368282773387028
2024-11-12,1.137307708976511
2024-11-13,1.137434183202689
2024-11-14,1.138173702525862
2024-11-15,1.1401251366163327
2024-11-18,1.1386162327858258
2024-11-19,1.1382589998761539
2024-11-20,1.1374131014182882
2024-11-21,1.13627044739101
2024-11-22,1.1351449535386793
2024-11-25,1.1347241690580008
2024-11-26,1.1337300946052904
2024-11-27,1.134183766958245
2024-11-29,1.1336597561672261
2024-12-02,1.032395072899041
2024-12-03,1.032541023577192
2024-12-04,1.032349416093041
2024-12-05,0.9352324165782133
2024-12-06,0.7213157379046548
2024-12-09,0.5264047820735416
2024-12-10,0.5249945039897971
2024-12-11,0.31363686903994575
2024-12-12,0.0
2024-12-13,0.0
2024-12-16,0.0
2024-12-17,0.0
2024-12-18,0.0
2024-12-19,0.0
2024-12-20,0.0
2024-12-23,0.0
2024-12-24,0.0
2024-12-26,0.0
2024-12-27,0.0
2024-12-30,0.0
2024-12-31,0.0
2025-01-02,0.0
2025-01-03,0.0
2025-01-06,0.0
2025-01-07,0.0
2025-01-08,0.0
2025-01-09,0.0
2025-01-10,0.0
2025-01-13,0.0
2025-01-14,0.0
2025-01-15,0.0
2025-01-16,0.0
2025-01-17,0.0
2025-01-21,0.0
2025-01-22,0.0
2025-01-23,0.0
2025-01-24,0.0
2025-01-27,0.0
2025-01-28,0.0
2025-01-29,0.0
2025-01-30,0.0
2025-01-31,0.0
2025-02-03,0.0
2025-02-04,0.0
2025-02-05,0.0
2025-02-06,0.10120205267183255
2025-02-07,0.0985263004332401
2025-02-10,0.0
2025-02-11,0.0
2025-02-12,0.0
2025-02-13,0.21397312303289343
2025-02-14,0.31793606175519623
2025-02-18,0.30921501881415037
2025-02-19,0.30825354585282116
2025-02-20,0.20901677914149797
2025-02-21,0.20052237607026893
2025-02-24,0.2025897016655167
2025-02-25,0.20119825252157517
2025-02-26,0.3017418048891936
2025-02-27,0.29748835929976564
2025-02-28,0.3003023861289915
2025-03-03,0.20209019817022703
2025-03-04,0.20108517078052351
2025-03-05,0.20518943671166734
2025-03-06,0.19858650446545473
2025-03-07,0.2377215031830134
2025-03-10,0.13383468396927753
2025-03-11,0.13584727813196007
2025-03-12,0.13722648474841492
2025-03-13,0.13532055112131502
2025-03-14,0.13853847979901845
2025-03-17,0.13881234121753552
2025-03-18,0.1373193791030404
2025-03-19,0.13914652940400685
2025-03-20,0.13785516563864283
2025-03-21,0.1385659017593442
2025-03-24,0.13975581401334766
2025-03-25,0.13999892389564367
2025-03-26,0.13782559625334784
2025-03-27,0.2491493033539878
2025-03-28,0.24543261689358997
2025-03-31,0.21269130538525746
2025-04-01,0.21367330496961504
2025-04-02,0.21492775295469527
2025-04-03,0.21040880677768437
2025-04-04,0.19917483303810332
2025-04-07,0.10651406765482221
2025-04-08,0.10629924435167
2025-04-09,0.11318179288397791
2025-04-10,0.11256138607147424
2025-04-11,0.11418933325755604
2025-04-14,0.11594336363790847
2025-04-15,0.11524846277788905
2025-04-16,0.11354083821557213
2025-04-17,0.11405185300179103
2025-04-21,0.1114167761488462
2025-04-22,0.11409113742922763
2025-04-23,0.1149986189986118
2025-04-24,0.1160069267852434
2025-04-25,0.11534640222768178
2025-04-28,0.11528764115996666
2025-04-29,0.11576729489893077
2025-04-30,0.20653801667574348
2025-05-01,0.2472017560373801
2025-05-02,0.3800296352943489
2025-05-05,0.3793874358847554
2025-05-06,0.37979933925157444
2025-05-07,0.3820021766785689
2025-05-08,0.3823999882058463
2025-05-09,0.2650141602071931
2025-05-12,0.2702698537798281
2025-05-13,0.27190163261798495
2025-05-14,0.27106340514672006
2025-05-15,0.43726410365960644
2025-05-16,0.43764165630546076
2025-05-19,0.4395976760490808
2025-05-20,0.4375302975620694
2025-05-21,0.434494470165236
2025-05-22,0.43594771689522305
2025-05-23,0.46779224920444484
2025-05-27,0.47316154726737636
2025-05-28,0.4724268016819545
2025-05-29,0.47297648726690555
2025-05-30,0.4729059726591778
2025-06-02,0.4752109500399801
2025-06-03,0.4762898711157391
2025-06-04,0.4777211660767684
2025-06-05,0.4782658528852687
2025-06-06,0.4811747706862617
2025-06-09,0.4805140245445972
2025-06-10,0.47834575979924493
2025-06-11,0.4761035495756992
2025-06-12,0.3741634588910552
2025-06-13,0.3294267145638401
2025-06-16,0.19724580835364264
2025-06-17,0.1967743594253753
2025-06-18,0.19746546824873662
2025-06-20,0.19864628600627343
2025-06-23,0.2008228342499274
2025-06-24,0.20172570825025904
2025-06-25,0.20228588057653993
2025-06-26,0.20429773249166533
2025-06-27,0.2038247367876892
2025-06-30,0.03278665097578959
2025-07-01,0.032463640601738
2025-07-02,0.0322254736556445
2025-07-03,0.032505136551888636
2025-07-07,0.03262476999614735
2025-07-08,0.0325389752743248
2025-07-09,0.0
2025-07-10,0.0
2025-07-11,0.0
2025-07-14,0.0
2025-07-15,0.0
2025-07-16,0.0
2025-07-17,0.0
2025-07-18,0.205992763464494
2025-07-21,0.2033665150292851
2025-07-22,0.20457675707944353
2025-07-23,0.20720748215298607
2025-07-24,0.3132797151365493
2025-07-25,0.3153333268909848
2025-07-28,0.31543346045067305
2025-07-29,0.31482188429392427
2025-07-30,0.5206237062472906
2025-07-31,0.5182969233110769
2025-08-01,0.620106391012486
2025-08-04,0.6247076881090742
2025-08-05,0.8307516441082885
2025-08-06,0.9355288397647703
2025-08-07,1.139016862679909
2025-08-08,1.2449519547607923
2025-08-11,1.248444823292915
2025-08-12,1.2457645097454573
2025-08-13,1.2460501768473424
2025-08-14,1.2485192270907877
2025-08-15,1.2507058145598273
2025-08-18,1.2492015825418998
2025-08-19,1.2527512134057064
2025-08-20,1.0687426759086232
2025-08-21,1.0689192870522555
2025-08-22,1.0673791076444694
2025-08-25,1.0673968859680394
2025-08-26,1.067384695604755
2025-08-27,1.0672522688599486
2025-08-28,1.0671192502443319
2025-08-29,0.8559558191011337
2025-09-02,0.8551418948242849
2025-09-03,0.7620436806272235
2025-09-04,0.7645029486928515
2025-09-05,0.654444629924264
2025-09-08,0.6533993591468513
2025-09-09,0.6515525795075191
2025-09-10,0.6544018474252681
2025-09-11,0.4373377849993264
2025-09-12,0.434431517500208
2025-09-15,0.3273889588012106
2025-09-16,0.33157757753194034
2025-09-17,0.33125564144897457
2025-09-18,0.2237350131143026
2025-09-19,0.12862915933174152
2025-09-22,0.0
2025-09-23,0.0
2025-09-24,0.0
2025-09-25,0.0
2025-09-26,0.0
2025-09-29,0.0
2025-09-30,0.0
2025-10-01,0.0
2025-10-02,0.0
2025-10-03,0.0
2025-10-06,0.0
2025-10-07,0.0
2025-10-08,0.0
2025-10-09,0.0
2025-10-10,0.0
2025-10-13,0.0
2025-10-14,0.0
2025-10-15,0.0
2025-10-16,0.0
2025-10-17,0.0
2025-10-20,0.0
2025-10-21,0.0
2025-10-22,0.0
2025-10-23,0.3140972346810212
2025-10-24,0.3121551888262898
2025-10-27,0.3141306220682647
2025-10-28,0.3123335771992723
2025-10-29,0.31384270162470856
2025-10-30,0.31369180335282676
2025-10-31,0.31363353217757284
2025-11-03,0.31372828520222257
2025-11-04,0.31313636927513877
2025-11-05,0.3137532272096219
2025-11-06,0.31338617398859364
2025-11-07,0.3157231143331445
2025-11-10,0.3190705906582113
2025-11-11,0.3209717964608993
2025-11-12,0.32185269736660926
2025-11-13,0.3191692960659671
2025-11-14,0.3166336785383575
2025-11-17,0.31526354044061683
2025-11-18,0.31385430643566264
2025-11-19,0.3139923843367153
2025-11-20,0.31086259735746136
2025-11-21,0.31224161514683857
2025-11-24,0.3158242928450209
2025-11-25,0.3185142276682918
2025-11-26,0.3187691321250271
2025-11-28,0.31992318197468594
2025-12-01,0.3180602064302145
2025-12-02,0.31810616093468796
2025-12-03,0.31640695122399515
2025-12-04,0.3161692251672214
2025-12-05,0.0
