date,nav
2017-01-26,99901.89831663328
2017-01-27,99870.15831663327
2017-01-30,99837.03831663328
2017-01-31,99849.45831663327
2017-02-01,100006.51565130262
2017-02-02,99971.71565130261
2017-02-03,100137.55565130261
2017-02-06,100253.59565130262
2017-02-07,100382.5656513026
2017-02-08,100310.5356513026
2017-02-09,100399.30565130262
2017-02-10,100348.8156513026
2017-02-13,100489.18565130261
2017-02-14,100630.30565130261
2017-02-15,100691.62565130262
2017-02-16,100454.25226452906
2017-02-17,100459.17226452907
2017-02-21,100677.56226452906
2017-02-22,100690.65226452907
2017-02-23,100489.52226452906
2017-02-24,100636.82226452907
2017-02-27,100753.06226452906
2017-02-28,100596.54226452907
2017-03-01,101170.52226452906
2017-03-02,100840.70226452907
2017-03-03,100910.89226452907
2017-03-06,100646.64226452907
2017-03-07,100735.17226452907
2017-03-08,100758.03226452906
2017-03-09,100701.79226452907
2017-03-10,100825.12990452907
2017-03-13,100869.36990452907
2017-03-14,100660.16990452906
2017-03-15,100707.20990452907
2017-03-16,100774.50872452906
2017-03-17,100829.60872452907
2017-03-20,100884.70872452906
2017-03-21,100752.75872452906
2017-03-22,100819.45872452906
2017-03-23,100841.20872452906
2017-03-24,100831.05872452907
2017-03-27,100861.50872452906
2017-03-28,100948.50872452906
2017-03-29,100990.55872452907
2017-03-30,100984.75872452906
2017-03-31,100952.24102452907
2017-04-03,100952.24102452907
2017-04-04,100952.24102452907
2017-04-05,100952.24102452907
2017-04-06,100952.24102452907
2017-04-07,100952.24102452907
2017-04-10,100952.24102452907
2017-04-11,100952.24102452907
2017-04-12,100952.24102452907
2017-04-13,100952.24102452907
2017-04-17,100952.24102452907
2017-04-18,100952.24102452907
2017-04-19,100952.24102452907
2017-04-20,101115.05056360722
2017-04-21,101161.01056360723
2017-04-24,101448.87739727455
2017-04-25,101860.73741521988
2017-04-26,101930.71099371108
2017-04-27,102074.35432165298
2017-04-28,101838.63749231561
2017-05-01,102333.2865484069
2017-05-02,102212.11480554802
2017-05-03,101833.17290912996
2017-05-04,102689.90636097323
2017-05-05,102688.93699819983
2017-05-08,102317.02045547824
2017-05-09,102854.37872749889
2017-05-10,102610.03807487364
2017-05-11,102683.47314491437
2017-05-12,102417.71734018796
2017-05-15,103240.40402796477
2017-05-16,103523.59940418936
2017-05-17,100643.63995411298
2017-05-18,101770.13406575765
2017-05-19,103246.9740788666
2017-05-22,104236.06624309505
2017-05-23,104762.67456414056
2017-05-24,105126.08922537405
2017-05-25,105721.53199585967
2017-05-26,105818.31822650964
2017-05-30,106141.77625773805
2017-05-31,106703.42880617957
2017-06-01,107785.01461660604
2017-06-02,109083.04552013885
2017-06-05,108671.66211378883
2017-06-06,107727.78296190243
2017-06-07,108426.99449226499
2017-06-08,108411.30269569514
2017-06-09,107232.28283607602
2017-06-12,106460.1980268939
2017-06-13,106975.4717402728
2017-06-14,106756.87433060483
2017-06-15,106914.4299596423
2017-06-16,107025.95995964229
2017-06-19,107551.97831964231
2017-06-20,107003.39375964229
2017-06-21,107063.4637596423
2017-06-22,106892.7765196423
2017-06-23,106892.7765196423
2017-06-26,106892.7765196423
2017-06-27,106892.7765196423
2017-06-28,106892.7765196423
2017-06-29,106892.7765196423
2017-06-30,106892.7765196423
2017-07-03,106892.7765196423
2017-07-05,106892.7765196423
2017-07-06,106892.7765196423
2017-07-07,106892.7765196423
2017-07-10,106892.7765196423
2017-07-11,106892.7765196423
2017-07-12,106892.7765196423
2017-07-13,106892.7765196423
2017-07-14,106892.7765196423
2017-07-17,106892.7765196423
2017-07-18,106892.7765196423
2017-07-19,106892.7765196423
2017-07-20,106892.7765196423
2017-07-21,106892.7765196423
2017-07-24,106892.7765196423
2017-07-25,106892.7765196423
2017-07-26,106892.7765196423
2017-07-27,107048.93684028358
2017-07-28,107061.35684028358
2017-07-31,107116.09684028359
2017-08-01,106977.17684028359
2017-08-02,106869.09124910121
2017-08-03,107093.80830320943
2017-08-04,106911.88846353008
2017-08-07,107116.96846353007
2017-08-08,106689.99613888077
2017-08-09,106662.85613888077
2017-08-10,106230.19613888077
2017-08-11,106311.43613888077
2017-08-14,106807.77613888076
2017-08-15,106583.72229118538
2017-08-16,106751.75229118537
2017-08-17,105833.67229118539
2017-08-18,105900.12187034368
2017-08-21,105569.6218703437
2017-08-22,106469.4418703437
2017-08-23,106191.9618703437
2017-08-24,106159.26187034369
2017-08-25,105903.9518703437
2017-08-28,106073.5018703437
2017-08-29,106430.8618703437
2017-08-30,107165.97187034368
2017-08-31,107666.04187034369
2017-09-01,108161.88271202707
2017-09-05,107435.89271202705
2017-09-06,107085.60271202706
2017-09-07,107241.96271202706
2017-09-08,107330.20495202707
2017-09-11,108382.83495202704
2017-09-12,108286.65495202705
2017-09-13,108325.51495202706
2017-09-14,108472.71445202707
2017-09-15,108613.16069202707
2017-09-18,109285.94969202706
2017-09-19,109216.93969202705
2017-09-20,108755.32917202706
2017-09-21,108590.81917202706
2017-09-22,108915.63917202706
2017-09-25,107835.64917202706
2017-09-26,107710.43917202705
2017-09-27,108507.32799202707
2017-09-28,109008.95799202706
2017-09-29,109637.42799202706
2017-10-02,109646.15631202706
2017-10-03,109627.63631202705
2017-10-04,109604.48631202706
2017-10-05,109715.60631202706
2017-10-06,109881.30877695691
2017-10-09,109703.54877695692
2017-10-10,110010.5987769569
2017-10-11,109878.33877695691
2017-10-12,109804.41877695691
2017-10-13,109992.0687769569
2017-10-16,110001.68619695691
2017-10-17,110173.94619695691
2017-10-18,110228.57733924147
2017-10-19,110164.11733924148
2017-10-20,110115.35733924148
2017-10-23,110411.05733924147
2017-10-24,110669.58776008316
2017-10-25,110626.18525507314
2017-10-26,110800.36525507313
2017-10-27,112168.59735928156
2017-10-30,111172.74447351001
2017-10-31,112063.65447351003
2017-11-01,111918.69200858015
2017-11-02,112424.0419149225
2017-11-03,113468.50636195745
2017-11-06,113552.79166578734
2017-11-07,113779.3520954875
2017-11-08,114343.98551811284
2017-11-09,113447.14569793489
2017-11-10,113369.62675933256
2017-11-13,113860.95084548346
2017-11-14,114089.69687141574
2017-11-15,113347.05222444744
2017-11-16,115043.0207964132
2017-11-17,114908.21552791525
2017-11-20,115488.37519361393
2017-11-21,116267.34290004676
2017-11-22,116661.86838637336
2017-11-24,117108.86922256374
2017-11-27,116942.85848151766
2017-11-28,117752.96432951844
2017-11-29,117286.79208800098
2017-11-30,118391.6578692979
2017-12-01,117809.97388867917
2017-12-04,117226.45532418959
2017-12-05,116771.63724658881
2017-12-06,117035.73617056342
2017-12-07,117637.3726933808
2017-12-08,117672.94288808297
2017-12-11,117490.90825035346
2017-12-12,117510.7229068476
2017-12-13,117374.67202000678
2017-12-14,117072.12689842476
2017-12-15,117135.98688492377
2017-12-18,117075.87479387884
2017-12-19,117075.87479387884
2017-12-20,117075.87479387884
2017-12-21,117075.87479387884
2017-12-22,117075.87479387884
2017-12-26,117075.87479387884
2017-12-27,117075.87479387884
2017-12-28,117075.87479387884
2017-12-29,117075.87479387884
2018-01-02,117075.87479387884
2018-01-03,117075.87479387884
2018-01-04,117075.87479387884
2018-01-05,117075.87479387884
2018-01-08,117075.87479387884
2018-01-09,117075.87479387884
2018-01-10,117075.87479387884
2018-01-11,117075.87479387884
2018-01-12,117199.19112654417
2018-01-16,117100.79112654418
2018-01-17,117176.64112654419
2018-01-18,116664.48421271652
2018-01-19,117031.45421271652
2018-01-22,117288.18421271653
2018-01-23,117537.99451331772
2018-01-24,116398.97451331772
2018-01-25,115920.84451331773
2018-01-26,116665.46258947003
2018-01-29,116093.49651732575
2018-01-30,115695.27651732576
2018-01-31,115786.57651732575
2018-02-01,115591.16922273659
2018-02-02,112996.23825996683
2018-02-05,108943.44833722952
2018-02-06,109525.84060878714
2018-02-07,109330.95626003225
2018-02-08,106916.47863501741
2018-02-09,107145.42947997035
2018-02-12,108228.6348309225
2018-02-13,108577.33060179652
2018-02-14,109354.54412718715
2018-02-15,109681.841595181
2018-02-16,109781.12962496615
2018-02-20,109163.53851778843
2018-02-21,109035.7853402982
2018-02-22,109339.85335177279
2018-02-23,109922.9394101224
2018-02-26,110487.14075533726
2018-02-27,109787.78215914586
2018-02-28,109872.0125371761
2018-03-01,110041.75746515459
2018-03-02,110832.29309523272
2018-03-05,111179.13475538898
2018-03-06,111857.1258033626
2018-03-07,112617.58240614581
2018-03-08,112931.25763746904
2018-03-09,114059.99677443193
2018-03-12,113640.40083554035
2018-03-13,113338.98847164874
2018-03-14,112900.49758908038
2018-03-15,112738.73258419757
2018-03-16,112325.88369823075
2018-03-19,111677.55442633745
2018-03-20,112043.35442633744
2018-03-21,112158.36442633744
2018-03-22,111634.68442633745
2018-03-23,111035.54904393744
2018-03-26,111551.12904393744
2018-03-27,111239.41904393745
2018-03-28,110880.82904393744
2018-03-29,111487.48904393744
2018-04-02,111298.31904393744
2018-04-03,112486.34904393744
2018-04-04,112359.06904393744
2018-04-05,112762.18904393745
2018-04-06,112122.90904393746
2018-04-09,112017.23904393744
2018-04-10,112429.80904393745
2018-04-11,112682.46904393745
2018-04-12,112767.83814393745
2018-04-13,112767.83814393745
2018-04-16,112767.83814393745
2018-04-17,112767.83814393745
2018-04-18,112767.83814393745
2018-04-19,112767.83814393745
2018-04-20,112767.83814393745
2018-04-23,112767.83814393745
2018-04-24,112767.83814393745
2018-04-25,112767.83814393745
2018-04-26,113727.71002770498
2018-04-27,114009.40662089134
2018-04-30,112466.35662089135
2018-05-01,113392.44662089137
2018-05-02,112346.10607980918
2018-05-03,112724.1728859137
2018-05-04,114223.61998844738
2018-05-07,115218.13676939701
2018-05-08,115204.49192577064
2018-05-09,116839.2854571816
2018-05-10,118002.25736324278
2018-05-11,117693.04764356739
2018-05-14,118148.01629776826
2018-05-15,118427.07332545816
2018-05-16,119437.55872624995
2018-05-17,119897.54249975621
2018-05-18,119936.52464558948
2018-05-21,121509.74516336224
2018-05-22,120362.79405268683
2018-05-23,120829.41131317556
2018-05-24,120620.3169444406
2018-05-25,119709.85094609407
2018-05-29,119027.3133177479
2018-05-30,121298.484059014
2018-05-31,119786.19316950426
2018-06-01,122176.04064883031
2018-06-04,122801.00649660386
2018-06-05,122976.43071243641
2018-06-06,126090.30329593935
2018-06-07,125079.2242467241
2018-06-08,126542.2222867241
2018-06-11,126497.28870672411
2018-06-12,127070.3287067241
2018-06-13,127446.86870672411
2018-06-14,127187.8067867241
2018-06-15,126754.64420672412
2018-06-18,126740.6198067241
2018-06-19,126740.6198067241
2018-06-20,126740.6198067241
2018-06-21,126740.6198067241
2018-06-22,126740.6198067241
2018-06-25,126740.6198067241
2018-06-26,126740.6198067241
2018-06-27,126740.6198067241
2018-06-28,126740.6198067241
2018-06-29,126740.6198067241
2018-07-02,126740.6198067241
2018-07-03,126740.6198067241
2018-07-05,126740.6198067241
2018-07-06,126740.6198067241
2018-07-09,126740.6198067241
2018-07-10,126740.6198067241
2018-07-11,126740.6198067241
2018-07-12,126740.6198067241
2018-07-13,126740.6198067241
2018-07-16,126740.6198067241
2018-07-17,126740.6198067241
2018-07-18,126611.26990692451
2018-07-19,126492.01732175417
2018-07-20,126597.19259229527
2018-07-23,126593.71259229525
2018-07-24,126201.49259229525
2018-07-25,126478.28876463996
2018-07-26,127277.71277265597
2018-07-27,126688.53277265598
2018-07-30,126285.9546564235
2018-07-31,127923.49465642351
2018-08-01,126821.91047683699
2018-08-02,126428.28660043234
2018-08-03,126996.34309512551
2018-08-06,127144.5640147449
2018-08-07,128007.1508423181
2018-08-08,127535.94407820649
2018-08-09,127081.65944616008
2018-08-10,126143.2081218941
2018-08-13,125677.16046416815
2018-08-14,126439.71828498867
2018-08-15,126038.80941442859
2018-08-16,127071.9120609785
2018-08-17,128140.76285079261
2018-08-20,129646.12443846744
2018-08-21,130873.3818952862
2018-08-22,129428.46561784967
2018-08-23,129141.05764582462
2018-08-24,129777.3429934264
2018-08-27,131240.94774267997
2018-08-28,131184.70117263196
2018-08-29,131537.18445899067
2018-08-30,130289.92475395947
2018-08-31,130269.07378075148
2018-09-04,130236.31492760206
2018-09-05,131271.4583507588
2018-09-06,131180.78083806348
2018-09-07,130462.79689499951
2018-09-10,130914.56404038524
2018-09-11,130432.95098289014
2018-09-12,130611.57184379101
2018-09-13,130968.35650947217
2018-09-14,130968.35650947217
2018-09-17,130968.35650947217
2018-09-18,130968.35650947217
2018-09-19,130968.35650947217
2018-09-20,130968.35650947217
2018-09-21,130968.35650947217
2018-09-24,130968.35650947217
2018-09-25,130968.35650947217
2018-09-26,130968.35650947217
2018-09-27,130968.35650947217
2018-09-28,130968.35650947217
2018-10-01,130968.35650947217
2018-10-02,130968.35650947217
2018-10-03,130968.35650947217
2018-10-04,130968.35650947217
2018-10-05,130968.35650947217
2018-10-08,130968.35650947217
2018-10-09,130968.35650947217
2018-10-10,130968.35650947217
2018-10-11,130968.35650947217
2018-10-12,130968.35650947217
2018-10-15,130968.35650947217
2018-10-16,130968.35650947217
2018-10-17,130968.35650947217
2018-10-18,130968.35650947217
2018-10-19,131428.01731107538
2018-10-22,131244.7173110754
2018-10-23,131574.4973110754
2018-10-24,130518.53731107539
2018-10-25,131163.02440526377
2018-10-26,130468.87476598521
2018-10-29,129758.46783211747
2018-10-30,130457.35129905134
2018-10-31,131075.88129905134
2018-11-01,131133.71476598523
2018-11-02,129071.04789223772
2018-11-05,129396.17789223773
2018-11-06,130219.14789223773
2018-11-07,133085.89789223773
2018-11-08,133689.17264173675
2018-11-09,132765.73264173674
2018-11-12,129600.00264173673
2018-11-13,130148.41264173672
2018-11-14,129298.47264173672
2018-11-15,130531.23264173671
2018-11-16,130908.09264173672
2018-11-19,127142.73380973673
2018-11-20,124673.67380973673
2018-11-21,126125.63380973673
2018-11-23,124366.67380973673
2018-11-26,126473.44380973672
2018-11-27,126913.58380973671
2018-11-28,129438.2338097367
2018-11-29,128880.32380973673
2018-11-30,131099.83411033792
2018-12-03,132804.70499033792
2018-12-04,129067.69499033793
2018-12-06,128349.25416473794
2018-12-07,126009.66416473791
2018-12-10,125806.87136473792
2018-12-11,125868.95286473793
2018-12-12,126943.77496473792
2018-12-13,126847.97746473794
2018-12-14,125358.09746473792
2018-12-17,123404.48746473793
2018-12-18,124018.61302473793
2018-12-19,124016.23302473793
2018-12-20,123584.26302473793
2018-12-21,122735.79302473793
2018-12-24,122435.91302473794
2018-12-26,123792.51302473793
2018-12-27,124349.43302473793
2018-12-28,124476.76302473793
2018-12-31,124491.04302473793
2019-01-02,124498.18302473793
2019-01-03,123817.50302473793
2019-01-04,124927.77302473792
2019-01-07,124945.62302473793
2019-01-08,125356.17302473793
2019-01-09,125264.54302473793
2019-01-10,125476.36302473793
2019-01-11,125416.86302473793
2019-01-14,124925.39302473793
2019-01-15,125061.05302473792
2019-01-16,125235.80725503853
2019-01-17,125151.30725503853
2019-01-18,125437.80725503853
2019-01-22,125447.30725503853
2019-01-23,125513.80725503853
2019-01-24,125469.30725503853
2019-01-25,125565.30725503853
2019-01-28,125501.30725503853
2019-01-29,125529.80725503853
2019-01-30,125631.00998048943
2019-01-31,125573.66460974794
2019-02-01,125249.79126305456
2019-02-04,125786.71126305455
2019-02-05,125966.91126305456
2019-02-06,126376.84126305455
2019-02-07,125595.72126305455
2019-02-08,125258.01126305456
2019-02-11,125307.18126305455
2019-02-12,126195.78126305455
2019-02-13,126390.22126305455
2019-02-14,126734.71126305455
2019-02-15,127731.74126305454
2019-02-19,127395.46126305455
2019-02-20,127394.77126305454
2019-02-21,126923.70126305454
2019-02-22,127325.08126305454
2019-02-25,127372.58126305454
2019-02-26,127074.49126305457
2019-02-27,126408.18479010869
2019-02-28,126213.30479010867
2019-03-01,127264.07979010866
2019-03-04,126761.94979010866
2019-03-05,126702.72979010866
2019-03-06,125383.57979010866
2019-03-07,124607.60979010866
2019-03-08,123908.54979010866
2019-03-11,125072.29979010866
2019-03-12,124998.80979010867
2019-03-13,126107.84979010867
2019-03-14,125808.84399010865
2019-03-15,125585.84111010867
2019-03-18,126065.62635010867
2019-03-19,126080.55635010867
2019-03-20,126046.04635010866
2019-03-21,126588.94635010866
2019-03-22,126056.04635010866
2019-03-25,126287.03635010867
2019-03-26,126244.96635010866
2019-03-27,126202.68635010866
2019-03-28,126147.48402545936
2019-03-29,126267.51402545936
2019-04-01,126860.24402545937
2019-04-02,127004.46402545937
2019-04-03,127261.87402545937
2019-04-04,127405.10402545937
2019-04-05,127549.83402545936
2019-04-08,127517.71402545937
2019-04-09,127040.13402545937
2019-04-10,127352.24448545938
2019-04-11,127393.28448545937
2019-04-12,127536.16448545938
2019-04-15,127698.04448545937
2019-04-16,127494.36448545937
2019-04-17,127638.76448545937
2019-04-18,127796.84448545937
2019-04-22,127889.87915479805
2019-04-23,128270.83915479804
2019-04-24,128700.07584818482
2019-04-25,128554.01845339524
2019-04-26,129425.17097844534
2019-04-29,129051.23468586018
2019-04-30,129278.30468586019
2019-05-01,128017.92149948743
2019-05-02,127738.59926308997
2019-05-03,129121.28230339072
2019-05-06,128875.99504917726
2019-05-07,127069.69750037942
2019-05-08,127398.69965692714
2019-05-09,127852.92151875021
2019-05-10,128315.62215875022
2019-05-13,125648.1821587502
2019-05-14,127705.45215875022
2019-05-15,128240.93728100293
2019-05-16,129620.21088749837
2019-05-17,128741.19418056685
2019-05-20,128545.37716013365
2019-05-21,130351.91982612417
2019-05-22,130144.03217846372
2019-05-23,128067.10421707762
2019-05-24,128389.82594189122
2019-05-28,127792.79735282977
2019-05-29,127347.11844981853
2019-05-30,127742.13923278279
2019-05-31,126941.62970164773
2019-06-03,125934.3998563386
2019-06-04,128586.5186563386
2019-06-05,129821.0886563386
2019-06-06,130369.87165633861
2019-06-07,131171.5475563386
2019-06-10,130603.3519963386
2019-06-11,129640.66795633858
2019-06-12,130031.10795633859
2019-06-13,130101.0199563386
2019-06-14,129849.62515633859
2019-06-17,130078.28515633859
2019-06-18,130106.09515633859
2019-06-19,131080.91285172937
2019-06-20,131839.4928517294
2019-06-21,131571.52285172936
2019-06-24,131626.1828517294
2019-06-25,131241.97285172937
2019-06-26,131300.17285172938
2019-06-27,131749.13561172938
2019-06-28,132052.1156117294
2019-07-01,132505.93561172936
2019-07-02,132394.77561172936
2019-07-03,132541.77561172936
2019-07-05,132453.33561172936
2019-07-08,132157.59561172937
2019-07-09,132123.27561172936
2019-07-10,132265.13561172938
2019-07-11,132051.33561172936
2019-07-12,132340.09561172937
2019-07-15,132277.1156117294
2019-07-16,132066.45561172935
2019-07-17,132180.27561172936
2019-07-18,132184.05561172936
2019-07-19,131985.13561172938
2019-07-22,132164.93561172936
2019-07-23,132297.21561172936
2019-07-24,132754.66370792175
2019-07-25,132658.62078207004
2019-07-26,133097.51078207005
2019-07-29,133658.43078207006
2019-07-30,133319.73078207008
2019-07-31,132271.37394840273
2019-08-01,131008.61130383359
2019-08-02,130398.08769661914
2019-08-05,128278.50769661917
2019-08-06,129644.61769661916
2019-08-07,130105.67769661915
2019-08-08,131943.98769661918
2019-08-09,131789.49769661913
2019-08-12,131293.91769661917
2019-08-13,131940.55769661913
2019-08-14,129492.84769661914
2019-08-15,130238.08769661914
2019-08-16,131159.27769661916
2019-08-19,132608.66384892375
2019-08-20,132160.95384892376
2019-08-21,133322.20064251093
2019-08-22,133212.58064251093
2019-08-23,130186.82691771093
2019-08-26,131590.96691771096
2019-08-27,131662.29691771092
2019-08-28,132111.88691771094
2019-08-29,133244.24691771093
2019-08-30,133029.3981601959
2019-09-03,132385.1781601959
2019-09-04,133992.9481601959
2019-09-05,135026.6072001959
2019-09-06,135632.6517601959
2019-09-09,135703.8514601959
2019-09-10,135425.51146019594
2019-09-11,135626.6614601959
2019-09-12,135933.2914601959
2019-09-13,135697.53858019592
2019-09-16,135223.3192401959
2019-09-17,135636.1792401959
2019-09-18,135611.1292401959
2019-09-19,135485.6292401959
2019-09-20,135129.01924019592
2019-09-23,135461.0892401959
2019-09-24,135135.0892401959
2019-09-25,135385.5592401959
2019-09-26,135288.6992401959
2019-09-27,134862.2792401959
2019-09-30,135132.91924019592
2019-10-01,135062.0049401959
2019-10-02,134545.32630292137
2019-10-03,134848.74608292137
2019-10-04,135287.34608292137
2019-10-07,135142.84608292134
2019-10-08,134994.09608292134
2019-10-09,135059.54608292136
2019-10-10,134971.99608292134
2019-10-11,135039.14608292136
2019-10-14,134775.44038292137
2019-10-15,134603.74038292136
2019-10-16,134556.14038292135
2019-10-17,134697.24038292136
2019-10-18,135114.89068352256
2019-10-21,135091.51068352256
2019-10-22,134248.47068352258
2019-10-23,134437.22675566684
2019-10-24,133119.52280777105
2019-10-25,132291.93906957464
2019-10-28,132933.40906957467
2019-10-29,132881.18906957467
2019-10-30,133470.38906957465
2019-10-31,132928.59241626805
2019-11-01,133948.70241626806
2019-11-04,133790.2455024404
2019-11-05,133621.84550244038
2019-11-06,134110.1755024404
2019-11-07,134385.0255024404
2019-11-08,135635.89160821182
2019-11-11,135336.81624668997
2019-11-12,135705.39056008204
2019-11-13,136427.438360082
2019-11-14,136913.573360082
2019-11-15,138607.3153641624
2019-11-18,139289.93855829674
2019-11-19,139377.88142938205
2019-11-20,138938.22397734143
2019-11-21,137788.21620209794
2019-11-22,137913.49810357462
2019-11-25,140166.6296816945
2019-11-26,140845.25093638065
2019-11-27,141289.661867556
2019-11-29,140640.75247514347
2019-12-02,139119.45239514348
2019-12-03,138587.28239514347
2019-12-04,138796.8623951435
2019-12-05,138821.3097951435
2019-12-06,139180.48179514348
2019-12-09,139052.53003514349
2019-12-10,139156.0500351435
2019-12-11,139664.99003514348
2019-12-12,139676.2900351435
2019-12-13,140050.3079151435
2019-12-16,140475.79791514348
2019-12-17,140082.96005514349
2019-12-18,139647.0700551435
2019-12-19,139823.7300551435
2019-12-20,140291.7900551435
2019-12-23,140317.1120551435
2019-12-24,140413.2920551435
2019-12-26,140369.7820551435
2019-12-27,140337.7220551435
2019-12-30,140282.76205514348
2019-12-31,140279.9957351435
2020-01-02,140279.9957351435
2020-01-03,140279.9957351435
2020-01-06,140279.9957351435
2020-01-07,140279.9957351435
2020-01-08,140279.9957351435
2020-01-09,140279.9957351435
2020-01-10,140279.9957351435
2020-01-13,140279.9957351435
2020-01-14,140279.9957351435
2020-01-15,140279.9957351435
2020-01-16,140382.85040448216
2020-01-17,140273.89040448217
2020-01-21,140372.77040448217
2020-01-22,140375.65040448218
2020-01-23,140321.41040448216
2020-01-24,140002.21040448218
2020-01-27,139583.65040448218
2020-01-28,139669.09040448218
2020-01-29,139526.53040448218
2020-01-30,139434.37040448218
2020-01-31,139024.93040448218
2020-02-03,139275.78538208536
2020-02-04,140171.49570608538
2020-02-05,140697.12551708537
2020-02-06,140555.10565208536
2020-02-07,140422.35630008538
2020-02-10,140751.21643508537
2020-02-11,141140.67576008537
2020-02-12,141479.61570608537
2020-02-13,141304.32516608536
2020-02-14,142249.98142170662
2020-02-18,142299.1103687066
2020-02-19,142593.5416107066
2020-02-20,142313.5802337066
2020-02-21,142103.6917457066
2020-02-24,139360.5013407066
2020-02-25,136783.2257067066
2020-02-26,136658.9467057066
2020-02-27,135099.89565270662
2020-02-28,134378.77900770662
2020-03-02,135011.92879170662
2020-03-03,134211.8886297066
2020-03-04,136238.3893857066
2020-03-05,134906.8090617066
2020-03-06,134107.8723837066
2020-03-09,132330.5521137066
2020-03-10,133380.5826267066
2020-03-11,132265.18604014357
2020-03-12,131151.51377134357
2020-03-13,131151.51377134357
2020-03-16,131151.51377134357
2020-03-17,131151.51377134357
2020-03-18,131151.51377134357
2020-03-19,131151.51377134357
2020-03-20,131151.51377134357
2020-03-23,131151.51377134357
2020-03-24,131151.51377134357
2020-03-25,131151.51377134357
2020-03-26,131151.51377134357
2020-03-27,131151.51377134357
2020-03-30,131151.51377134357
2020-03-31,131151.51377134357
2020-04-01,131151.51377134357
2020-04-02,131151.51377134357
2020-04-03,131151.51377134357
2020-04-06,131151.51377134357
2020-04-07,131151.51377134357
2020-04-08,131151.51377134357
2020-04-09,131151.51377134357
2020-04-13,131151.51377134357
2020-04-14,131151.51377134357
2020-04-15,131151.51377134357
2020-04-16,131151.51377134357
2020-04-17,131151.51377134357
2020-04-20,131151.51377134357
2020-04-21,131151.51377134357
2020-04-22,131151.51377134357
2020-04-23,131151.51377134357
2020-04-24,131151.51377134357
2020-04-27,131151.51377134357
2020-04-28,131151.51377134357
2020-04-29,131151.51377134357
2020-04-30,131151.51377134357
2020-05-01,131151.51377134357
2020-05-04,131151.51377134357
2020-05-05,131151.51377134357
2020-05-06,131151.51377134357
2020-05-07,131151.51377134357
2020-05-08,131151.51377134357
2020-05-11,130835.59068517122
2020-05-12,130396.81068517122
2020-05-13,130311.20532517122
2020-05-14,130311.20532517122
2020-05-15,130311.20532517122
2020-05-18,130311.20532517122
2020-05-19,130311.20532517122
2020-05-20,130311.20532517122
2020-05-21,130311.20532517122
2020-05-22,130311.20532517122
2020-05-26,130311.20532517122
2020-05-27,130311.20532517122
2020-05-28,130311.20532517122
2020-05-29,130311.20532517122
2020-06-01,130311.20532517122
2020-06-02,130311.20532517122
2020-06-03,130311.20532517122
2020-06-04,130311.20532517122
2020-06-05,130311.20532517122
2020-06-08,130311.20532517122
2020-06-09,130311.20532517122
2020-06-10,130311.20532517122
2020-06-11,130311.20532517122
2020-06-12,130311.20532517122
2020-06-15,130311.20532517122
2020-06-16,130311.20532517122
2020-06-17,130311.20532517122
2020-06-18,130311.20532517122
2020-06-19,130311.20532517122
2020-06-22,130311.20532517122
2020-06-23,130311.20532517122
2020-06-24,130311.20532517122
2020-06-25,130311.20532517122
2020-06-26,130311.20532517122
2020-06-29,130311.20532517122
2020-06-30,130311.20532517122
2020-07-01,130311.20532517122
2020-07-02,130311.20532517122
2020-07-06,130311.20532517122
2020-07-07,130311.20532517122
2020-07-08,130311.20532517122
2020-07-09,130311.20532517122
2020-07-10,130311.20532517122
2020-07-13,130311.20532517122
2020-07-14,130311.20532517122
2020-07-15,130311.20532517122
2020-07-16,130311.20532517122
2020-07-17,130311.20532517122
2020-07-20,130311.20532517122
2020-07-21,130311.20532517122
2020-07-22,130593.66151755599
2020-07-23,130483.84151755598
2020-07-24,130459.87151755599
2020-07-27,130389.83151755598
2020-07-28,130512.10021495077
2020-07-29,129835.6760466141
2020-07-30,129975.36503178444
2020-07-31,129856.41581334757
2020-08-03,130206.74581334756
2020-08-04,130560.49581334757
2020-08-05,130723.57581334756
2020-08-06,130379.12581334756
2020-08-07,130057.74581334756
2020-08-10,129581.26581334756
2020-08-11,129439.13581334756
2020-08-12,130325.62581334756
2020-08-13,130121.32581334756
2020-08-14,129979.28581334757
2020-08-17,130076.59581334757
2020-08-18,130171.63581334756
2020-08-19,129916.03581334757
2020-08-20,129932.93581334756
2020-08-21,129948.12581334756
2020-08-24,130162.02581334757
2020-08-25,130211.36081334756
2020-08-26,130259.11581334757
2020-08-27,129613.82023334758
2020-08-28,129690.38023334758
2020-08-31,129544.26023334757
2020-09-01,129547.76023334757
2020-09-02,129998.21585334757
2020-09-03,129240.43585334758
2020-09-04,128973.85585334757
2020-09-08,128176.66028534758
2020-09-09,128465.28716534757
2020-09-10,128365.74716534758
2020-09-11,128413.19624534759
2020-09-14,128413.19624534759
2020-09-15,128413.19624534759
2020-09-16,128413.19624534759
2020-09-17,128413.19624534759
2020-09-18,128413.19624534759
2020-09-21,128413.19624534759
2020-09-22,128413.19624534759
2020-09-23,128413.19624534759
2020-09-24,128413.19624534759
2020-09-25,128413.19624534759
2020-09-28,128413.19624534759
2020-09-29,128413.19624534759
2020-09-30,128413.19624534759
2020-10-01,128413.19624534759
2020-10-02,128413.19624534759
2020-10-05,128413.19624534759
2020-10-06,128413.19624534759
2020-10-07,128413.19624534759
2020-10-08,128413.19624534759
2020-10-09,128413.19624534759
2020-10-12,128413.19624534759
2020-10-13,128413.19624534759
2020-10-14,128413.19624534759
2020-10-15,128413.19624534759
2020-10-16,128413.19624534759
2020-10-19,128413.19624534759
2020-10-20,128413.19624534759
2020-10-21,128413.19624534759
2020-10-22,128413.19624534759
2020-10-23,128413.19624534759
2020-10-26,128413.19624534759
2020-10-27,128413.19624534759
2020-10-28,128413.19624534759
2020-10-29,128413.19624534759
2020-10-30,128413.19624534759
2020-11-02,128413.19624534759
2020-11-03,128413.19624534759
2020-11-04,128413.19624534759
2020-11-05,128413.19624534759
2020-11-06,128413.19624534759
2020-11-09,128413.19624534759
2020-11-10,128413.19624534759
2020-11-11,128413.19624534759
2020-11-12,128413.19624534759
2020-11-13,128447.97123532754
2020-11-16,128594.93123532755
2020-11-17,128585.25123532754
2020-11-18,128703.17123532754
2020-11-19,128924.6016762093
2020-11-20,128912.7416762093
2020-11-23,129439.6316762093
2020-11-24,129666.3316762093
2020-11-25,129579.5716762093
2020-11-27,129711.48167620931
2020-11-30,129686.76167620931
2020-12-01,129826.5216762093
2020-12-02,129818.6016762093
2020-12-03,129834.7516762093
2020-12-04,130079.9416762093
2020-12-07,130027.90167620931
2020-12-08,130074.5516762093
2020-12-09,129954.6616762093
2020-12-10,129899.0316762093
2020-12-11,129909.5816762093
2020-12-14,129900.54167620931
2020-12-15,129913.4416762093
2020-12-16,129930.8416762093
2020-12-17,129821.79167620931
2020-12-18,129667.3716762093
2020-12-21,129745.1116762093
2020-12-22,129699.18167620931
2020-12-23,129652.2216762093
2020-12-24,129776.98167620931
2020-12-28,129780.90167620931
2020-12-29,129663.3201562093
2020-12-30,129620.4001562093
2020-12-31,129718.4501562093
2021-01-04,129759.1501562093
2021-01-05,129847.1827762093
2021-01-06,129847.1827762093
2021-01-07,129847.1827762093
2021-01-08,129847.1827762093
2021-01-11,129847.1827762093
2021-01-12,129847.1827762093
2021-01-13,129847.1827762093
2021-01-14,129847.1827762093
2021-01-15,129847.1827762093
2021-01-19,129847.1827762093
2021-01-20,129847.1827762093
2021-01-21,129847.1827762093
2021-01-22,129847.1827762093
2021-01-25,129847.1827762093
2021-01-26,129847.1827762093
2021-01-27,129847.1827762093
2021-01-28,129847.1827762093
2021-01-29,129847.1827762093
2021-02-01,129847.1827762093
2021-02-02,129847.1827762093
2021-02-03,129791.09203472633
2021-02-04,129751.41203472634
2021-02-05,129141.05247560811
2021-02-08,128909.8155472856
2021-02-09,128922.41870768601
2021-02-10,128430.4332896967
2021-02-11,128826.15440053654
2021-02-12,128924.61472524358
2021-02-16,128316.81616872501
2021-02-17,128535.35402578069
2021-02-18,128661.95742849066
2021-02-19,128945.88261830999
2021-02-22,129148.80021474553
2021-02-23,129977.53698659611
2021-02-24,130931.97030507756
2021-02-25,129295.67589955998
2021-02-26,128538.35695424749
2021-03-01,129940.4893181391
2021-03-02,130205.15324636175
2021-03-03,129818.52568349554
2021-03-04,129287.42883413029
2021-03-05,130886.07734670353
2021-03-08,131481.3111021967
2021-03-09,132907.6199931879
2021-03-10,133831.77871938422
2021-03-11,133776.64684621524
2021-03-12,134309.13178090763
2021-03-15,134860.000876977
2021-03-16,134630.87895070744
2021-03-17,134976.14841726018
2021-03-18,134832.8123995551
2021-03-19,134766.68271998968
2021-03-22,134387.9992920844
2021-03-23,134031.575286225
2021-03-24,134229.97528622503
2021-03-25,134574.18328622502
2021-03-26,134574.18328622502
2021-03-29,134574.18328622502
2021-03-30,134574.18328622502
2021-03-31,134574.18328622502
2021-04-01,134574.18328622502
2021-04-05,134574.18328622502
2021-04-06,134574.18328622502
2021-04-07,134574.18328622502
2021-04-08,134574.18328622502
2021-04-09,134574.18328622502
2021-04-12,134574.18328622502
2021-04-13,134574.18328622502
2021-04-14,134574.18328622502
2021-04-15,134574.18328622502
2021-04-16,134574.18328622502
2021-04-19,134574.18328622502
2021-04-20,134574.18328622502
2021-04-21,135361.3116830186
2021-04-22,134724.45168301862
2021-04-23,136330.50569103463
2021-04-26,137039.37569103463
2021-04-27,137350.55569103465
2021-04-28,137412.2575547621
2021-04-29,138557.1675547621
2021-04-30,138236.19997062077
2021-05-03,138882.2310764092
2021-05-04,138922.32573521507
2021-05-05,140089.77639000554
2021-05-06,140858.89888488984
2021-05-07,143275.00834461203
2021-05-10,142165.62132144888
2021-05-11,140537.0951635755
2021-05-12,135842.08269279974
2021-05-13,139265.36649655423
2021-05-14,142982.0561007482
2021-05-17,143874.63328226728
2021-05-18,142030.36367053603
2021-05-19,141576.69139107253
2021-05-20,142864.94496880908
2021-05-21,142280.23111715433
2021-05-24,144111.82350752444
2021-05-25,142889.73130938268
2021-05-26,143414.89355547307
2021-05-27,143708.59164182114
2021-05-28,144656.4178042959
2021-06-01,146066.37160786765
2021-06-02,145229.35988801473
2021-06-03,145688.1600132604
2021-06-04,147688.99958048013
2021-06-07,147360.17415516762
2021-06-08,147986.34568348795
2021-06-09,147885.21240712077
2021-06-10,149011.33279903483
2021-06-11,148959.88704219888
2021-06-14,149259.67785384928
2021-06-15,149059.31785384926
2021-06-16,148782.45785384928
2021-06-17,148598.48113384927
2021-06-18,148598.48113384927
2021-06-21,148598.48113384927
2021-06-22,148598.48113384927
2021-06-23,148598.48113384927
2021-06-24,148598.48113384927
2021-06-25,148598.48113384927
2021-06-28,148598.48113384927
2021-06-29,148598.48113384927
2021-06-30,148598.48113384927
2021-07-01,148598.48113384927
2021-07-02,148598.48113384927
2021-07-06,148598.48113384927
2021-07-07,148598.48113384927
2021-07-08,148598.48113384927
2021-07-09,148598.48113384927
2021-07-12,148598.48113384927
2021-07-13,148598.48113384927
2021-07-14,148598.48113384927
2021-07-15,148598.48113384927
2021-07-16,148598.48113384927
2021-07-19,148349.65007172505
2021-07-20,148635.85007172503
2021-07-21,149776.56702563283
2021-07-22,150168.91702563284
2021-07-23,150578.13937032223
2021-07-26,150442.57937032223
2021-07-27,150571.59937032222
2021-07-28,149743.94910980118
2021-07-29,150020.03389938036
2021-07-30,150041.11389938035
2021-08-02,148946.75154442765
2021-08-03,150657.04342072658
2021-08-04,149438.53325388502
2021-08-05,150215.56630431215
2021-08-06,150850.95776082593
2021-08-09,150579.31290245385
2021-08-10,151426.50688493229
2021-08-11,153077.2508600913
2021-08-12,153345.9446992432
2021-08-13,153935.05695412005
2021-08-16,154645.44309662
2021-08-17,153792.72471192206
2021-08-18,152271.15844257825
2021-08-19,152075.0604709355
2021-08-20,153437.42515072727
2021-08-23,154575.30027929042
2021-08-24,155021.66861978194
2021-08-25,155424.37997515372
2021-08-26,153600.5147941094
2021-08-27,155172.29505855564
2021-08-30,154524.1276277397
2021-08-31,154681.6637986598
2021-09-01,154543.0787018369
2021-09-02,155896.5191552071
2021-09-03,154662.55318718954
2021-09-07,153558.84800042195
2021-09-08,153650.40339104694
2021-09-09,153061.19137925006
2021-09-10,152406.84477634967
2021-09-13,152334.92976780477
2021-09-14,151846.84316654742
2021-09-15,152484.76316654743
2021-09-16,152070.31094654746
2021-09-17,152070.31094654746
2021-09-20,152070.31094654746
2021-09-21,152070.31094654746
2021-09-22,152070.31094654746
2021-09-23,152070.31094654746
2021-09-24,152070.31094654746
2021-09-27,152070.31094654746
2021-09-28,152070.31094654746
2021-09-29,152070.31094654746
2021-09-30,152070.31094654746
2021-10-01,152070.31094654746
2021-10-04,152070.31094654746
2021-10-05,152070.31094654746
2021-10-06,152070.31094654746
2021-10-07,152070.31094654746
2021-10-08,152070.31094654746
2021-10-11,152070.31094654746
2021-10-12,152070.31094654746
2021-10-13,152070.31094654746
2021-10-14,152070.31094654746
2021-10-15,152070.31094654746
2021-10-18,152070.31094654746
2021-10-19,152070.31094654746
2021-10-20,152070.31094654746
2021-10-21,152070.31094654746
2021-10-22,152094.34806077593
2021-10-25,152266.08806077592
2021-10-26,152111.08806077592
2021-10-27,153056.84493452343
2021-10-28,153026.42830125688
2021-10-29,154962.03066598636
2021-11-01,154781.90514088917
2021-11-02,155931.37254685987
2021-11-03,157181.59278518736
2021-11-04,158276.57539646918
2021-11-05,158595.87340634866
2021-11-08,157742.3763965198
2021-11-09,158268.11662323686
2021-11-10,156633.4134603689
2021-11-11,158509.99452320935
2021-11-12,160561.6423683051
2021-11-15,160032.31791401934
2021-11-16,160922.48299683665
2021-11-17,160480.3601321047
2021-11-18,161085.77129439995
2021-11-19,160349.27447270261
2021-11-22,158238.68074101506
2021-11-23,159231.02273187213
2021-11-24,159189.523155018
2021-11-26,154762.32468418597
2021-11-29,157388.30078671896
2021-11-30,152210.57035384874
2021-12-01,150308.08839210882
2021-12-02,153204.25285802284
2021-12-03,151907.55450446918
2021-12-06,153094.9264246698
2021-12-07,156148.4252564278
2021-12-08,156495.70302807493
2021-12-09,155270.77261610224
2021-12-10,156841.5808931225
2021-12-13,156625.86667994867
2021-12-14,155792.99831029688
2021-12-15,157248.59880916408
2021-12-16,157147.04599412502
2021-12-17,157147.04599412502
2021-12-20,157147.04599412502
2021-12-21,157147.04599412502
2021-12-22,157147.04599412502
2021-12-23,157147.04599412502
2021-12-27,157147.04599412502
2021-12-28,157147.04599412502
2021-12-29,157147.04599412502
2021-12-30,157147.04599412502
2021-12-31,157147.04599412502
2022-01-03,157147.04599412502
2022-01-04,157147.04599412502
2022-01-05,157147.04599412502
2022-01-06,157147.04599412502
2022-01-07,157147.04599412502
2022-01-10,157147.04599412502
2022-01-11,157147.04599412502
2022-01-12,157147.04599412502
2022-01-13,157147.04599412502
2022-01-14,157147.04599412502
2022-01-18,157147.04599412502
2022-01-19,157147.04599412502
2022-01-20,157147.04599412502
2022-01-21,157147.04599412502
2022-01-24,157147.04599412502
2022-01-25,157147.04599412502
2022-01-26,157147.04599412502
2022-01-27,157147.04599412502
2022-01-28,157147.04599412502
2022-01-31,157147.04599412502
2022-02-01,157147.04599412502
2022-02-02,157147.04599412502
2022-02-03,157182.11473159998
2022-02-04,157230.86483180037
2022-02-07,157315.31483180038
2022-02-08,158825.81012238155
2022-02-09,159812.69779773225
2022-02-10,157293.37779773225
2022-02-11,155401.13779773226
2022-02-14,155363.21779773224
2022-02-15,156939.65779773224
2022-02-16,157300.85779773223
2022-02-17,154988.7177977322
2022-02-18,154978.79779773223
2022-02-22,153938.89779773224
2022-02-23,152888.88779773226
2022-02-24,151196.09879773224
2022-02-25,151931.45879773225
2022-02-28,151668.16879773224
2022-03-01,151209.74879773223
2022-03-02,151828.14879773225
2022-03-03,151622.55879773223
2022-03-04,150950.34879773224
2022-03-07,150645.60886173224
2022-03-08,150129.45886173224
2022-03-09,150294.95886173224
2022-03-10,150189.45886173224
2022-03-11,150162.50886173226
2022-03-14,150196.90886173226
2022-03-15,150396.05886173225
2022-03-16,150553.45886173224
2022-03-17,150674.90886173226
2022-03-18,150535.82546173225
2022-03-21,150682.77206173225
2022-03-22,150682.77206173225
2022-03-23,150682.77206173225
2022-03-24,150682.77206173225
2022-03-25,150682.77206173225
2022-03-28,150682.77206173225
2022-03-29,150682.77206173225
2022-03-30,150682.77206173225
2022-03-31,150682.77206173225
2022-04-01,150682.77206173225
2022-04-04,150682.77206173225
2022-04-05,150682.77206173225
2022-04-06,150682.77206173225
2022-04-07,150682.77206173225
2022-04-08,150682.77206173225
2022-04-11,150682.77206173225
2022-04-12,150682.77206173225
2022-04-13,150682.77206173225
2022-04-14,150682.77206173225
2022-04-18,150682.77206173225
2022-04-19,150682.77206173225
2022-04-20,150682.77206173225
2022-04-21,150682.77206173225
2022-04-22,150682.77206173225
2022-04-25,150682.77206173225
2022-04-26,150682.77206173225
2022-04-27,150682.77206173225
2022-04-28,150682.77206173225
2022-04-29,150682.77206173225
2022-05-02,150682.77206173225
2022-05-03,150682.77206173225
2022-05-04,150682.77206173225
2022-05-05,150682.77206173225
2022-05-06,150682.77206173225
2022-05-09,150682.77206173225
2022-05-10,150682.77206173225
2022-05-11,150682.77206173225
2022-05-12,150682.77206173225
2022-05-13,150682.77206173225
2022-05-16,150682.77206173225
2022-05-17,150866.2771519126
2022-05-18,150864.4171519126
2022-05-19,150660.4371519126
2022-05-20,150434.7571519126
2022-05-23,150899.7571519126
2022-05-24,150842.0971519126
2022-05-25,150804.2771519126
2022-05-26,150878.6771519126
2022-05-27,151033.6771519126
2022-05-31,150956.1771519126
2022-06-01,150962.3771519126
2022-06-02,151236.4171519126
2022-06-03,151107.45715191262
2022-06-06,151108.6971519126
2022-06-07,151397.6171519126
2022-06-08,151382.1171519126
2022-06-09,151247.5771519126
2022-06-10,151168.2171519126
2022-06-13,150873.0971519126
2022-06-14,150762.73715191262
2022-06-15,151057.23715191262
2022-06-16,150979.1171519126
2022-06-17,151035.5371519126
2022-06-21,151219.6771519126
2022-06-22,151208.51715191262
2022-06-23,151298.4171519126
2022-06-24,151519.7571519126
2022-06-27,151246.3371519126
2022-06-28,151058.4771519126
2022-06-29,151018.1771519126
2022-06-30,150816.9834319126
2022-07-01,150816.9834319126
2022-07-05,150816.9834319126
2022-07-06,150816.9834319126
2022-07-07,150816.9834319126
2022-07-08,150816.9834319126
2022-07-11,150816.9834319126
2022-07-12,150816.9834319126
2022-07-13,150816.9834319126
2022-07-14,150816.9834319126
2022-07-15,150816.9834319126
2022-07-18,150639.26563632142
2022-07-19,150836.3856363214
2022-07-20,150640.6656363214
2022-07-21,150682.52563632143
2022-07-22,150667.82563632142
2022-07-25,150780.6656363214
2022-07-26,150804.54804113106
2022-07-27,151490.9148547583
2022-07-28,152481.5632111568
2022-07-29,152887.3383283443
2022-08-01,152490.82878002402
2022-08-02,152031.00438793417
2022-08-03,152470.05063305137
2022-08-04,152400.92311107874
2022-08-05,152718.49448559043
2022-08-08,152674.23132076958
2022-08-09,152869.6858691094
2022-08-10,153757.67009518365
2022-08-11,153607.45302731253
2022-08-12,155275.67072262504
2022-08-15,155606.01107907036
2022-08-16,156053.811726043
2022-08-17,155499.77546383598
2022-08-18,156105.2937820104
2022-08-19,154607.29239285024
2022-08-22,152331.99242214713
2022-08-23,152371.1671462682
2022-08-24,152537.23190945183
2022-08-25,154229.16687527212
2022-08-26,151316.36647732294
2022-08-29,150684.46137435414
2022-08-30,149883.71735091665
2022-08-31,149563.63634505728
2022-09-01,149054.20430181042
2022-09-02,148766.27639409556
2022-09-06,148509.51821538463
2022-09-07,151038.28033483776
2022-09-08,151793.9977888026
2022-09-09,152109.19615141
2022-09-12,152063.33615141
2022-09-13,151315.13595141002
2022-09-14,151809.98595141002
2022-09-15,150652.83595141
2022-09-16,150262.98595141002
2022-09-19,150377.33595141
2022-09-20,150079.14795141004
2022-09-21,149705.59795141002
2022-09-22,149187.89795141004
2022-09-23,148621.10511141003
2022-09-26,148621.10511141003
2022-09-27,148621.10511141003
2022-09-28,148621.10511141003
2022-09-29,148621.10511141003
2022-09-30,148621.10511141003
2022-10-03,148621.10511141003
2022-10-04,148621.10511141003
2022-10-05,148621.10511141003
2022-10-06,148621.10511141003
2022-10-07,148621.10511141003
2022-10-10,148621.10511141003
2022-10-11,148621.10511141003
2022-10-12,148621.10511141003
2022-10-13,148621.10511141003
2022-10-14,148621.10511141003
2022-10-17,148621.10511141003
2022-10-18,148621.10511141003
2022-10-19,148621.10511141003
2022-10-20,148621.10511141003
2022-10-21,148621.10511141003
2022-10-24,148621.10511141003
2022-10-25,148621.10511141003
2022-10-26,148621.10511141003
2022-10-27,148621.10511141003
2022-10-28,149177.70825848187
2022-10-31,149326.90643907888
2022-11-01,149572.8104356609
2022-11-02,148839.34310967595
2022-11-03,149421.41097656914
2022-11-04,150043.39600220392
2022-11-07,150157.30489136407
2022-11-08,150220.70440308284
2022-11-09,149796.52630860038
2022-11-10,152143.03183472343
2022-11-11,151681.0566540594
2022-11-14,150977.99282227227
2022-11-15,151724.04174683284
2022-11-16,151761.11641724297
2022-11-17,151492.5266662664
2022-11-18,152021.99701172538
2022-11-21,152213.3559130926
2022-11-22,152456.6879553289
2022-11-23,152643.31410889336
2022-11-25,152841.8827258367
2022-11-28,151848.63823731133
2022-11-29,152105.85190918634
2022-11-30,153060.47006592463
2022-12-01,153095.4497802801
2022-12-02,153039.7353820867
2022-12-05,152040.59300781914
2022-12-06,151711.01813355158
2022-12-07,151900.49120728203
2022-12-08,152256.5853674383
2022-12-09,151830.335257575
2022-12-12,152295.36156794123
2022-12-13,152623.29411952326
2022-12-14,152562.7746371014
2022-12-15,152112.1853178631
2022-12-16,151808.6447853924
2022-12-19,151808.6447853924
2022-12-20,151808.6447853924
2022-12-21,151808.6447853924
2022-12-22,151808.6447853924
2022-12-23,151808.6447853924
2022-12-27,151808.6447853924
2022-12-28,151808.6447853924
2022-12-29,151808.6447853924
2022-12-30,151808.6447853924
2023-01-03,151808.6447853924
2023-01-04,151808.6447853924
2023-01-05,151808.6447853924
2023-01-06,151808.6447853924
2023-01-09,151808.6447853924
2023-01-10,151808.6447853924
2023-01-11,151808.6447853924
2023-01-12,151808.6447853924
2023-01-13,151808.6447853924
2023-01-17,151808.6447853924
2023-01-18,151800.45915412987
2023-01-19,151394.33915412988
2023-01-20,151409.95915412987
2023-01-23,151620.82915412987
2023-01-24,151409.95915412987
2023-01-25,151355.28915412986
2023-01-26,151409.95915412987
2023-01-27,151342.44210002164
2023-01-30,151220.03210002166
2023-01-31,151733.98210002165
2023-02-01,152234.57210002164
2023-02-02,151884.38210002164
2023-02-03,152556.32210002164
2023-02-06,152579.00210002167
2023-02-07,152982.07210002164
2023-02-08,152982.89210002165
2023-02-09,152759.41636855874
2023-02-10,152216.35803188538
2023-02-13,152723.0880318854
2023-02-14,153904.75462507177
2023-02-15,155839.72145873908
2023-02-16,154084.96145873907
2023-02-17,152397.2014587391
2023-02-21,150343.1514587391
2023-02-22,149738.90145873907
2023-02-23,149654.01145873906
2023-02-24,149037.9214587391
2023-02-27,148904.7814587391
2023-02-28,148464.2014587391
2023-03-01,148319.9914587391
2023-03-02,149042.91676843847
2023-03-03,150471.17676843848
2023-03-06,150614.5567684385
2023-03-07,149736.85676843848
2023-03-08,149381.57676843848
2023-03-09,146961.14676843846
2023-03-10,145322.13323883846
2023-03-13,144598.62910843847
2023-03-14,145579.82910843848
2023-03-15,145292.4391084385
2023-03-16,146025.58910843846
2023-03-17,145492.74910843847
2023-03-20,145923.56910843847
2023-03-21,146462.7091084385
2023-03-22,145838.37910843847
2023-03-23,145712.54910843848
2023-03-24,145547.85316843848
2023-03-27,145646.25316843847
2023-03-28,145731.53316843847
2023-03-29,146087.41316843848
2023-03-30,146069.42096402968
2023-03-31,146170.22096402966
2023-04-03,145842.39096402965
2023-04-04,145708.40096402966
2023-04-05,145451.51096402967
2023-04-06,145223.90096402966
2023-04-10,145081.51096402967
2023-04-11,144877.34096402966
2023-04-12,145113.28096402966
2023-04-13,145605.02096402965
2023-04-14,145586.05836402965
2023-04-17,145695.70836402965
2023-04-18,145627.33836402965
2023-04-19,145448.02836402965
2023-04-20,145595.08836402965
2023-04-21,145627.33836402965
2023-04-24,145565.41836402967
2023-04-25,145213.24836402966
2023-04-26,144974.59836402966
2023-04-27,145335.79836402967
2023-04-28,145598.3490942404
2023-05-01,146184.47244262905
2023-05-02,145027.19181770488
2023-05-03,144263.58999299322
2023-05-04,142407.3859145271
2023-05-05,144038.20461080546
2023-05-08,143625.71300518097
2023-05-09,142694.51249488312
2023-05-10,143129.84616415302
2023-05-11,142175.1424610012
2023-05-12,142339.07771281735
2023-05-15,142860.45292456794
2023-05-16,140522.54341162727
2023-05-17,142782.8011463815
2023-05-18,144233.37042421472
2023-05-19,143965.4303903645
2023-05-22,144019.92659265615
2023-05-23,142226.6008643154
2023-05-24,139883.27491283548
2023-05-25,141157.75448501605
2023-05-26,143097.65344655354
2023-05-30,143029.8550100677
2023-05-31,141846.38797411602
2023-06-01,143636.35794267576
2023-06-02,147923.73908295654
2023-06-05,148393.81102725578
2023-06-06,148835.1084835545
2023-06-07,150443.58105729445
2023-06-08,150563.98905704252
2023-06-09,151339.92072105285
2023-06-12,153277.80521473452
2023-06-13,155404.5688521173
2023-06-14,154984.43837887511
2023-06-15,155733.8038873712
2023-06-16,155733.8038873712
2023-06-20,155733.8038873712
2023-06-21,155733.8038873712
2023-06-22,155733.8038873712
2023-06-23,155733.8038873712
2023-06-26,155733.8038873712
2023-06-27,155733.8038873712
2023-06-28,155733.8038873712
2023-06-29,155733.8038873712
2023-06-30,155733.8038873712
2023-07-03,155733.8038873712
2023-07-05,155733.8038873712
2023-07-06,155733.8038873712
2023-07-07,155733.8038873712
2023-07-10,155733.8038873712
2023-07-11,155733.8038873712
2023-07-12,155733.8038873712
2023-07-13,155733.8038873712
2023-07-14,155733.8038873712
2023-07-17,155733.8038873712
2023-07-18,155733.8038873712
2023-07-19,155733.8038873712
2023-07-20,155733.8038873712
2023-07-21,155805.79583125896
2023-07-24,155368.69583125898
2023-07-25,154849.81583125898
2023-07-26,154582.2377350666
2023-07-27,154920.27807574795
2023-07-28,155288.38048055756
2023-07-31,154670.8992380726
2023-08-01,155175.56300560766
2023-08-02,153746.62300560766
2023-08-03,153507.64827614874
2023-08-04,153032.45331486413
2023-08-07,155832.26298470105
2023-08-08,155912.97051160215
2023-08-09,154499.52589505733
2023-08-10,154222.10913455614
2023-08-11,152821.65022958815
2023-08-14,153143.07248713233
2023-08-15,151814.2371424864
2023-08-16,150097.74045132988
2023-08-17,148710.19675869524
2023-08-18,148781.8634793521
2023-08-21,149191.099656371
2023-08-22,148893.82528962247
2023-08-23,150960.33037897715
2023-08-24,148388.62492430548
2023-08-25,149297.60892547795
2023-08-28,150168.622382365
2023-08-29,152615.79529483692
2023-08-30,153082.57766276432
2023-08-31,153724.4094860173
2023-09-01,153480.9907644664
2023-09-05,151484.08149798174
2023-09-06,151689.21168643367
2023-09-07,150867.17232643365
2023-09-08,150676.09890643365
2023-09-11,150861.62802643364
2023-09-12,150265.34416643364
2023-09-13,149874.23466643365
2023-09-14,150172.60466643365
2023-09-15,149579.51146643364
2023-09-18,149978.14672643362
2023-09-19,149978.14672643362
2023-09-20,149978.14672643362
2023-09-21,149978.14672643362
2023-09-22,149978.14672643362
2023-09-25,149978.14672643362
2023-09-26,149978.14672643362
2023-09-27,149978.14672643362
2023-09-28,149978.14672643362
2023-09-29,149978.14672643362
2023-10-02,149978.14672643362
2023-10-03,149978.14672643362
2023-10-04,149978.14672643362
2023-10-05,149978.14672643362
2023-10-06,149978.14672643362
2023-10-09,149978.14672643362
2023-10-10,149978.14672643362
2023-10-11,149978.14672643362
2023-10-12,149978.14672643362
2023-10-13,149978.14672643362
2023-10-16,149978.14672643362
2023-10-17,149978.14672643362
2023-10-18,149978.14672643362
2023-10-19,149978.14672643362
2023-10-20,149978.14672643362
2023-10-23,149978.14672643362
2023-10-24,149978.14672643362
2023-10-25,149978.14672643362
2023-10-26,149978.14672643362
2023-10-27,149161.66229757594
2023-10-30,149328.93229757593
2023-10-31,151442.66463352492
2023-11-01,154048.34178787266
2023-11-02,154872.2440242008
2023-11-03,155987.55246336735
2023-11-06,154866.6483834177
2023-11-07,155096.1839113903
2023-11-08,155225.59093155293
2023-11-09,153603.56637700117
2023-11-10,156283.75682926818
2023-11-13,157272.3028347307
2023-11-14,162563.8028303903
2023-11-15,163224.12966731098
2023-11-16,163899.2875930409
2023-11-17,165328.47851835896
2023-11-20,166674.84190133485
2023-11-21,166053.5455648479
2023-11-22,167096.3659538961
2023-11-24,167895.8984099617
2023-11-27,168981.47981749556
2023-11-28,167205.64911172996
2023-11-29,168546.1976985999
2023-11-30,169955.40767739998
2023-12-01,172040.13764156518
2023-12-04,172151.13481734294
2023-12-05,171072.0403762931
2023-12-06,171299.34815599115
2023-12-07,172897.78010924676
2023-12-08,174055.5161087915
2023-12-11,175495.80169019772
2023-12-12,176411.600772229
2023-12-13,176463.33488072507
2023-12-14,178287.1255007251
2023-12-15,178084.08550072508
2023-12-18,178376.0520007251
2023-12-19,178376.0520007251
2023-12-20,178376.0520007251
2023-12-21,178376.0520007251
2023-12-22,178376.0520007251
2023-12-26,178376.0520007251
2023-12-27,178376.0520007251
2023-12-28,178376.0520007251
2023-12-29,178376.0520007251
2024-01-02,178376.0520007251
2024-01-03,178376.0520007251
2024-01-04,178376.0520007251
2024-01-05,178376.0520007251
2024-01-08,178376.0520007251
2024-01-09,178376.0520007251
2024-01-10,178376.0520007251
2024-01-11,178376.0520007251
2024-01-12,178376.0520007251
2024-01-16,178376.0520007251
2024-01-17,178376.0520007251
2024-01-18,178376.0520007251
2024-01-19,178376.0520007251
2024-01-22,178376.0520007251
2024-01-23,178376.0520007251
2024-01-24,178376.0520007251
2024-01-25,178298.96817306976
2024-01-26,177899.3681730698
2024-01-29,177839.42817306978
2024-01-30,177935.9981730698
2024-01-31,178045.79675022408
2024-02-01,178284.84675022407
2024-02-02,179084.7113594425
2024-02-05,178591.50135944254
2024-02-06,177586.01135944252
2024-02-07,178003.44476625614
2024-02-08,177715.52476625616
2024-02-09,178492.57476625615
2024-02-12,178768.12476625614
2024-02-13,177976.04476625615
2024-02-14,178685.17081836035
2024-02-15,180497.77424521407
2024-02-16,181179.41424521405
2024-02-20,179901.88424521408
2024-02-21,179657.34424521407
2024-02-22,182743.98586846056
2024-02-23,183074.53586846055
2024-02-26,182858.32586846052
2024-02-27,183898.26586846056
2024-02-28,182644.76586846058
2024-02-29,183631.41586846055
2024-03-01,185353.76586846058
2024-03-04,186817.81586846057
2024-03-05,187405.08586846053
2024-03-06,189059.56586846054
2024-03-07,190747.89586846056
2024-03-08,189523.03004846058
2024-03-11,187817.42004846054
2024-03-12,190837.47004846053
2024-03-13,191450.18004846055
2024-03-14,190312.78688846054
2024-03-15,189733.11688846056
2024-03-18,191626.72320846055
2024-03-19,192390.80320846057
2024-03-20,193648.00320846055
2024-03-21,193446.1539679796
2024-03-22,193455.68396797962
2024-03-25,195215.4439679796
2024-03-26,194413.61396797962
2024-03-27,193763.5039679796
2024-03-28,193944.23896797962
2024-04-01,194644.6762679796
2024-04-02,194156.6762679796
2024-04-03,194936.0862679796
2024-04-04,193518.5162679796
2024-04-05,193902.68136797962
2024-04-08,193794.95136797964
2024-04-09,193740.23136797964
2024-04-10,193666.70136797964
2024-04-11,194574.71136797962
2024-04-12,193721.4213679796
2024-04-15,193524.7713679796
2024-04-16,193593.1713679796
2024-04-17,192430.29750024417
2024-04-18,191474.59750024416
2024-04-19,190831.91750024416
2024-04-22,191479.86750024417
2024-04-23,192147.30750024415
2024-04-24,192001.6976405247
2024-04-25,192245.2366786009
2024-04-26,193740.90064653676
2024-04-29,193249.28064653676
2024-04-30,190876.84064653673
2024-05-01,190304.17501527423
2024-05-02,190520.06529583535
2024-05-03,191592.05060124618
2024-05-06,193638.20060124615
2024-05-07,195223.8706012462
2024-05-08,194176.34060124616
2024-05-09,195414.12060124616
2024-05-10,195126.64060124615
2024-05-13,194188.28060124617
2024-05-14,194435.01060124615
2024-05-15,197084.53060124617
2024-05-16,195734.45060124618
2024-05-17,196425.69060124617
2024-05-20,196747.01060124618
2024-05-21,196753.82060124615
2024-05-22,195986.82060124617
2024-05-23,193864.22060124617
2024-05-24,194776.65060124616
2024-05-28,192757.6506012462
2024-05-29,190785.46679644618
2024-05-30,192117.70863644616
2024-05-31,193779.00863644617
2024-06-03,193364.98863644616
2024-06-04,192932.32863644615
2024-06-05,194193.64657231793
2024-06-06,193879.6060923179
2024-06-07,194709.9282523179
2024-06-10,197094.0859723179
2024-06-11,197415.0059723179
2024-06-12,198403.1559723179
2024-06-13,199394.93947231787
2024-06-14,199179.83657231793
2024-06-17,199593.5125723179
2024-06-18,199712.77257231792
2024-06-20,198940.0725723179
2024-06-21,198315.4525723179
2024-06-24,197727.3025723179
2024-06-25,198862.7925723179
2024-06-26,198799.6200673079
2024-06-27,199592.06006730787
2024-06-28,199605.4300673079
2024-07-01,198954.02006730787
2024-07-02,198331.3600673079
2024-07-03,197896.85006730788
2024-07-05,197650.77006730787
2024-07-08,198439.07006730788
2024-07-09,198895.1700673079
2024-07-10,198144.13006730788
2024-07-11,198204.12006730787
2024-07-12,198353.47006730788
2024-07-15,199066.8000673079
2024-07-16,199563.65006730787
2024-07-17,197253.69006730788
2024-07-18,196257.3100673079
2024-07-19,193390.25683850786
2024-07-22,193378.75683850786
2024-07-23,194126.25683850786
2024-07-24,193114.25683850786
2024-07-25,191860.75683850786
2024-07-26,192054.74549582248
2024-07-29,192486.95986455996
2024-07-30,191250.16643770627
2024-07-31,192633.18118720525
2024-08-01,188294.18158720524
2024-08-02,184162.7598548766
2024-08-05,181031.2393748766
2024-08-06,181548.43937487662
2024-08-07,180987.4293748766
2024-08-08,182499.9793748766
2024-08-09,182475.2393748766
2024-08-12,182055.1393748766
2024-08-13,182554.51937487657
2024-08-14,182595.7893748766
2024-08-15,183119.6093748766
2024-08-16,183362.64937487658
2024-08-19,183865.9093748766
2024-08-20,182990.07937487657
2024-08-21,183630.4493748766
2024-08-22,183812.6193748766
2024-08-23,185288.64937487658
2024-08-26,185223.37937487662
2024-08-27,184864.6993748766
2024-08-28,184417.9393748766
2024-08-29,184646.1093748766
2024-08-30,185114.93937487662
2024-09-03,183831.3693748766
2024-09-04,183263.1393748766
2024-09-05,182811.3893748766
2024-09-06,182615.77937487658
2024-09-09,183174.7427948766
2024-09-10,183030.1837964766
2024-09-11,183012.7237964766
2024-09-12,183144.4037964766
2024-09-13,183240.0237964766
2024-09-16,183251.6050164766
2024-09-17,183251.6050164766
2024-09-18,183251.6050164766
2024-09-19,183251.6050164766
2024-09-20,183251.6050164766
2024-09-23,183251.6050164766
2024-09-24,183251.6050164766
2024-09-25,183251.6050164766
2024-09-26,182672.56726096556
2024-09-27,182272.72726096556
2024-09-30,181636.00726096556
2024-10-01,180899.98985296558
2024-10-02,180899.98985296558
2024-10-03,180899.98985296558
2024-10-04,180899.98985296558
2024-10-07,180899.98985296558
2024-10-08,180899.98985296558
2024-10-09,180899.98985296558
2024-10-10,180899.98985296558
2024-10-11,180899.98985296558
2024-10-14,180899.98985296558
2024-10-15,180899.98985296558
2024-10-16,180899.98985296558
2024-10-17,180899.98985296558
2024-10-18,181793.76229785534
2024-10-21,181709.03229785536
2024-10-22,181658.71229785535
2024-10-23,181646.2525583764
2024-10-24,181917.81039404776
2024-10-25,180932.13612551067
2024-10-28,181225.89612551068
2024-10-29,182132.19602531023
2024-10-30,182221.14323255172
2024-10-31,179971.29720474998
2024-11-01,179185.4096850368
2024-11-04,179783.07067305705
2024-11-05,182337.2601684554
2024-11-06,188169.56817087642
2024-11-07,188429.4446799647
2024-11-08,190964.64969536473
2024-11-11,192704.95321672078
2024-11-12,192077.81524367715
2024-11-13,191946.745775878
2024-11-14,190964.8848129675
2024-11-15,188350.27235458966
2024-11-18,190445.88840038836
2024-11-19,190983.4229500075
2024-11-20,192204.84600309082
2024-11-21,193862.66755928204
2024-11-22,195523.70761822473
2024-11-25,196181.0861795624
2024-11-26,197686.4432429385
2024-11-27,197064.97880799632
2024-11-29,197884.67287437918
2024-12-02,197729.53722723023
2024-12-03,196889.5621170462
2024-12-04,198102.90664374075
2024-12-05,197075.66454374077
2024-12-06,197022.74958374078
2024-12-09,195458.21676374075
2024-12-10,194877.90676374076
2024-12-11,195342.91420374077
2024-12-12,195504.96042374082
2024-12-13,195504.96042374082
2024-12-16,195504.96042374082
2024-12-17,195504.96042374082
2024-12-18,195504.96042374082
2024-12-19,195504.96042374082
2024-12-20,195504.96042374082
2024-12-23,195504.96042374082
2024-12-24,195504.96042374082
2024-12-26,195504.96042374082
2024-12-27,195504.96042374082
2024-12-30,195504.96042374082
2024-12-31,195504.96042374082
2025-01-02,195504.96042374082
2025-01-03,195504.96042374082
2025-01-06,195504.96042374082
2025-01-07,195504.96042374082
2025-01-08,195504.96042374082
2025-01-09,195504.96042374082
2025-01-10,195504.96042374082
2025-01-13,195504.96042374082
2025-01-14,195504.96042374082
2025-01-15,195504.96042374082
2025-01-16,195504.96042374082
2025-01-17,195504.96042374082
2025-01-21,195504.96042374082
2025-01-22,195504.96042374082
2025-01-23,195504.96042374082
2025-01-24,195504.96042374082
2025-01-27,195504.96042374082
2025-01-28,195504.96042374082
2025-01-29,195504.96042374082
2025-01-30,195504.96042374082
2025-01-31,195504.96042374082
2025-02-03,195504.96042374082
2025-02-04,195504.96042374082
2025-02-05,195504.96042374082
2025-02-06,194933.1014457849
2025-02-07,194354.5014457849
2025-02-10,192997.63899938492
2025-02-11,192997.63899938492
2025-02-12,192997.63899938492
2025-02-13,194416.00613365346
2025-02-14,194721.0381176214
2025-02-18,192262.71811762144
2025-02-19,191995.4881176214
2025-02-20,190175.16279442143
2025-02-21,188154.5627944214
2025-02-24,188642.3627944214
2025-02-25,188313.7627944214
2025-02-26,188071.0563815958
2025-02-27,186932.35638159578
2025-02-28,187684.15638159576
2025-03-03,186646.85542159577
2025-03-04,186412.05542159578
2025-03-05,187374.6554215958
2025-03-06,185830.85542159577
2025-03-07,185747.35313702666
2025-03-10,183711.34649702662
2025-03-11,184139.20649702664
2025-03-12,184433.56649702665
2025-03-13,184027.03649702665
2025-03-14,184714.45649702664
2025-03-17,184773.19649702663
2025-03-18,184453.42649702664
2025-03-19,184844.92649702664
2025-03-20,184568.05649702664
2025-03-21,184720.33649702664
2025-03-24,184975.84649702665
2025-03-25,185028.13649702663
2025-03-26,184561.72649702663
2025-03-27,184619.6613066459
2025-03-28,183710.30130664588
2025-03-31,184202.31108664587
2025-04-01,184432.35108664588
2025-04-02,184727.0510866459
2025-04-03,183669.8310866459
2025-04-04,181093.31108664587
2025-04-07,180676.0404866459
2025-04-08,180632.6104866459
2025-04-09,182034.4904866459
2025-04-10,181907.23048664592
2025-04-11,182241.5404866459
2025-04-14,182603.1204866459
2025-04-15,182459.70048664592
2025-04-16,182108.2204866459
2025-04-17,182213.26048664592
2025-04-21,181672.9104866459
2025-04-22,182221.3404866459
2025-04-23,182408.1904866459
2025-04-24,182616.2504866459
2025-04-25,182479.9004866459
2025-04-28,182467.7804866459
2025-04-29,182566.76048664592
2025-04-30,183219.102270213
2025-05-01,182761.2421700126
2025-05-02,183478.05940448155
2025-05-05,183288.19940448157
2025-05-06,183409.92940448155
2025-05-07,184063.68940448156
2025-05-08,184182.24940448155
2025-05-09,184216.23192448157
2025-05-12,185543.0019244816
2025-05-13,185958.83192448158
2025-05-14,185744.99192448158
2025-05-15,186810.989780193
2025-05-16,186936.409780193
2025-05-19,187588.889780193
2025-05-20,186899.399780193
2025-05-21,185896.059780193
2025-05-22,186375.00978019298
2025-05-23,186682.18669402064
2025-05-27,188584.76669402065
2025-05-28,188322.12669402067
2025-05-29,188518.54669402062
2025-05-30,188493.32669402065
2025-06-02,189321.22669402068
2025-06-03,189711.25669402065
2025-06-04,190231.15669402067
2025-06-05,190429.75669402065
2025-06-06,191497.44669402065
2025-06-09,191253.87669402064
2025-06-10,190458.92669402066
2025-06-11,189643.78669402064
2025-06-12,190088.09735402063
2025-06-13,189279.00271402067
2025-06-16,190239.42923402067
2025-06-17,190127.76923402067
2025-06-18,190291.49923402068
2025-06-20,190571.89923402068
2025-06-23,191090.9192340207
2025-06-24,191307.0492340207
2025-06-25,191441.38923402067
2025-06-26,191925.42923402067
2025-06-27,191811.40923402068
2025-06-30,192183.09319402068
2025-07-01,192118.93319402068
2025-07-02,192071.65319402068
2025-07-03,192127.17319402067
2025-07-07,192150.93319402068
2025-07-08,192133.89319402067
2025-07-09,192026.45975402067
2025-07-10,192026.45975402067
2025-07-11,192026.45975402067
2025-07-14,192026.45975402067
2025-07-15,192026.45975402067
2025-07-16,192026.45975402067
2025-07-17,192026.45975402067
2025-07-18,191580.41931313887
2025-07-21,190948.8393131389
2025-07-22,191239.3693131389
2025-07-23,191873.95931313888
2025-07-24,192486.3854454034
2025-07-25,193063.73544540344
2025-07-28,193091.97544540343
2025-07-29,192919.62544540342
2025-07-30,192637.09815081424
2025-07-31,191706.59815081424
2025-08-01,189894.946587688
2025-08-04,192223.166587688
2025-08-05,193034.5984113353
2025-08-06,193612.3316578283
2025-08-07,192878.8301545442
2025-08-08,193266.51850290145
2025-08-11,190594.76683349744
2025-08-12,192719.2724803625
2025-08-13,192541.3554428578
2025-08-14,190673.83572034424
2025-08-15,189055.8333121824
2025-08-18,190242.29821773292
2025-08-19,187615.2004363562
2025-08-20,186648.31534906846
2025-08-21,186214.34041938966
2025-08-22,190516.25476234668
2025-08-25,190511.34837776623
2025-08-26,190591.1812654753
2025-08-27,191011.9434253004
2025-08-28,191436.0648570683
2025-08-29,190589.77853706828
2025-09-02,189518.8985370683
2025-09-03,187828.40621706832
2025-09-04,189789.87621706832
2025-09-05,189025.8156970683
2025-09-08,188455.75569706832
2025-09-09,187456.9356970683
2025-09-10,189002.41569706833
2025-09-11,190736.27493706835
2025-09-12,189756.14493706834
2025-09-15,189422.20967706834
2025-09-16,190609.2096770683
2025-09-17,190517.44967706833
2025-09-18,190676.01179706832
2025-09-19,190206.94939706833
2025-09-22,190293.2061570683
2025-09-23,190293.2061570683
2025-09-24,190293.2061570683
2025-09-25,190293.2061570683
2025-09-26,190293.2061570683
2025-09-29,190293.2061570683
2025-09-30,190293.2061570683
2025-10-01,190293.2061570683
2025-10-02,190293.2061570683
2025-10-03,190293.2061570683
2025-10-06,190293.2061570683
2025-10-07,190293.2061570683
2025-10-08,190293.2061570683
2025-10-09,190293.2061570683
2025-10-10,190293.2061570683
2025-10-13,190293.2061570683
2025-10-14,190293.2061570683
2025-10-15,190293.2061570683
2025-10-16,190293.2061570683
2025-10-17,190293.2061570683
2025-10-20,190293.2061570683
2025-10-21,190293.2061570683
2025-10-22,190293.2061570683
2025-10-23,191047.75010496413
2025-10-24,190508.3501049641
2025-10-27,191057.05010496412
2025-10-28,190557.77010496412
2025-10-29,190976.88010496413
2025-10-30,190934.8901049641
2025-10-31,190918.68010496412
2025-11-03,190945.0401049641
2025-11-04,190780.49010496412
2025-11-05,190951.9801049641
2025-11-06,190849.90010496412
2025-11-07,191501.69010496413
2025-11-10,192443.12010496412
2025-11-11,192981.94010496413
2025-11-12,193232.62010496412
2025-11-13,192471.02010496412
2025-11-14,191756.86010496411
2025-11-17,191373.16010496413
2025-11-18,190980.11010496411
2025-11-19,191018.55010496412
2025-11-20,190151.02010496412
2025-11-21,190532.2901049641
2025-11-24,191530.01010496414
2025-11-25,192286.01010496414
2025-11-26,192357.96010496412
2025-11-28,192684.38010496413
2025-12-01,192157.99010496412
2025-12-02,192170.94010496413
2025-12-03,191693.26010496414
2025-12-04,191626.62010496412
2025-12-05,191478.0621049641
